model|input_count|cleaned_count|transferred|issue_percentage
Well|38541|9887|9842|0.45514311722463846
PointID|Table|Field|Error
AR-0049|WellData|UnknownField|[{'type': 'value_error', 'loc': (), 'msg': 'Value error, well casing depth must be less than or equal to hole depth', 'input': {'location_id': 0, 'name': 'AR-0049', 'first_visit_date': datetime.date(2015, 8, 20), 'hole_depth': 49.0, 'well_depth': 49.0, 'well_casing_diameter': 6.959999999999999, 'well_casing_depth': 51.0, 'release_status': 'public', 'measuring_point_height': 0.13, 'measuring_point_description': 'TOC', 'notes': [], 'well_completion_date': '2002-03-03 00:00:00.000', 'well_driller_name': 'William Hargis', 'well_construction_method': 'Air-Rotary', 'well_pump_type': 'Submersible', 'is_suitable_for_datalogger': False}, 'ctx': {'error': ValueError('well casing depth must be less than or equal to hole depth')}, 'url': 'https://errors.pydantic.dev/2.11/v/value_error'}]
AR-0120|WellData|UnknownField|"[{'type': 'value_error', 'loc': (), 'msg': 'Value error, well casing depth must be less than or equal to hole depth', 'input': {'location_id': 0, 'name': 'AR-0120', 'first_visit_date': datetime.date(2015, 11, 9), 'hole_depth': 27.0, 'well_depth': 27.0, 'well_casing_diameter': 6.0, 'well_casing_depth': 29.0, 'release_status': 'public', 'measuring_point_height': 2.05, 'measuring_point_description': 'TOC; cap is split', 'notes': [{'content': 'Call for appointment. If Williams are not home, they can arrange to have someone there.', 'note_type': 'Other'}], 'well_completion_date': '1995-06-02 00:00:00.000', 'well_driller_name': ""McDonald's Well Drilling"", 'well_construction_method': 'Cable-tool', 'well_pump_type': 'Submersible', 'is_suitable_for_datalogger': False}, 'ctx': {'error': ValueError('well casing depth must be less than or equal to hole depth')}, 'url': 'https://errors.pydantic.dev/2.11/v/value_error'}]"
AR-0177|WellData|UnknownField|"[{'type': 'value_error', 'loc': (), 'msg': 'Value error, well casing depth must be less than or equal to hole depth', 'input': {'location_id': 0, 'name': 'AR-0177', 'first_visit_date': datetime.date(2015, 11, 9), 'hole_depth': 27.0, 'well_depth': 27.0, 'well_casing_diameter': 6.0, 'well_casing_depth': 29.0, 'release_status': 'public', 'measuring_point_height': None, 'measuring_point_description': None, 'notes': [], 'well_completion_date': '1995-06-02 00:00:00.000', 'well_driller_name': ""McDonald's Well Drilling"", 'well_construction_method': 'Cable-tool', 'well_pump_type': None, 'is_suitable_for_datalogger': False}, 'ctx': {'error': ValueError('well casing depth must be less than or equal to hole depth')}, 'url': 'https://errors.pydantic.dev/2.11/v/value_error'}]"
AS-066|WellData|UnknownField|"[{'type': 'value_error', 'loc': (), 'msg': 'Value error, well casing depth must be less than or equal to hole depth', 'input': {'location_id': 0, 'name': 'AS-066', 'first_visit_date': datetime.date(2014, 6, 10), 'hole_depth': 232.0, 'well_depth': 232.0, 'well_casing_diameter': 4.5600000000000005, 'well_casing_depth': 323.0, 'release_status': 'public', 'measuring_point_height': 0.0, 'measuring_point_description': ""MP Hgt from report w/water levels reported bgs. Actual MP hgt may not be 0.0'."", 'notes': [], 'well_completion_date': '1995-10-05 00:00:00.000', 'well_driller_name': 'J.H. Mahoney Construction', 'well_construction_method': 'Air-Rotary', 'well_pump_type': None, 'is_suitable_for_datalogger': False}, 'ctx': {'error': ValueError('well casing depth must be less than or equal to hole depth')}, 'url': 'https://errors.pydantic.dev/2.11/v/value_error'}]"
EB-244|WellData|Unknown|Unknown lexicon value: LU_ConstructionMethod: H
EB-244|WellData|UnknownField|"[{'type': 'enum', 'loc': ('well_construction_method',), 'msg': ""Input should be 'Air-Rotary', 'Bored or augered', 'Cable-tool', 'Hydraulic rotary (mud or water)', 'Air percussion', 'Reverse rotary', 'Driven' or 'Other (explain in notes)'"", 'input': 'Unknown', 'ctx': {'expected': ""'Air-Rotary', 'Bored or augered', 'Cable-tool', 'Hydraulic rotary (mud or water)', 'Air percussion', 'Reverse rotary', 'Driven' or 'Other (explain in notes)'""}, 'url': 'https://errors.pydantic.dev/2.11/v/enum'}]"
EB-316|WellData|UnknownField|[{'type': 'value_error', 'loc': (), 'msg': 'Value error, well casing depth must be less than or equal to hole depth', 'input': {'location_id': 0, 'name': 'EB-316', 'first_visit_date': datetime.date(2004, 2, 10), 'hole_depth': 8.0, 'well_depth': 8.0, 'well_casing_diameter': 4.5, 'well_casing_depth': 180.0, 'release_status': 'public', 'measuring_point_height': -1.0, 'measuring_point_description': 'TOC; floor of well house @ hole in concrete', 'notes': [], 'well_completion_date': '2007-10-04 00:00:00.000', 'well_driller_name': None, 'well_construction_method': None, 'well_pump_type': None, 'is_suitable_for_datalogger': False}, 'ctx': {'error': ValueError('well casing depth must be less than or equal to hole depth')}, 'url': 'https://errors.pydantic.dev/2.11/v/value_error'}]
EB-346|WellData|Unknown|Unknown lexicon value: LU_ConstructionMethod:AH
EB-346|WellData|UnknownField|"[{'type': 'enum', 'loc': ('well_construction_method',), 'msg': ""Input should be 'Air-Rotary', 'Bored or augered', 'Cable-tool', 'Hydraulic rotary (mud or water)', 'Air percussion', 'Reverse rotary', 'Driven' or 'Other (explain in notes)'"", 'input': 'Unknown', 'ctx': {'expected': ""'Air-Rotary', 'Bored or augered', 'Cable-tool', 'Hydraulic rotary (mud or water)', 'Air percussion', 'Reverse rotary', 'Driven' or 'Other (explain in notes)'""}, 'url': 'https://errors.pydantic.dev/2.11/v/enum'}]"
EB-363|WellData|UnknownField|"[{'type': 'value_error', 'loc': (), 'msg': 'Value error, well casing depth must be less than or equal to hole depth', 'input': {'location_id': 0, 'name': 'EB-363', 'first_visit_date': datetime.date(2004, 6, 10), 'hole_depth': 170.0, 'well_depth': 170.0, 'well_casing_diameter': 3.96, 'well_casing_depth': 175.0, 'release_status': 'public', 'measuring_point_height': 4.2, 'measuring_point_description': ""Top of inner discharge pipe. We got an mp of 4.2' when we visited, however all WWTP measurements use 5.5'."", 'notes': [], 'well_completion_date': '1990-05-08 00:00:00.000', 'well_driller_name': 'G&H Drilling', 'well_construction_method': 'Hydraulic rotary (mud or water)', 'well_pump_type': None, 'is_suitable_for_datalogger': False}, 'ctx': {'error': ValueError('well casing depth must be less than or equal to hole depth')}, 'url': 'https://errors.pydantic.dev/2.11/v/value_error'}]"
EB-509|WellData|UnknownField|[{'type': 'value_error', 'loc': (), 'msg': 'Value error, well depth must be less than than or equal to hole depth', 'input': {'location_id': 0, 'name': 'EB-509', 'first_visit_date': datetime.date(2005, 4, 21), 'hole_depth': 270.0, 'well_depth': 272.0, 'well_casing_diameter': 6.6000000000000005, 'well_casing_depth': 271.0, 'release_status': 'public', 'measuring_point_height': 1.7, 'measuring_point_description': 'TOC', 'notes': [], 'well_completion_date': '1974-09-04 00:00:00.000', 'well_driller_name': 'NMSHD', 'well_construction_method': 'Hydraulic rotary (mud or water)', 'well_pump_type': None, 'is_suitable_for_datalogger': False}, 'ctx': {'error': ValueError('well depth must be less than than or equal to hole depth')}, 'url': 'https://errors.pydantic.dev/2.11/v/value_error'}]
EB-581|WellData|Unknown|Unknown lexicon value: LU_AquiferType:8
EB-594|WellData|UnknownField|[{'type': 'value_error', 'loc': (), 'msg': 'Value error, well depth must be less than than or equal to hole depth', 'input': {'location_id': 0, 'name': 'EB-594', 'first_visit_date': datetime.date(2005, 5, 26), 'hole_depth': 860.0, 'well_depth': 864.0, 'well_casing_diameter': 5.5200000000000005, 'well_casing_depth': 860.0, 'release_status': 'public', 'measuring_point_height': 1.0, 'measuring_point_description': 'TOC', 'notes': [{'content': 'MP Height estimated', 'note_type': 'Other'}], 'well_completion_date': '1993-09-29 00:00:00.000', 'well_driller_name': 'High Country Drlg', 'well_construction_method': 'Hydraulic rotary (mud or water)', 'well_pump_type': None, 'is_suitable_for_datalogger': False}, 'ctx': {'error': ValueError('well depth must be less than than or equal to hole depth')}, 'url': 'https://errors.pydantic.dev/2.11/v/value_error'}]
EB-614|WellData|UnknownField|[{'type': 'value_error', 'loc': (), 'msg': 'Value error, well casing depth must be less than or equal to hole depth', 'input': {'location_id': 0, 'name': 'EB-614', 'first_visit_date': datetime.date(2014, 4, 3), 'hole_depth': 90.0, 'well_depth': 90.0, 'well_casing_diameter': None, 'well_casing_depth': 95.0, 'release_status': 'public', 'measuring_point_height': 0.0, 'measuring_point_description': None, 'notes': [], 'well_completion_date': None, 'well_driller_name': None, 'well_construction_method': None, 'well_pump_type': None, 'is_suitable_for_datalogger': False}, 'ctx': {'error': ValueError('well casing depth must be less than or equal to hole depth')}, 'url': 'https://errors.pydantic.dev/2.11/v/value_error'}]
ED-0002|WellData|Unknown|Unknown lexicon value: LU_CurrentUse: 
GT-010|WellData|UnknownField|[{'type': 'value_error', 'loc': (), 'msg': 'Value error, well depth must be less than than or equal to hole depth', 'input': {'location_id': 0, 'name': 'GT-010', 'first_visit_date': datetime.date(2013, 11, 22), 'hole_depth': 5400.0, 'well_depth': 5650.0, 'well_casing_diameter': 168.0, 'well_casing_depth': 4100.0, 'release_status': 'public', 'measuring_point_height': None, 'measuring_point_description': None, 'notes': [], 'well_completion_date': '2013-11-27 00:00:00.000', 'well_driller_name': 'Aztec', 'well_construction_method': None, 'well_pump_type': None, 'is_suitable_for_datalogger': False}, 'ctx': {'error': ValueError('well depth must be less than than or equal to hole depth')}, 'url': 'https://errors.pydantic.dev/2.11/v/value_error'}]
HS-020|WellData|UnknownField|[{'type': 'value_error', 'loc': (), 'msg': 'Value error, well casing depth must be less than or equal to hole depth', 'input': {'location_id': 0, 'name': 'HS-020', 'first_visit_date': datetime.date(2012, 10, 26), 'hole_depth': 38.0, 'well_depth': 38.0, 'well_casing_diameter': 6.999999600000001, 'well_casing_depth': 40.0, 'release_status': 'public', 'measuring_point_height': 1.2, 'measuring_point_description': 'Top of steel casing', 'notes': [{'content': 'Good location for temperature datalogger for Shari and datalogger.', 'note_type': 'Other'}], 'well_completion_date': '2006-08-04 00:00:00.000', 'well_driller_name': 'Henderson, David', 'well_construction_method': 'Cable-tool', 'well_pump_type': None, 'is_suitable_for_datalogger': False}, 'ctx': {'error': ValueError('well casing depth must be less than or equal to hole depth')}, 'url': 'https://errors.pydantic.dev/2.11/v/value_error'}]
HS-060|WellData|UnknownField|[{'type': 'value_error', 'loc': (), 'msg': 'Value error, well casing depth must be less than or equal to hole depth', 'input': {'location_id': 0, 'name': 'HS-060', 'first_visit_date': datetime.date(2012, 12, 18), 'hole_depth': 8.0, 'well_depth': 8.0, 'well_casing_diameter': 9.959999999999999, 'well_casing_depth': 36.0, 'release_status': 'public', 'measuring_point_height': 0.0, 'measuring_point_description': 'Ground surface', 'notes': [], 'well_completion_date': '1944-12-20 00:00:00.000', 'well_driller_name': 'Cook, George', 'well_construction_method': None, 'well_pump_type': None, 'is_suitable_for_datalogger': True}, 'ctx': {'error': ValueError('well casing depth must be less than or equal to hole depth')}, 'url': 'https://errors.pydantic.dev/2.11/v/value_error'}]
HS-072|WellData|UnknownField|[{'type': 'value_error', 'loc': (), 'msg': 'Value error, well depth must be less than than or equal to hole depth', 'input': {'location_id': 0, 'name': 'HS-072', 'first_visit_date': datetime.date(2013, 2, 19), 'hole_depth': 79.0, 'well_depth': 219.0, 'well_casing_diameter': 6.0, 'well_casing_depth': 162.0, 'release_status': 'public', 'measuring_point_height': 1.0, 'measuring_point_description': 'TOC; southern-most opening', 'notes': [], 'well_completion_date': '1949-11-10 00:00:00.000', 'well_driller_name': 'Johnson Drilling Co.', 'well_construction_method': None, 'well_pump_type': None, 'is_suitable_for_datalogger': False}, 'ctx': {'error': ValueError('well depth must be less than than or equal to hole depth')}, 'url': 'https://errors.pydantic.dev/2.11/v/value_error'}]
MG-036|WellData|UnknownField|[{'type': 'value_error', 'loc': (), 'msg': 'Value error, well casing depth must be less than or equal to hole depth', 'input': {'location_id': 0, 'name': 'MG-036', 'first_visit_date': datetime.date(2013, 6, 25), 'hole_depth': 420.0, 'well_depth': 420.0, 'well_casing_diameter': 5.04, 'well_casing_depth': 440.0, 'release_status': 'public', 'measuring_point_height': 2.0, 'measuring_point_description': 'TOC', 'notes': [{'content': 'Well seems to be used constantly. Tried to measure again 3/13/14, but pumping with house work going on. Use barn well instead.', 'note_type': 'Other'}], 'well_completion_date': '2004-05-20 00:00:00.000', 'well_driller_name': 'Gallup Well Drilling', 'well_construction_method': 'Air-Rotary', 'well_pump_type': None, 'is_suitable_for_datalogger': False}, 'ctx': {'error': ValueError('well casing depth must be less than or equal to hole depth')}, 'url': 'https://errors.pydantic.dev/2.11/v/value_error'}]
NM-00904|WellData|UnknownField|[{'type': 'date_from_datetime_inexact', 'loc': ('well_completion_date',), 'msg': 'Datetimes provided to dates should have zero time - e.g. be exact dates', 'input': '1973-12-31 14:15:00.000', 'url': 'https://errors.pydantic.dev/2.11/v/date_from_datetime_inexact'}]
NM-02018|WellData|UnknownField|[{'type': 'value_error', 'loc': (), 'msg': 'Value error, well casing depth must be less than or equal to hole depth', 'input': {'location_id': 0, 'name': 'NM-02018', 'first_visit_date': datetime.date(2014, 10, 17), 'hole_depth': 150.0, 'well_depth': 150.0, 'well_casing_diameter': 15.600000000000001, 'well_casing_depth': 152.0, 'release_status': 'private', 'measuring_point_height': 1.7, 'measuring_point_description': 'Opening at base of turbine. (USGS WLs reported bgs.)', 'notes': [], 'well_completion_date': '1950-04-15 00:00:00.000', 'well_driller_name': 'McBee Drilling', 'well_construction_method': None, 'well_pump_type': None, 'is_suitable_for_datalogger': False}, 'ctx': {'error': ValueError('well casing depth must be less than or equal to hole depth')}, 'url': 'https://errors.pydantic.dev/2.11/v/value_error'}]
NM-23288|WellData|UnknownField|[{'type': 'value_error', 'loc': (), 'msg': 'Value error, well casing depth must be less than or equal to hole depth', 'input': {'location_id': 0, 'name': 'NM-23288', 'first_visit_date': datetime.date(2015, 1, 27), 'hole_depth': 220.0, 'well_depth': 220.0, 'well_casing_diameter': 6.959999999999999, 'well_casing_depth': 240.0, 'release_status': 'public', 'measuring_point_height': 0.5, 'measuring_point_description': 'USGS WLs reported bgs. HOA @ MP hgt', 'notes': [], 'well_completion_date': '2001-05-03 00:00:00.000', 'well_driller_name': 'Earl & Sons', 'well_construction_method': 'Driven', 'well_pump_type': None, 'is_suitable_for_datalogger': False}, 'ctx': {'error': ValueError('well casing depth must be less than or equal to hole depth')}, 'url': 'https://errors.pydantic.dev/2.11/v/value_error'}]
NM-23353|WellData|UnknownField|[{'type': 'value_error', 'loc': (), 'msg': 'Value error, well casing depth must be less than or equal to hole depth', 'input': {'location_id': 0, 'name': 'NM-23353', 'first_visit_date': datetime.date(2015, 1, 27), 'hole_depth': 240.0, 'well_depth': 240.0, 'well_casing_diameter': 5.04, 'well_casing_depth': 241.5, 'release_status': 'public', 'measuring_point_height': 1.08, 'measuring_point_description': 'USGS WLs reported bgs. HOA @ MP hgt', 'notes': [], 'well_completion_date': '2003-08-25 00:00:00.000', 'well_driller_name': 'Sandia Well Service, Inc.', 'well_construction_method': 'Air-Rotary', 'well_pump_type': None, 'is_suitable_for_datalogger': False}, 'ctx': {'error': ValueError('well casing depth must be less than or equal to hole depth')}, 'url': 'https://errors.pydantic.dev/2.11/v/value_error'}]
NM-26883|WellData|UnknownField|[{'type': 'value_error', 'loc': (), 'msg': 'Value error, well casing depth must be less than or equal to hole depth', 'input': {'location_id': 0, 'name': 'NM-26883', 'first_visit_date': datetime.date(2015, 2, 26), 'hole_depth': 435.0, 'well_depth': 435.0, 'well_casing_diameter': None, 'well_casing_depth': 535.0, 'release_status': 'public', 'measuring_point_height': 0.0, 'measuring_point_description': 'WLs reported bgs. Entered zero for mp height for calculated fields. Actual MP height may not be zero.', 'notes': [], 'well_completion_date': '1990-10-15 00:00:00.000', 'well_driller_name': 'Sandia Well Drilling', 'well_construction_method': 'Air-Rotary', 'well_pump_type': None, 'is_suitable_for_datalogger': False}, 'ctx': {'error': ValueError('well casing depth must be less than or equal to hole depth')}, 'url': 'https://errors.pydantic.dev/2.11/v/value_error'}]
OG-0095|WellData|UnknownField|[{'type': 'value_error', 'loc': (), 'msg': 'Value error, measuring point height must be less than well casing depth', 'input': {'location_id': 0, 'name': 'OG-0095', 'first_visit_date': datetime.date(2023, 1, 25), 'hole_depth': 362.0, 'well_depth': None, 'well_casing_diameter': None, 'well_casing_depth': 0.55, 'release_status': 'public', 'measuring_point_height': 1.05, 'measuring_point_description': 'top of casing', 'notes': [], 'well_completion_date': '1994-01-01 00:00:00.000', 'well_driller_name': None, 'well_construction_method': None, 'well_pump_type': None, 'is_suitable_for_datalogger': False}, 'ctx': {'error': ValueError('measuring point height must be less than well casing depth')}, 'url': 'https://errors.pydantic.dev/2.11/v/value_error'}]
PP-037|WellData|UnknownField|[{'type': 'value_error', 'loc': (), 'msg': 'Value error, well casing depth must be less than or equal to hole depth', 'input': {'location_id': 0, 'name': 'PP-037', 'first_visit_date': datetime.date(2017, 12, 5), 'hole_depth': 16.0, 'well_depth': 16.0, 'well_casing_diameter': None, 'well_casing_depth': 22.0, 'release_status': 'public', 'measuring_point_height': 0.0, 'measuring_point_description': 'Assume WLs reported bgs. Entered zero for mp height for calculated fields. Actual MP height may not be zero.', 'notes': [], 'well_completion_date': '1960-12-31 00:00:00.000', 'well_driller_name': None, 'well_construction_method': None, 'well_pump_type': None, 'is_suitable_for_datalogger': False}, 'ctx': {'error': ValueError('well casing depth must be less than or equal to hole depth')}, 'url': 'https://errors.pydantic.dev/2.11/v/value_error'}]
QU-003|WellData|UnknownField|[{'type': 'value_error', 'loc': (), 'msg': 'Value error, well casing depth must be less than or equal to hole depth', 'input': {'location_id': 0, 'name': 'QU-003', 'first_visit_date': datetime.date(2012, 6, 22), 'hole_depth': 200.0, 'well_depth': 200.0, 'well_casing_diameter': 6.6000000000000005, 'well_casing_depth': 500.0, 'release_status': 'public', 'measuring_point_height': 1.13, 'measuring_point_description': None, 'notes': [{'content': 'Good location for diver between Cabresto & Guadalupe.', 'note_type': 'Other'}], 'well_completion_date': '1964-07-01 00:00:00.000', 'well_driller_name': None, 'well_construction_method': None, 'well_pump_type': None, 'is_suitable_for_datalogger': False}, 'ctx': {'error': ValueError('well casing depth must be less than or equal to hole depth')}, 'url': 'https://errors.pydantic.dev/2.11/v/value_error'}]
QU-011|WellData|UnknownField|[{'type': 'value_error', 'loc': (), 'msg': 'Value error, well casing depth must be less than or equal to hole depth', 'input': {'location_id': 0, 'name': 'QU-011', 'first_visit_date': datetime.date(2012, 6, 22), 'hole_depth': 114.0, 'well_depth': 114.0, 'well_casing_diameter': 6.6000000000000005, 'well_casing_depth': 136.0, 'release_status': 'public', 'measuring_point_height': 0.81, 'measuring_point_description': 'Top of casing at hash', 'notes': [{'content': 'Call before visiting. Easy access. Very shallow to sand.', 'note_type': 'Other'}], 'well_completion_date': '1964-02-27 00:00:00.000', 'well_driller_name': 'Stinebaugh Drilling Co.', 'well_construction_method': None, 'well_pump_type': None, 'is_suitable_for_datalogger': True}, 'ctx': {'error': ValueError('well casing depth must be less than or equal to hole depth')}, 'url': 'https://errors.pydantic.dev/2.11/v/value_error'}]
QU-034|WellData|UnknownField|[{'type': 'value_error', 'loc': (), 'msg': 'Value error, well casing depth must be less than or equal to hole depth', 'input': {'location_id': 0, 'name': 'QU-034', 'first_visit_date': datetime.date(2012, 7, 24), 'hole_depth': 56.0, 'well_depth': 56.0, 'well_casing_diameter': 6.6000000000000005, 'well_casing_depth': 90.0, 'release_status': 'public', 'measuring_point_height': 0.0, 'measuring_point_description': 'Casing cut at ground', 'notes': [{'content': 'Knock on door; owner is retired and hard of hearing. Gurgling heard in well during measuring.', 'note_type': 'Other'}], 'well_completion_date': '1969-02-15 00:00:00.000', 'well_driller_name': 'Fulkerson, Wesley', 'well_construction_method': None, 'well_pump_type': None, 'is_suitable_for_datalogger': True}, 'ctx': {'error': ValueError('well casing depth must be less than or equal to hole depth')}, 'url': 'https://errors.pydantic.dev/2.11/v/value_error'}]
QY-0288|WellData|UnknownField|[{'type': 'value_error', 'loc': (), 'msg': 'Value error, well casing depth must be less than or equal to hole depth', 'input': {'location_id': 0, 'name': 'QY-0288', 'first_visit_date': datetime.date(2015, 9, 28), 'hole_depth': 350.0, 'well_depth': 350.0, 'well_casing_diameter': 5.0000004, 'well_casing_depth': 360.0, 'release_status': 'public', 'measuring_point_height': 0.0, 'measuring_point_description': 'WLs reported bgs. Entered zero for mp height for calculated fields. Actual MP height may not be zero.', 'notes': [], 'well_completion_date': None, 'well_driller_name': None, 'well_construction_method': None, 'well_pump_type': None, 'is_suitable_for_datalogger': False}, 'ctx': {'error': ValueError('well casing depth must be less than or equal to hole depth')}, 'url': 'https://errors.pydantic.dev/2.11/v/value_error'}]
QY-0726|WellData|UnknownField|[{'type': 'value_error', 'loc': (), 'msg': 'Value error, well casing depth must be less than or equal to hole depth', 'input': {'location_id': 0, 'name': 'QY-0726', 'first_visit_date': datetime.date(2015, 9, 28), 'hole_depth': 124.0, 'well_depth': 124.0, 'well_casing_diameter': 5.0000004, 'well_casing_depth': 140.0, 'release_status': 'public', 'measuring_point_height': 0.0, 'measuring_point_description': 'WLs reported bgs. Entered zero for mp height for calculated fields. Actual MP height may not be zero.', 'notes': [], 'well_completion_date': '1931-01-01 00:00:00.000', 'well_driller_name': 'Kirk, Joe', 'well_construction_method': None, 'well_pump_type': None, 'is_suitable_for_datalogger': False}, 'ctx': {'error': ValueError('well casing depth must be less than or equal to hole depth')}, 'url': 'https://errors.pydantic.dev/2.11/v/value_error'}]
QY-0727|WellData|UnknownField|[{'type': 'value_error', 'loc': (), 'msg': 'Value error, well casing depth must be less than or equal to hole depth', 'input': {'location_id': 0, 'name': 'QY-0727', 'first_visit_date': datetime.date(2015, 9, 28), 'hole_depth': 108.0, 'well_depth': 108.0, 'well_casing_diameter': 5.0000004, 'well_casing_depth': 110.0, 'release_status': 'public', 'measuring_point_height': 0.0, 'measuring_point_description': 'WLs reported bgs. Entered zero for mp height for calculated fields. Actual MP height may not be zero.', 'notes': [], 'well_completion_date': '1945-01-01 00:00:00.000', 'well_driller_name': 'Kirk, Joe', 'well_construction_method': None, 'well_pump_type': None, 'is_suitable_for_datalogger': False}, 'ctx': {'error': ValueError('well casing depth must be less than or equal to hole depth')}, 'url': 'https://errors.pydantic.dev/2.11/v/value_error'}]
QY-0832|WellData|Unknown|Unknown lexicon value: LU_CurrentUse:,
QY-0902|WellData|UnknownField|[{'type': 'value_error', 'loc': (), 'msg': 'Value error, well casing depth must be less than or equal to hole depth', 'input': {'location_id': 0, 'name': 'QY-0902', 'first_visit_date': datetime.date(2015, 9, 28), 'hole_depth': 272.0, 'well_depth': 272.0, 'well_casing_diameter': 5.0000004, 'well_casing_depth': 280.0, 'release_status': 'public', 'measuring_point_height': 0.0, 'measuring_point_description': 'WLs reported bgs. Entered zero for mp height for calculated fields. Actual MP height may not be zero.', 'notes': [], 'well_completion_date': '1950-01-01 00:00:00.000', 'well_driller_name': 'Gillean, R.C.', 'well_construction_method': None, 'well_pump_type': None, 'is_suitable_for_datalogger': False}, 'ctx': {'error': ValueError('well casing depth must be less than or equal to hole depth')}, 'url': 'https://errors.pydantic.dev/2.11/v/value_error'}]
SA-0019|WellData|UnknownField|"[{'type': 'value_error', 'loc': (), 'msg': 'Value error, well casing depth must be less than or equal to hole depth', 'input': {'location_id': 0, 'name': 'SA-0019', 'first_visit_date': datetime.date(2009, 9, 30), 'hole_depth': 120.0, 'well_depth': 120.0, 'well_casing_diameter': 3.9960000000000004, 'well_casing_depth': 350.0, 'release_status': 'public', 'measuring_point_height': 0.3, 'measuring_point_description': '1"" hole in casing marked w/orange paint, RP location is concrete slab (0 ft)', 'notes': [{'content': 'Obstruction at 76 ft, bottom of well?', 'note_type': 'Other'}], 'well_completion_date': '2011-01-17 00:00:00.000', 'well_driller_name': 'Sirman Drilling & Construction', 'well_construction_method': 'Air-Rotary', 'well_pump_type': None, 'is_suitable_for_datalogger': False}, 'ctx': {'error': ValueError('well casing depth must be less than or equal to hole depth')}, 'url': 'https://errors.pydantic.dev/2.11/v/value_error'}]"
SA-0036|WellData|UnknownField|"[{'type': 'value_error', 'loc': (), 'msg': 'Value error, well depth must be less than than or equal to hole depth', 'input': {'location_id': 0, 'name': 'SA-0036', 'first_visit_date': datetime.date(2009, 9, 30), 'hole_depth': 120.0, 'well_depth': 140.0, 'well_casing_diameter': 6.0, 'well_casing_depth': None, 'release_status': 'public', 'measuring_point_height': 0.4, 'measuring_point_description': 'Edge of steel casing marked w/orange paint.', 'notes': [{'content': 'Call in advance. May need to turn off well and let rest at least 15 min. Owners request - DO NOT jack up top plate  - foot valve on bottom of well. Raise 1/2"" w/ crowbar.', 'note_type': 'Other'}], 'well_completion_date': None, 'well_driller_name': None, 'well_construction_method': None, 'well_pump_type': None, 'is_suitable_for_datalogger': False}, 'ctx': {'error': ValueError('well depth must be less than than or equal to hole depth')}, 'url': 'https://errors.pydantic.dev/2.11/v/value_error'}]"
SA-0319|WellData|UnknownField|"[{'type': 'value_error', 'loc': (), 'msg': 'Value error, well casing depth must be less than or equal to hole depth', 'input': {'location_id': 0, 'name': 'SA-0319', 'first_visit_date': datetime.date(2009, 7, 29), 'hole_depth': 65.0, 'well_depth': 65.0, 'well_casing_diameter': 3.96, 'well_casing_depth': 150.0, 'release_status': 'public', 'measuring_point_height': 0.0, 'measuring_point_description': ""Put in MP Hgt of 0.0' so SW elevation would not be blank."", 'notes': [], 'well_completion_date': '2001-11-29 00:00:00.000', 'well_driller_name': 'Mauldin Drilling Company', 'well_construction_method': None, 'well_pump_type': None, 'is_suitable_for_datalogger': False}, 'ctx': {'error': ValueError('well casing depth must be less than or equal to hole depth')}, 'url': 'https://errors.pydantic.dev/2.11/v/value_error'}]"
SAC-0299|WellData|Unknown|Unknown lexicon value: LU_CurrentUse:W
SM-0012|WellData|UnknownField|"[{'type': 'value_error', 'loc': (), 'msg': 'Value error, well casing depth must be less than or equal to hole depth', 'input': {'location_id': 0, 'name': 'SM-0012', 'first_visit_date': datetime.date(2005, 11, 11), 'hole_depth': 355.0, 'well_depth': 355.0, 'well_casing_diameter': 6.0, 'well_casing_depth': 356.0, 'release_status': 'public', 'measuring_point_height': 1.65, 'measuring_point_description': 'TOC. 8 5/8"" steel surface collar; 5"" pvc casing to TD', 'notes': [{'content': 'Anytime.  Must put tape down inner pvc pipe on side away from church (very spotty). Lid requires use of rubber mallet.  Hits cavernous zone and blows air (pull tape out fast). Sonic only. Possibly try again with steel tape?', 'note_type': 'Other'}], 'well_completion_date': '2002-04-02 00:00:00.000', 'well_driller_name': 'Richard Carter', 'well_construction_method': 'Air-Rotary', 'well_pump_type': None, 'is_suitable_for_datalogger': False}, 'ctx': {'error': ValueError('well casing depth must be less than or equal to hole depth')}, 'url': 'https://errors.pydantic.dev/2.11/v/value_error'}]"
SM-0049|WellData|UnknownField|"[{'type': 'value_error', 'loc': (), 'msg': 'Value error, well casing depth must be less than or equal to hole depth', 'input': {'location_id': 0, 'name': 'SM-0049', 'first_visit_date': datetime.date(2005, 11, 11), 'hole_depth': 298.0, 'well_depth': 298.0, 'well_casing_diameter': 6.720000000000001, 'well_casing_depth': 310.0, 'release_status': 'public', 'measuring_point_height': 1.9, 'measuring_point_description': 'TOC (metal casing)', 'notes': [{'content': ""Call to inform him when we'll be out there. Gate to subdivision off of main road often dummy-locked. Gate to house usually locked unless owner notified. November: Logger has 7m of upward range remaining - quickly responds! Watch carefully."", 'note_type': 'Other'}], 'well_completion_date': '1979-05-08 00:00:00.000', 'well_driller_name': 'Braziel Well Drilling', 'well_construction_method': 'Air-Rotary', 'well_pump_type': None, 'is_suitable_for_datalogger': False}, 'ctx': {'error': ValueError('well casing depth must be less than or equal to hole depth')}, 'url': 'https://errors.pydantic.dev/2.11/v/value_error'}]"
SO-0275|WellData|UnknownField|[{'type': 'value_error', 'loc': (), 'msg': 'Value error, measuring point height must be less than hole depth', 'input': {'location_id': 0, 'name': 'SO-0275', 'first_visit_date': datetime.date(2016, 9, 2), 'hole_depth': 1.0, 'well_depth': 1.0, 'well_casing_diameter': None, 'well_casing_depth': None, 'release_status': 'public', 'measuring_point_height': 1.3, 'measuring_point_description': 'TOC', 'notes': [{'content': 'Gate combo to Brown Arroyo transect is 7218 (10/2019).', 'note_type': 'Other'}], 'well_completion_date': None, 'well_driller_name': None, 'well_construction_method': None, 'well_pump_type': None, 'is_suitable_for_datalogger': False}, 'ctx': {'error': ValueError('measuring point height must be less than hole depth')}, 'url': 'https://errors.pydantic.dev/2.11/v/value_error'}]
SV-0012|WellData|UnknownField|[{'type': 'value_error', 'loc': (), 'msg': 'Value error, well depth must be less than than or equal to hole depth', 'input': {'location_id': 0, 'name': 'SV-0012', 'first_visit_date': datetime.date(2016, 7, 29), 'hole_depth': 257.0, 'well_depth': 275.0, 'well_casing_diameter': None, 'well_casing_depth': 190.0, 'release_status': 'private', 'measuring_point_height': 2.17, 'measuring_point_description': None, 'notes': [], 'well_completion_date': '1995-06-19 00:00:00.000', 'well_driller_name': 'Earl & Sons, Inc.', 'well_construction_method': None, 'well_pump_type': None, 'is_suitable_for_datalogger': False}, 'ctx': {'error': ValueError('well depth must be less than than or equal to hole depth')}, 'url': 'https://errors.pydantic.dev/2.11/v/value_error'}]
SV-0125|WellData|UnknownField|[{'type': 'value_error', 'loc': (), 'msg': 'Value error, well casing depth must be less than or equal to hole depth', 'input': {'location_id': 0, 'name': 'SV-0125', 'first_visit_date': datetime.date(2016, 7, 29), 'hole_depth': 375.0, 'well_depth': 375.0, 'well_casing_diameter': 5.5200000000000005, 'well_casing_depth': 380.0, 'release_status': 'private', 'measuring_point_height': 1.67, 'measuring_point_description': None, 'notes': [], 'well_completion_date': '1996-07-27 00:00:00.000', 'well_driller_name': 'Earl & Sons, Inc.', 'well_construction_method': 'Driven', 'well_pump_type': None, 'is_suitable_for_datalogger': False}, 'ctx': {'error': ValueError('well casing depth must be less than or equal to hole depth')}, 'url': 'https://errors.pydantic.dev/2.11/v/value_error'}]
TV-116|WellData|Unknown|Unknown lexicon value: LU_AquiferType:S
TV-180|WellData|Unknown|Unknown lexicon value: LU_AquiferType:S
TV-182|WellData|Unknown|Unknown lexicon value: LU_AquiferType:S
TV-186|WellData|Unknown|Unknown lexicon value: LU_AquiferType:S
TV-191|WellData|Unknown|Unknown lexicon value: LU_AquiferType:S
TV-192|WellData|Unknown|Unknown lexicon value: LU_AquiferType:S
TV-193|WellData|Unknown|Unknown lexicon value: LU_AquiferType:S
TV-207|WellData|Unknown|Unknown lexicon value: LU_ConstructionMethod:AH
TV-207|WellData|UnknownField|"[{'type': 'enum', 'loc': ('well_construction_method',), 'msg': ""Input should be 'Air-Rotary', 'Bored or augered', 'Cable-tool', 'Hydraulic rotary (mud or water)', 'Air percussion', 'Reverse rotary', 'Driven' or 'Other (explain in notes)'"", 'input': 'Unknown', 'ctx': {'expected': ""'Air-Rotary', 'Bored or augered', 'Cable-tool', 'Hydraulic rotary (mud or water)', 'Air percussion', 'Reverse rotary', 'Driven' or 'Other (explain in notes)'""}, 'url': 'https://errors.pydantic.dev/2.11/v/enum'}]"
TV-237|WellData|Unknown|Unknown lexicon value: LU_AquiferType:S
TV-244|WellData|Unknown|Unknown lexicon value: LU_AquiferType:S
TV-252|WellData|Unknown|Unknown lexicon value: LU_AquiferType:S
TV-295|WellData|Unknown|Unknown lexicon value: LU_AquiferType:S
TV-296|WellData|Unknown|Unknown lexicon value: LU_AquiferType:S
TV-302|WellData|Unknown|Unknown lexicon value: LU_AquiferType:S
TV-303|WellData|Unknown|Unknown lexicon value: LU_AquiferType:S
TV-304|WellData|Unknown|Unknown lexicon value: LU_AquiferType:S
UC-0080|WellData|UnknownField|[{'type': 'value_error', 'loc': (), 'msg': 'Value error, well casing depth must be less than or equal to hole depth', 'input': {'location_id': 0, 'name': 'UC-0080', 'first_visit_date': datetime.date(2012, 12, 14), 'hole_depth': 86.0, 'well_depth': 86.0, 'well_casing_diameter': 5.496, 'well_casing_depth': 86.5, 'release_status': 'public', 'measuring_point_height': 1.75, 'measuring_point_description': 'top of casing', 'notes': [], 'well_completion_date': '1990-01-01 00:00:00.000', 'well_driller_name': None, 'well_construction_method': None, 'well_pump_type': None, 'is_suitable_for_datalogger': False}, 'ctx': {'error': ValueError('well casing depth must be less than or equal to hole depth')}, 'url': 'https://errors.pydantic.dev/2.11/v/value_error'}]
WL-0327|WellData|UnknownField|[{'type': 'date_from_datetime_inexact', 'loc': ('well_completion_date',), 'msg': 'Datetimes provided to dates should have zero time - e.g. be exact dates', 'input': '1997-08-07 12:00:00.000', 'url': 'https://errors.pydantic.dev/2.11/v/date_from_datetime_inexact'}]
WL-0328|WellData|UnknownField|[{'type': 'date_from_datetime_inexact', 'loc': ('well_completion_date',), 'msg': 'Datetimes provided to dates should have zero time - e.g. be exact dates', 'input': '2016-03-04 12:00:00.000', 'url': 'https://errors.pydantic.dev/2.11/v/date_from_datetime_inexact'}]
WL-0343|WellData|UnknownField|[{'type': 'date_from_datetime_inexact', 'loc': ('well_completion_date',), 'msg': 'Datetimes provided to dates should have zero time - e.g. be exact dates', 'input': '1987-05-01 01:33:00.000', 'url': 'https://errors.pydantic.dev/2.11/v/date_from_datetime_inexact'}]
WL-0346|WellData|UnknownField|[{'type': 'date_from_datetime_inexact', 'loc': ('well_completion_date',), 'msg': 'Datetimes provided to dates should have zero time - e.g. be exact dates', 'input': '2004-03-31 10:42:00.000', 'url': 'https://errors.pydantic.dev/2.11/v/date_from_datetime_inexact'}]
WL-0347|WellData|UnknownField|[{'type': 'date_from_datetime_inexact', 'loc': ('well_completion_date',), 'msg': 'Datetimes provided to dates should have zero time - e.g. be exact dates', 'input': '1985-10-05 15:28:00.000', 'url': 'https://errors.pydantic.dev/2.11/v/date_from_datetime_inexact'}]
WL-0262|WellData|FormationZone|Unknown formation: 120IRSV/211CRVC
WL-0260|WellData|FormationZone|Unknown formation: 110AVMB/325MDERU
WL-0258|WellData|FormationZone|Unknown formation: 110ALVM/124DMDT
WL-0228|WellData|FormationZone|Unknown formation: 112QTBFpd
WL-0227|WellData|FormationZone|Unknown formation: 112QTBFppm
WL-0216|WellData|FormationZone|Unknown formation: 112QTBFppm
WL-0150|WellData|FormationZone|Unknown formation: 211MENF/211PNLK
WL-0147|WellData|FormationZone|Unknown formation: 110PTODC/112SNTFP
WL-0145|WellData|FormationZone|Unknown formation: 112QTBFppm
WL-0141|WellData|FormationZone|Unknown formation: 112QTBFppm
WL-0140|WellData|FormationZone|Unknown formation: 110PTODC/112SNTFP
WL-0127|WellData|FormationZone|Unknown formation: 112QTBFppm
WL-0126|WellData|FormationZone|Unknown formation: 112QTBFppm
WL-0125|WellData|FormationZone|Unknown formation: 112QTBFppm
WL-0120|WellData|FormationZone|Unknown formation: 112QTBFppm
WL-0105|WellData|FormationZone|Unknown formation: 110GTUN
WL-0102|WellData|FormationZone|Unknown formation: 313GDLP/312OCHO
WL-0101|WellData|FormationZone|Unknown formation: 313GDLP/312OCHO
WL-0100|WellData|FormationZone|Unknown formation: 313GDLP/312OCHO
WL-0092|WellData|FormationZone|Unknown formation: 110AVMB/318YESO
WL-0091|WellData|FormationZone|Unknown formation: 110ALVM/121GILA
WL-0089|WellData|FormationZone|Unknown formation: 110ALVM/121GILA
WL-0088|WellData|FormationZone|Unknown formation: 110ALVM/121GILA
WL-0087|WellData|FormationZone|Unknown formation: 110ALVM/121GILA
WL-0086|WellData|FormationZone|Unknown formation: 110ALVM/121GILA
WL-0083|WellData|FormationZone|Unknown formation: 112QTBFpd
WL-0077|WellData|FormationZone|Unknown formation: 110PTODC/312RSLR
WL-0074|WellData|FormationZone|Unknown formation: 122TSUQdx
WL-0073|WellData|FormationZone|Unknown formation: 122TSUQdx
WL-0068|WellData|FormationZone|Unknown formation: 110ALVM/121GILA
WL-0053|WellData|FormationZone|Unknown formation: 400PREC/320PENN
WL-0037|WellData|FormationZone|Unknown formation: 300YESO/000IRSV
WL-0032|WellData|FormationZone|Unknown formation: 120IRSV/211MENF
WL-0031|WellData|FormationZone|Unknown formation: 211MENF/211PNLK
WL-0030|WellData|FormationZone|Unknown formation: 211MENF/211PNLK
WL-0021|WellData|FormationZone|Unknown formation: 110ALVM/124DMDT
UC-0028|WellData|Unknown|Unknown lexicon value: LU_Depth_CompletionSource:ct137
TV-303|WellData|FormationZone|Unknown formation: 121CHMT/122OJOC
TV-296|WellData|FormationZone|Unknown formation: 112LAMAb
TV-284|WellData|FormationZone|Unknown formation: 112LAMAb/120SRVB
TV-280|WellData|FormationZone|Unknown formation: 112LAMAb/120SRVB
TV-279|WellData|FormationZone|Unknown formation: 120SRVBf/112LAMAb
TV-276|WellData|FormationZone|Unknown formation: 112LAMAb/121CHMT
TV-274|WellData|FormationZone|Unknown formation: 121CHMT/122CRTO
TV-265|WellData|FormationZone|Unknown formation: 123PICS/110AVMB
TV-263|WellData|FormationZone|Unknown formation: 120SRVB/121CHMT
TV-256|WellData|FormationZone|Unknown formation: 112LAMAb/120SRVB
TV-255|WellData|FormationZone|Unknown formation: 120SRVBf/112LAMAb
TV-248|WellData|FormationZone|Unknown formation: 112LAMAb
TV-247|WellData|FormationZone|Unknown formation: 112LAMA/110AVMB
TV-240|WellData|FormationZone|Unknown formation: 120SRVB/112LAMAb
TV-239|WellData|FormationZone|Unknown formation: 112LAMA/121CHMT
TV-233|WellData|FormationZone|Unknown formation: 112LAMAb/120SRVB
TV-231|WellData|FormationZone|Unknown formation: 120SRVBf
TV-230|WellData|FormationZone|Unknown formation: 410PRCQf
TV-227|WellData|FormationZone|Unknown formation: 112LAMAb
TV-219|WellData|FormationZone|Unknown formation: 122OJOC/122CRTO
TV-216|WellData|FormationZone|Unknown formation: 123PICSc
TV-206|WellData|FormationZone|Unknown formation: 123PICSc
TV-199|WellData|FormationZone|Unknown formation: 120SRVBf
TV-198|WellData|FormationZone|Unknown formation: 120SRVB/112LAMAb
TV-197|WellData|FormationZone|Unknown formation: 112LAMAb/120SRVB
TV-196|WellData|FormationZone|Unknown formation: 120SRVB/112LAMAb
TV-195|WellData|FormationZone|Unknown formation: 120SRVBf
TV-192|WellData|FormationZone|Unknown formation: 112LAMA/120SRVB
TV-185|WellData|FormationZone|Unknown formation: 112LAMAb
TV-180|WellData|FormationZone|Unknown formation: 112LAMAb/121CHMT
TV-174|WellData|FormationZone|Unknown formation: 112LAMAb
TV-173|WellData|FormationZone|Unknown formation: 112LAMAb
TV-171|WellData|FormationZone|Unknown formation: 122CRTO/122OJOC
TV-168|WellData|FormationZone|Unknown formation: 110AVMB/120SRVB
TV-166|WellData|FormationZone|Unknown formation: 112LAMAb/120SRVB
TV-165|WellData|FormationZone|Unknown formation: 120SRVBf
TV-164|WellData|FormationZone|Unknown formation: 120SRVBf
TV-159|WellData|FormationZone|Unknown formation: 120SRVBf
TV-155|WellData|FormationZone|Unknown formation: 120SRVB/112LAMAb
TV-154|WellData|FormationZone|Unknown formation: 112LAMA/110AVMB
TV-153|WellData|FormationZone|Unknown formation: 112LAMA/121CHMT
TV-152|WellData|FormationZone|Unknown formation: 122OJOC/121CHMT
TV-147|WellData|FormationZone|Unknown formation: 112LAMA/120SRVB
TV-145|WellData|FormationZone|Unknown formation: 110AVMB/112LAMA
TV-143|WellData|FormationZone|Unknown formation: 120SRVB/112LAMAb
TV-142|WellData|FormationZone|Unknown formation: 112LAMA/121CHMT
TV-140|WellData|FormationZone|Unknown formation: 112LAMA/120SRVB
TV-139|WellData|FormationZone|Unknown formation: 112LAMAb/120SRVB
TV-138|WellData|FormationZone|Unknown formation: 112LAMA/120SRVB
TV-137|WellData|FormationZone|Unknown formation: 120SRVB/112LAMAb
TV-136|WellData|FormationZone|Unknown formation: 112LAMAb
TV-135|WellData|FormationZone|Unknown formation: 112LAMA/110AVMB
TV-134|WellData|FormationZone|Unknown formation: 410PRCQf
TV-129|WellData|FormationZone|Unknown formation: 410PRCGf
TV-126|WellData|FormationZone|Unknown formation: 410PRCG/123PICS
TV-124|WellData|FormationZone|Unknown formation: 112LAMAb
TV-123|WellData|FormationZone|Unknown formation: 112LAMAb
TV-121|WellData|FormationZone|Unknown formation: 112LAMAb/120SRVB
TV-108|WellData|FormationZone|Unknown formation: 112LAMAb
TV-100|WellData|FormationZone|Unknown formation: 123PICSc
TC-316|WellData|FormationZone|Unknown formation: 120SRVB/110PTODC
TB-0250|WellData|FormationZone|Unknown formation: 180TKSCC_Upper
TB-0249|WellData|FormationZone|Unknown formation: 180TKSCC_Upper
TB-0243|WellData|FormationZone|Unknown formation: 210GLUPC_Lower
TB-0242|WellData|FormationZone|Unknown formation: 210GLUPC_Lower
TB-0241|WellData|FormationZone|Unknown formation: 120TSBV_Lower
TB-0240|WellData|FormationZone|Unknown formation: 120TSBV_Upper
TB-0239|WellData|FormationZone|Unknown formation: 180TKSCC_Upper
TB-0238|WellData|FormationZone|Unknown formation: 120TSBV_Lower
TB-0237|WellData|FormationZone|Unknown formation: 120TSBV_Lower
TB-0236|WellData|FormationZone|Unknown formation: 120TSBV_Upper
TB-0235|WellData|FormationZone|Unknown formation: 120TSBV_Lower
TB-0234|WellData|FormationZone|Unknown formation: 120TSBV_Lower
TB-0233|WellData|FormationZone|Unknown formation: 120TSBV_Lower
TB-0232|WellData|FormationZone|Unknown formation: 180TKSCC_Upper
TB-0231|WellData|FormationZone|Unknown formation: 120TSBV_Upper
TB-0230|WellData|FormationZone|Unknown formation: 120TSBV_Lower
TB-0229|WellData|FormationZone|Unknown formation: 180TKSCC_Upper
TB-0228|WellData|FormationZone|Unknown formation: 120TSBV_Upper
TB-0227|WellData|FormationZone|Unknown formation: 120TSBV_Upper
TB-0226|WellData|FormationZone|Unknown formation: 120TSBV_Upper
TB-0225|WellData|FormationZone|Unknown formation: 120TSBV_Lower
TB-0224|WellData|FormationZone|Unknown formation: 120TSBV_Lower
TB-0223|WellData|FormationZone|Unknown formation: 120TSBV_Lower
TB-0222|WellData|FormationZone|Unknown formation: 120TSBV_Upper
TB-0221|WellData|FormationZone|Unknown formation: 180TKSCC_Upper
TB-0220|WellData|FormationZone|Unknown formation: 180TKSCC_Upper
TB-0219|WellData|FormationZone|Unknown formation: 180TKSCC_Upper
TB-0218|WellData|FormationZone|Unknown formation: 180TKSCC_Upper
TB-0217|WellData|FormationZone|Unknown formation: 210GLUPC_Lower
TB-0216|WellData|FormationZone|Unknown formation: 180TKSCC_Upper
TB-0214|WellData|FormationZone|Unknown formation: 120TSBV_Lower
TB-0211|WellData|FormationZone|Unknown formation: 180TKSCC_Upper
TB-0209|WellData|FormationZone|Unknown formation: 210GLUPC_Lower
TB-0207|WellData|FormationZone|Unknown formation: 210GLUPC_Lower
TB-0206|WellData|FormationZone|Unknown formation: 210GLUPC_Lower
TB-0200|WellData|FormationZone|Unknown formation: 120TSBV_Lower
TB-0199|WellData|FormationZone|Unknown formation: 120TSBV_Upper
TB-0198|WellData|FormationZone|Unknown formation: 120TSBV_Upper
TB-0197|WellData|FormationZone|Unknown formation: 180TKSCC_Upper
TB-0196|WellData|FormationZone|Unknown formation: 180TKSCC_Upper
TB-0195|WellData|FormationZone|Unknown formation: 180TKSCC_Upper
TB-0194|WellData|FormationZone|Unknown formation: 120TSBV_Upper
TB-0193|WellData|FormationZone|Unknown formation: 120TSBV_Upper
TB-0192|WellData|FormationZone|Unknown formation: 180TKSCC_Upper
TB-0189|WellData|FormationZone|Unknown formation: 180TKSCC_Upper
TB-0187|WellData|FormationZone|Unknown formation: 210GLUPC_Lower
TB-0186|WellData|FormationZone|Unknown formation: 180TKSCC_Upper
TB-0185|WellData|FormationZone|Unknown formation: 180TKSCC_Upper
TB-0184|WellData|FormationZone|Unknown formation: 180TKSCC_Upper
TB-0183|WellData|FormationZone|Unknown formation: 180TKSCC_Upper
TB-0182|WellData|FormationZone|Unknown formation: 180TKSCC_Upper
TB-0181|WellData|FormationZone|Unknown formation: 180TKSCC_Upper
TB-0180|WellData|FormationZone|Unknown formation: 180TKSCC_Upper
TB-0179|WellData|FormationZone|Unknown formation: 180TKSCC_Upper
TB-0173|WellData|FormationZone|Unknown formation: 210GLUPC_Lower
TB-0172|WellData|FormationZone|Unknown formation: 210GLUPC_Lower
TB-0171|WellData|FormationZone|Unknown formation: 180TKSCC_Upper
TB-0170|WellData|FormationZone|Unknown formation: 120TSBV_Upper
TB-0169|WellData|FormationZone|Unknown formation: 120TSBV_Upper
TB-0168|WellData|FormationZone|Unknown formation: 120TSBV_Upper
TB-0165|WellData|FormationZone|Unknown formation: 120TSBV_Upper
TB-0162|WellData|FormationZone|Unknown formation: 120TSBV_Upper
TB-0160|WellData|FormationZone|Unknown formation: 210GLUPC_Lower
TB-0159|WellData|FormationZone|Unknown formation: 210GLUPC_Lower
TB-0158|WellData|FormationZone|Unknown formation: 180TKSCC_Upper
TB-0156|WellData|FormationZone|Unknown formation: 120TSBV_Upper
TB-0154|WellData|FormationZone|Unknown formation: 120TSBV_Upper
TB-0153|WellData|FormationZone|Unknown formation: 180TKSCC_Upper
TB-0152|WellData|FormationZone|Unknown formation: 120TSBV_Lower
TB-0151|WellData|FormationZone|Unknown formation: 120TSBV_Lower
TB-0150|WellData|FormationZone|Unknown formation: 120TSBV_Lower
TB-0149|WellData|FormationZone|Unknown formation: 180TKSCC_Upper
TB-0148|WellData|FormationZone|Unknown formation: 180TKSCC_Upper
TB-0147|WellData|FormationZone|Unknown formation: 180TKSCC_Upper
TB-0146|WellData|FormationZone|Unknown formation: 180TKSCC_Upper
TB-0145|WellData|FormationZone|Unknown formation: 120TSBV_Lower
TB-0144|WellData|FormationZone|Unknown formation: 120TSBV_Lower
TB-0143|WellData|FormationZone|Unknown formation: 180TKSCC_Upper
TB-0133|WellData|FormationZone|Unknown formation: 180TKSCC_Upper
TB-0132|WellData|FormationZone|Unknown formation: 180TKSCC_Upper
TB-0130|WellData|FormationZone|Unknown formation: 180TKSCC_Upper
TB-0129|WellData|FormationZone|Unknown formation: 180TKSCC_Upper
TB-0126|WellData|FormationZone|Unknown formation: 180TKSCC_Upper
TB-0125|WellData|FormationZone|Unknown formation: 180TKSCC_Upper
TB-0124|WellData|FormationZone|Unknown formation: 180TKSCC_Upper
TB-0123|WellData|FormationZone|Unknown formation: 180TKSCC_Upper
TB-0122|WellData|FormationZone|Unknown formation: 180TKSCC_Upper
TB-0121|WellData|FormationZone|Unknown formation: 180TKSCC_Upper
TB-0120|WellData|FormationZone|Unknown formation: 180TKSCC_Upper
TB-0119|WellData|FormationZone|Unknown formation: 180TKSCC_Upper
TB-0118|WellData|FormationZone|Unknown formation: 210GLUPC_Lower
TB-0116|WellData|FormationZone|Unknown formation: 210GLUPC_Lower
TB-0115|WellData|FormationZone|Unknown formation: 210GLUPC_Lower
TB-0114|WellData|FormationZone|Unknown formation: 210GLUPC_Lower
TB-0113|WellData|FormationZone|Unknown formation: 210GLUPC_Lower
TB-0112|WellData|FormationZone|Unknown formation: 210GLUPC_Lower
TB-0111|WellData|FormationZone|Unknown formation: 210GLUPC_Lower
TB-0107|WellData|FormationZone|Unknown formation: 210GLUPC_Lower
TB-0106|WellData|FormationZone|Unknown formation: 210GLUPC_Lower
TB-0105|WellData|FormationZone|Unknown formation: 120TSBV_Upper
TB-0104|WellData|FormationZone|Unknown formation: 120TSBV_Upper
TB-0101|WellData|FormationZone|Unknown formation: 210GLUPC_Lower
TB-0100|WellData|FormationZone|Unknown formation: 210GLUPC_Lower
TB-0099|WellData|FormationZone|Unknown formation: 180TKSCC_Upper
TB-0098|WellData|FormationZone|Unknown formation: 180TKSCC_Upper
TB-0097|WellData|FormationZone|Unknown formation: 180TKSCC_Upper
TB-0096|WellData|FormationZone|Unknown formation: 180TKSCC_Upper
TB-0095|WellData|FormationZone|Unknown formation: 180TKSCC_Upper
TB-0094|WellData|FormationZone|Unknown formation: 180TKSCC_Upper
TB-0093|WellData|FormationZone|Unknown formation: 180TKSCC_Upper
TB-0070|WellData|FormationZone|Unknown formation: 120TSBV_Lower
TB-0069|WellData|FormationZone|Unknown formation: 180TKSCC_Upper
TB-0053|WellData|FormationZone|Unknown formation: 120TSBV_Lower
TB-0052|WellData|FormationZone|Unknown formation: 180TKSCC_Upper
TB-0052|WellData|Unknown|Unknown lexicon value: LU_Depth_CompletionSource:C
TB-0051|WellData|FormationZone|Unknown formation: 180TKSCC_Upper
TB-0050|WellData|FormationZone|Unknown formation: 180TKSCC_Upper
TB-0043|WellData|FormationZone|Unknown formation: 120TSBV_Lower
TB-0042|WellData|FormationZone|Unknown formation: 120TSBV_Lower
TB-0041|WellData|FormationZone|Unknown formation: 180TKSCC_Upper
TB-0038|WellData|FormationZone|Unknown formation: 180TKSCC_Upper
TB-0023|WellData|FormationZone|Unknown formation: 210GLUPC_Lower
TB-0022|WellData|FormationZone|Unknown formation: 180TKSCC_Upper
TB-0021|WellData|FormationZone|Unknown formation: 120TSBV_Lower
TB-0012|WellData|FormationZone|Unknown formation: 180TKSCC_Upper
SV-0120|WellData|FormationZone|Unknown formation: 325MDER/310ABO
SV-0037|WellData|FormationZone|Unknown formation: 325MDER/310ABO
SV-0036|WellData|FormationZone|Unknown formation: 325MDER/310ABO
SV-0034|WellData|FormationZone|Unknown formation: 325MDER/400SAND
SV-0032|WellData|FormationZone|Unknown formation: 320SNDI/400SAND
SO-0096|WellData|FormationZone|Unknown formation: 310MBLC/310ABO
SO-0095|WellData|FormationZone|Unknown formation: 110ALVM/310MBLC
SM-0261|WellData|FormationZone|Unknown formation: 110ALVM/300YESO
SM-0260|WellData|FormationZone|Unknown formation: 110ALVM/300YESO
SM-0243|WellData|FormationZone|Unknown formation: 300YESO_upper
SM-0240|WellData|FormationZone|Unknown formation: 300YESO_upper
SM-0239|WellData|FormationZone|Unknown formation: 300YESO_upper
SM-0231|WellData|FormationZone|Unknown formation: 300YESO_upper
SM-0230|WellData|FormationZone|Unknown formation: 300YESO_upper
SM-0223|WellData|FormationZone|Unknown formation: 260SNAN/300YESO
SM-0219|WellData|FormationZone|Unknown formation: 260SNAN_lower
SM-0218|WellData|FormationZone|Unknown formation: 300YESO_upper
SM-0217|WellData|FormationZone|Unknown formation: 260SNAN_lower
SM-0197|WellData|FormationZone|Unknown formation: 260SNAN/300YESO
SM-0190|WellData|FormationZone|Unknown formation: 300YESO_upper
SM-0185|WellData|FormationZone|Unknown formation: 260SNAN/300YESO
SM-0183|WellData|FormationZone|Unknown formation: 260SNAN/300YESO
SM-0177|WellData|FormationZone|Unknown formation: 260SNAN_lower
SM-0174|WellData|FormationZone|Unknown formation: 260SNAN_lower
SM-0173|WellData|FormationZone|Unknown formation: 300YESO_upper
SM-0172|WellData|FormationZone|Unknown formation: 300YESO_upper
SM-0171|WellData|FormationZone|Unknown formation: 260SNAN/261SNGL
SM-0170|WellData|FormationZone|Unknown formation: 260SNAN_lower
SM-0169|WellData|FormationZone|Unknown formation: 260SNAN/300YESO
SM-0167|WellData|FormationZone|Unknown formation: 260SNAN/300YESO
SM-0164|WellData|FormationZone|Unknown formation: 260SNAN_lower
SM-0163|WellData|FormationZone|Unknown formation: 260SNAN/300YESO
SM-0162|WellData|FormationZone|Unknown formation: 260SNAN/300YESO
SM-0159|WellData|FormationZone|Unknown formation: 260SNAN/300YESO
SM-0158|WellData|FormationZone|Unknown formation: 260SNAN/300YESO
SM-0157|WellData|FormationZone|Unknown formation: 260SNAN/300YESO
SM-0135|WellData|FormationZone|Unknown formation: 260SNAN/300YESO
SM-0134|WellData|FormationZone|Unknown formation: 260SNAN/300YESO
SM-0133|WellData|FormationZone|Unknown formation: 260SNAN/300YESO
SM-0091|WellData|FormationZone|Unknown formation: 300YESO/310ABO
SM-0070|WellData|FormationZone|Unknown formation: 260SNAN/300YESO
SM-0026|WellData|FormationZone|Unknown formation: 110ALVM/300YESO
SM-0007|WellData|FormationZone|Unknown formation: 260SNAN/300YESO
SD-0328|WellData|FormationZone|Unknown formation: 110ALVM/231CHNL
SD-0312|WellData|FormationZone|Unknown formation: 110ALVM/211DKOT
SD-0310|WellData|FormationZone|Unknown formation: 325MDER/310ABO
SD-0308|WellData|FormationZone|Unknown formation: 325MDER/310ABO
SD-0304|WellData|FormationZone|Unknown formation: 325MDER/050QUAL
SD-0298|WellData|FormationZone|Unknown formation: 050QUAL/310ABO
SD-0284|WellData|FormationZone|Unknown formation: 221TDLT/220ENRD/231CHNL
SD-0283|WellData|FormationZone|Unknown formation: 231CHNL/221TDLT/220ENRD
SD-0280|WellData|FormationZone|Unknown formation: 231CHNL/110ALVM
SD-0269|WellData|FormationZone|Unknown formation: 050QUAL/310ABO
SD-0267|WellData|FormationZone|Unknown formation: 313SADR/231SNRS
SD-0264|WellData|FormationZone|Unknown formation: 231CHNL/221TDLT/220ENRD
SD-0263|WellData|FormationZone|Unknown formation: 110ALVM/231CHNL
SD-0262|WellData|FormationZone|Unknown formation: 110ALVM/231CHNL
SD-0255|WellData|FormationZone|Unknown formation: 110ALVM/231SNRS
SD-0239|WellData|FormationZone|Unknown formation: 300YESO/110ALVM
SD-0229|WellData|FormationZone|Unknown formation: 050QUAL/325MDER
SD-0226|WellData|FormationZone|Unknown formation: 050QUAL/325MDER
SD-0225|WellData|FormationZone|Unknown formation: 050QUAL/325MDER
SD-0143|WellData|FormationZone|Unknown formation: 110ALVM/231CHNL
SD-0138|WellData|FormationZone|Unknown formation: 110ALVM/231CHNL
SD-0132|WellData|FormationZone|Unknown formation: 231CHNL/231SNRS
SD-0122|WellData|FormationZone|Unknown formation: 110ALVM/400PREC
SD-0120|WellData|FormationZone|Unknown formation: 110ALVM/400PREC
SD-0108|WellData|FormationZone|Unknown formation: 325MDER/110ALVM
SD-0077|WellData|FormationZone|Unknown formation: 325MDER/110ALVM
SD-0057|WellData|FormationZone|Unknown formation: 110ALVM/325MDER
SD-0049|WellData|FormationZone|Unknown formation: 325MDER/050QUAL
SD-0042|WellData|FormationZone|Unknown formation: 325MDER/050QUAL
SD-0029|WellData|FormationZone|Unknown formation: 325MDER/110ALVM
SAC-0302|WellData|Unknown|Unknown lexicon value: LU_Depth_CompletionSource:OSE
SAC-0300|WellData|Unknown|Unknown lexicon value: LU_Depth_CompletionSource:OSE
SAC-0299|WellData|Unknown|Unknown lexicon value: LU_Status:O
SAC-0295|WellData|Unknown|Unknown lexicon value: LU_Status:O
SAC-0294|WellData|Unknown|Unknown lexicon value: LU_Status:O
SAC-0292|WellData|Unknown|Unknown lexicon value: LU_Status:O
SA-0343|WellData|FormationZone|Unknown formation: 112QTBFppm
SA-0342|WellData|FormationZone|Unknown formation: 112QTBFppm
SA-0341|WellData|FormationZone|Unknown formation: 123DTMGign
SA-0340|WellData|FormationZone|Unknown formation: 112QTBFppm
SA-0339|WellData|FormationZone|Unknown formation: 112QTBFppm
SA-0338|WellData|FormationZone|Unknown formation: 123DTMGign
SA-0337|WellData|FormationZone|Unknown formation: 112QTBFppm
SA-0335|WellData|FormationZone|Unknown formation: 112QTBFppm
SA-0323|WellData|FormationZone|Unknown formation: 112QTBFppm
SA-0322|WellData|FormationZone|Unknown formation: 112QTBFppm
SA-0321|WellData|FormationZone|Unknown formation: 112QTBFppm
SA-0320|WellData|FormationZone|Unknown formation: 112QTBFppm
SA-0318|WellData|FormationZone|Unknown formation: 123DTMGrhydac
SA-0317|WellData|FormationZone|Unknown formation: 123DTMGign
SA-0316|WellData|FormationZone|Unknown formation: 112QTBFppm
SA-0315|WellData|FormationZone|Unknown formation: 112QTBFpd
SA-0313|WellData|FormationZone|Unknown formation: 123DTMGign
SA-0312|WellData|FormationZone|Unknown formation: 123DTMGandbas
SA-0311|WellData|FormationZone|Unknown formation: 123DTMGign
SA-0309|WellData|FormationZone|Unknown formation: 123SPRSmid_uppe
SA-0308|WellData|FormationZone|Unknown formation: 123DTMGign
SA-0307|WellData|FormationZone|Unknown formation: 123DTMGrhydac
SA-0306|WellData|FormationZone|Unknown formation: 123DTMGrhydac
SA-0305|WellData|FormationZone|Unknown formation: 123DTMGrhydac
SA-0304|WellData|FormationZone|Unknown formation: 112QTBFppm
SA-0303|WellData|FormationZone|Unknown formation: 112QTBFppm
SA-0301|WellData|FormationZone|Unknown formation: 112QTBFppm
SA-0238|WellData|FormationZone|Unknown formation: 123SPRSlower
SA-0226|WellData|FormationZone|Unknown formation: 112QTBFppm
SA-0225|WellData|FormationZone|Unknown formation: 112QTBFppm
SA-0224|WellData|FormationZone|Unknown formation: 112QTBFppm
SA-0222|WellData|FormationZone|Unknown formation: 112QTBFppm/123SPRSDTMGlav
SA-0221|WellData|FormationZone|Unknown formation: 112QTBFppm
SA-0220|WellData|FormationZone|Unknown formation: 112QTBFppm
SA-0219|WellData|FormationZone|Unknown formation: 112QTBFppm
SA-0218|WellData|FormationZone|Unknown formation: 112QTBFppm
SA-0217|WellData|FormationZone|Unknown formation: 112QTBFppm
SA-0216|WellData|FormationZone|Unknown formation: 112QTBFpd
SA-0214|WellData|FormationZone|Unknown formation: 112QTBFpd
SA-0214|WellData|Unknown|Unknown lexicon value: LU_Depth_CompletionSource:1
SA-0213|WellData|FormationZone|Unknown formation: 112QTBFpd
SA-0212|WellData|FormationZone|Unknown formation: 112QTBFpd
SA-0211|WellData|FormationZone|Unknown formation: 112QTBFppm
SA-0210|WellData|FormationZone|Unknown formation: 123DTMGign
SA-0209|WellData|FormationZone|Unknown formation: 112QTBFppm
SA-0208|WellData|FormationZone|Unknown formation: 123DTMGign
SA-0207|WellData|FormationZone|Unknown formation: 123DTMGign
SA-0206|WellData|FormationZone|Unknown formation: 123SPRSmid_uppe
SA-0205|WellData|FormationZone|Unknown formation: 123DTMGign
SA-0204|WellData|FormationZone|Unknown formation: 123DTMGandbas
SA-0203|WellData|FormationZone|Unknown formation: 112QTBFppm
SA-0200|WellData|FormationZone|Unknown formation: 123DTMGrhydac
SA-0199|WellData|FormationZone|Unknown formation: 050QUAL/112QTBFppm
SA-0198|WellData|FormationZone|Unknown formation: 050QUAL/112QTBF
SA-0197|WellData|FormationZone|Unknown formation: 050QUAL/112QTBFppm
SA-0196|WellData|FormationZone|Unknown formation: 050QUAL/112QTBFppm
SA-0195|WellData|FormationZone|Unknown formation: 123DTMGign
SA-0192|WellData|FormationZone|Unknown formation: 112QTBFpd
SA-0189|WellData|FormationZone|Unknown formation: 112QTBFppm
SA-0188|WellData|FormationZone|Unknown formation: 112QTBFppm
SA-0184|WellData|FormationZone|Unknown formation: 123DTMGign
SA-0183|WellData|FormationZone|Unknown formation: 123SPRSmid_uppe
SA-0182|WellData|FormationZone|Unknown formation: 123DTMGign
SA-0179|WellData|FormationZone|Unknown formation: 123DTMGrhydac
SA-0178|WellData|FormationZone|Unknown formation: 123DTMGrhydac
SA-0177|WellData|FormationZone|Unknown formation: 123DTMGrhydac
SA-0176|WellData|FormationZone|Unknown formation: 112QTBFppm
SA-0175|WellData|FormationZone|Unknown formation: 112QTBFppm
SA-0174|WellData|FormationZone|Unknown formation: 112QTBFppm
SA-0172|WellData|FormationZone|Unknown formation: 112QTBFppm
SA-0171|WellData|FormationZone|Unknown formation: 112QTBFpd
SA-0170|WellData|FormationZone|Unknown formation: 112QTBFpd
SA-0168|WellData|FormationZone|Unknown formation: 112QTBFppm
SA-0166|WellData|FormationZone|Unknown formation: 123DTMGrhydac
SA-0165|WellData|FormationZone|Unknown formation: 112QTBFppm
SA-0164|WellData|FormationZone|Unknown formation: 123DTMGandbas
SA-0162|WellData|FormationZone|Unknown formation: 123DTMGrhydac
SA-0161|WellData|FormationZone|Unknown formation: 123DTMGign
SA-0151|WellData|FormationZone|Unknown formation: 112QTBFppm
SA-0149|WellData|FormationZone|Unknown formation: 123DTMGandbas
SA-0148|WellData|FormationZone|Unknown formation: 123DTMGrhydac
SA-0147|WellData|FormationZone|Unknown formation: 123DTMGrhydac
SA-0146|WellData|FormationZone|Unknown formation: 123DTMGrhydac
SA-0145|WellData|FormationZone|Unknown formation: 123DTMGrhydac
SA-0140|WellData|FormationZone|Unknown formation: 112QTBFppm
SA-0139|WellData|FormationZone|Unknown formation: 112QTBFppm
SA-0138|WellData|FormationZone|Unknown formation: 112QTBFppm
SA-0137|WellData|FormationZone|Unknown formation: 112QTBFppm
SA-0136|WellData|FormationZone|Unknown formation: 112QTBFppm
SA-0135|WellData|FormationZone|Unknown formation: 112QTBFppm
SA-0134|WellData|FormationZone|Unknown formation: 112QTBFppm
SA-0133|WellData|FormationZone|Unknown formation: 112QTBFppm
SA-0132|WellData|FormationZone|Unknown formation: 112QTBFppm
SA-0131|WellData|FormationZone|Unknown formation: 123DTMGign
SA-0130|WellData|FormationZone|Unknown formation: 123DTMGign
SA-0129|WellData|FormationZone|Unknown formation: 112QTBFppm
SA-0128|WellData|FormationZone|Unknown formation: 112QTBFppm
SA-0127|WellData|FormationZone|Unknown formation: 123DTMGandbas
SA-0126|WellData|FormationZone|Unknown formation: 123DTMGandbas
SA-0123|WellData|FormationZone|Unknown formation: 123DTMGign
SA-0117|WellData|FormationZone|Unknown formation: 123DTMGign
SA-0116|WellData|FormationZone|Unknown formation: 123DTMGign
SA-0115|WellData|FormationZone|Unknown formation: 112QTBFppm
SA-0114|WellData|FormationZone|Unknown formation: 112QTBFppm
SA-0113|WellData|FormationZone|Unknown formation: 123DTMGign
SA-0112|WellData|FormationZone|Unknown formation: 112QTBFppm
SA-0110|WellData|FormationZone|Unknown formation: 112QTBFppm
SA-0109|WellData|FormationZone|Unknown formation: 112QTBFppm
SA-0108|WellData|FormationZone|Unknown formation: 112QTBFpd
SA-0107|WellData|FormationZone|Unknown formation: 112QTBFppm
SA-0106|WellData|FormationZone|Unknown formation: 112QTBFppm
SA-0105|WellData|FormationZone|Unknown formation: 112QTBFppm
SA-0103|WellData|FormationZone|Unknown formation: 112QTBFppm
SA-0102|WellData|FormationZone|Unknown formation: 123DTMGandbas
SA-0101|WellData|FormationZone|Unknown formation: 123DTMGandbas
SA-0087|WellData|FormationZone|Unknown formation: 112QTBFppm
SA-0086|WellData|FormationZone|Unknown formation: 112QTBFppm
SA-0084|WellData|FormationZone|Unknown formation: 112QTBFppm
SA-0082|WellData|FormationZone|Unknown formation: 112QTBFppm
SA-0081|WellData|FormationZone|Unknown formation: 112QTBFppm
SA-0078|WellData|FormationZone|Unknown formation: 112QTBFppm
SA-0077|WellData|FormationZone|Unknown formation: 112QTBFppm
SA-0076|WellData|FormationZone|Unknown formation: 112QTBFppm
SA-0075|WellData|FormationZone|Unknown formation: 112QTBFppm
SA-0073|WellData|FormationZone|Unknown formation: 112QTBFppm
SA-0072|WellData|FormationZone|Unknown formation: 112QTBFpd
SA-0071|WellData|FormationZone|Unknown formation: 112QTBFppm
SA-0068|WellData|FormationZone|Unknown formation: 112QTBFpd
SA-0063|WellData|FormationZone|Unknown formation: 123SPRSlower
SA-0059|WellData|FormationZone|Unknown formation: 123SPRSlower
SA-0057|WellData|FormationZone|Unknown formation: 112QTBFlac
SA-0056|WellData|FormationZone|Unknown formation: 112QTBFlac
SA-0053|WellData|FormationZone|Unknown formation: 112QTBFlac
SA-0051|WellData|FormationZone|Unknown formation: 112QTBFppm/123DTMGign
SA-0050|WellData|FormationZone|Unknown formation: 112QTBF/123DTMGign
SA-0044|WellData|FormationZone|Unknown formation: 112QTBFppm/123DTMGign
SA-0042|WellData|FormationZone|Unknown formation: 123DTMGign
SA-0038|WellData|FormationZone|Unknown formation: 112QTBFppm
SA-0030|WellData|FormationZone|Unknown formation: 112QTBFppm/123DTMGign
SA-0028|WellData|FormationZone|Unknown formation: 112QTBFppm
SA-0018|WellData|FormationZone|Unknown formation: 112QTBFppm
SA-0017|WellData|FormationZone|Unknown formation: 112QTBFppm/123DTMGign
SA-0016|WellData|FormationZone|Unknown formation: 112QTBFppm
SA-0009|WellData|FormationZone|Unknown formation: 112QTBFppm/123DTMGign
SA-0008|WellData|FormationZone|Unknown formation: 112QTBFppm/123DTMGign
SA-0006|WellData|FormationZone|Unknown formation: 123DTMGign
SA-0005|WellData|FormationZone|Unknown formation: 123DTMGign
RA-085|WellData|FormationZone|Unknown formation: 122A
RA-082|WellData|FormationZone|Unknown formation: 122ABQU
RA-067|WellData|FormationZone|Unknown formation: 122TSUQdx
RA-019|WellData|FormationZone|Unknown formation: 122
QY-1011|WellData|FormationZone|Unknown formation: 110AVMB/231CHNL
QY-1006|WellData|FormationZone|Unknown formation: 110ALVM/231CHNL
QY-1001|WellData|FormationZone|Unknown formation: 110ALVM/231CHNL
QY-0998|WellData|FormationZone|Unknown formation: 110AVMB/231CHNL
QY-0980|WellData|FormationZone|Unknown formation: 110AVMB/231CHNL
QY-0972|WellData|FormationZone|Unknown formation: 110ALVM/231CHNL
QY-0950|WellData|FormationZone|Unknown formation: 110AVMB/231CHNL
QY-0926|WellData|FormationZone|Unknown formation: 121OGLL/210CRCS
QY-0924|WellData|FormationZone|Unknown formation: 121OGLL/210CRCS
QY-0923|WellData|FormationZone|Unknown formation: 121OGLL/210CRCS
QY-0922|WellData|FormationZone|Unknown formation: 121OGLL/210CRCS
QY-0921|WellData|FormationZone|Unknown formation: 121OGLL/210CRCS
QY-0917|WellData|FormationZone|Unknown formation: 110ALVM/231CHNL
QY-0907|WellData|FormationZone|Unknown formation: 110ALVM/231CHNL
QY-0906|WellData|FormationZone|Unknown formation: 110ALVM/231CHNL
QY-0864|WellData|FormationZone|Unknown formation: 110ALVM/231CHNL
QY-0846|WellData|FormationZone|Unknown formation: 121OGLL/220ENRD
QY-0843|WellData|FormationZone|Unknown formation: 110ALVM/231CHNL
QY-0787|WellData|FormationZone|Unknown formation: 121OGLL/231CHNL
QY-0768|WellData|FormationZone|Unknown formation: 110ALVM/231CHNL
QY-0670|WellData|FormationZone|Unknown formation: 121OGLL/231CHNL
QY-0609|WellData|FormationZone|Unknown formation: 121OGLL/231CHNL
QY-0557|WellData|FormationZone|Unknown formation: 110ALVM/231CHNL
QY-0556|WellData|FormationZone|Unknown formation: 110ALVM/231CHNL
QY-0553|WellData|FormationZone|Unknown formation: 110ALVM/231CHNL
QY-0552|WellData|FormationZone|Unknown formation: 110ALVM/231CHNL
QY-0549|WellData|FormationZone|Unknown formation: 221MRSN/231CHNL
QY-0548|WellData|FormationZone|Unknown formation: 121OGLL/210CRCS
QY-0547|WellData|FormationZone|Unknown formation: 221MRSN/231CHNL
QY-0543|WellData|FormationZone|Unknown formation: 121OGLL/210CRCS
QY-0525|WellData|FormationZone|Unknown formation: 121OGLL/210CRCS
QY-0524|WellData|FormationZone|Unknown formation: 121OGLL/210CRCS
QY-0523|WellData|FormationZone|Unknown formation: 110ALVM/121OGLL
QY-0522|WellData|FormationZone|Unknown formation: 110ALVM/121OGLL
QY-0490|WellData|FormationZone|Unknown formation: 110ALVM/110AVMB
QY-0489|WellData|FormationZone|Unknown formation: 110ALVM/110AVMB
QY-0487|WellData|FormationZone|Unknown formation: 110ALVM/121OGLL
QY-0483|WellData|FormationZone|Unknown formation: 121OGLL/231SNRS
QY-0469|WellData|FormationZone|Unknown formation: 110AVMB/231SNRS
QY-0468|WellData|FormationZone|Unknown formation: 110AVMB/231SNRS
QY-0463|WellData|FormationZone|Unknown formation: 110AVMB/231SNRS
QY-0462|WellData|FormationZone|Unknown formation: 110AVMB/231SNRS
QY-0461|WellData|FormationZone|Unknown formation: 110AVMB/231SNRS
QY-0457|WellData|FormationZone|Unknown formation: 110AVMB/231SNRS
QY-0450|WellData|FormationZone|Unknown formation: 110ALVM/231SNRS
QY-0436|WellData|FormationZone|Unknown formation: 231CHNL/231SNRS
QY-0431|WellData|FormationZone|Unknown formation: 110AVMB/231SNRS
QY-0426|WellData|FormationZone|Unknown formation: 110ALVM/231CHNL
QY-0415|WellData|FormationZone|Unknown formation: 231CHNL/231SNRS
QY-0411|WellData|FormationZone|Unknown formation: 231CHNL/231SNRS
QY-0410|WellData|FormationZone|Unknown formation: 231CHNL/231SNRS
QY-0408|WellData|FormationZone|Unknown formation: 231CHNL/231SNRS
QY-0407|WellData|FormationZone|Unknown formation: 231CHNL/231SNRS
QY-0406|WellData|FormationZone|Unknown formation: 110ALVM/231CHNL
QY-0405|WellData|FormationZone|Unknown formation: 110ALVM/231CHNL
QY-0404|WellData|FormationZone|Unknown formation: 110ALVM/231CHNL
QY-0403|WellData|FormationZone|Unknown formation: 110ALVM/231CHNL
QY-0402|WellData|FormationZone|Unknown formation: 110ALVM/231CHNL
QY-0396|WellData|FormationZone|Unknown formation: 231CHNL/231SNRS
QY-0395|WellData|FormationZone|Unknown formation: 231CHNL/231SNRS
QY-0271|WellData|FormationZone|Unknown formation: 110ALVM/231CHNL
QY-0264|WellData|FormationZone|Unknown formation: 110ALVM/231CHNL
QY-0251|WellData|FormationZone|Unknown formation: 221MRSN/220ENRD
QY-0236|WellData|FormationZone|Unknown formation: 221MRSN/220ENRD
QY-0234|WellData|FormationZone|Unknown formation: 221MRSN/220ENRD
QY-0231|WellData|FormationZone|Unknown formation: 110AVMB/221MRSN
QY-0230|WellData|FormationZone|Unknown formation: 110AVMB/221MRSN
QY-0225|WellData|FormationZone|Unknown formation: 110AVMB/220ENRD
QY-0218|WellData|FormationZone|Unknown formation: 110AVMB/220ENRD
QY-0217|WellData|FormationZone|Unknown formation: 110AVMB/220ENRD
QY-0201|WellData|FormationZone|Unknown formation: 110AVMB/220ENRD
QY-0200|WellData|FormationZone|Unknown formation: 110AVMB/220ENRD
QY-0199|WellData|FormationZone|Unknown formation: 110AVMB/220ENRD
QY-0185|WellData|FormationZone|Unknown formation: 110AVMB/220ENRD
QY-0184|WellData|FormationZone|Unknown formation: 110AVMB/220ENRD
QY-0183|WellData|FormationZone|Unknown formation: 110AVMB/220ENRD
QY-0182|WellData|FormationZone|Unknown formation: 110AVMB/220ENRD
QY-0181|WellData|FormationZone|Unknown formation: 110AVMB/220ENRD
QY-0180|WellData|FormationZone|Unknown formation: 110AVMB/220ENRD
QY-0167|WellData|FormationZone|Unknown formation: 221MRSN/220ENRD
QY-0161|WellData|FormationZone|Unknown formation: 221MRSN/220ENRD
QY-0158|WellData|FormationZone|Unknown formation: 221MRSN/220ENRD
QY-0146|WellData|FormationZone|Unknown formation: 110AVMB/231CHNL
QY-0115|WellData|FormationZone|Unknown formation: 110ALVM/231CHNL
QY-0083|WellData|FormationZone|Unknown formation: 110AVMB/231CHNL
QY-0053|WellData|FormationZone|Unknown formation: 110AVMB/231CHNL
QY-0052|WellData|FormationZone|Unknown formation: 110AVMB/231CHNL
QY-0028|WellData|FormationZone|Unknown formation: 221MRSN/220ENRD
QY-0025|WellData|FormationZone|Unknown formation: 110AVMB/221MRSN
QY-0015|WellData|FormationZone|Unknown formation: 110AVMB/221MRSN
PP-070|WellData|FormationZone|Unknown formation: 123PICSm
PP-069|WellData|FormationZone|Unknown formation: 123PICSu
PP-068|WellData|FormationZone|Unknown formation: 123PICSm
PP-067|WellData|FormationZone|Unknown formation: 123PICSu
PP-066|WellData|FormationZone|Unknown formation: 123PICSu/123PICSm
PP-065|WellData|FormationZone|Unknown formation: 123PICSu/123PICSm
PP-064|WellData|FormationZone|Unknown formation: 123PICSm
PP-063|WellData|FormationZone|Unknown formation: 123PICSm
PP-062|WellData|FormationZone|Unknown formation: 110ALVM/123PICSu/123PICSm
PP-061|WellData|FormationZone|Unknown formation: 123PICSm
PP-059|WellData|FormationZone|Unknown formation: 123PICSu/123PICSm
PP-057|WellData|FormationZone|Unknown formation: 123PICSm
PP-056|WellData|FormationZone|Unknown formation: 123PICSm
PP-055|WellData|FormationZone|Unknown formation: 122TSUQdx/123PICSu
PP-054|WellData|FormationZone|Unknown formation: 122TSUQdx/123PICSu
PP-053|WellData|FormationZone|Unknown formation: 122TSUQdx
PP-052|WellData|FormationZone|Unknown formation: 123PICSu
PP-051|WellData|FormationZone|Unknown formation: 123PICSmc/123PICSm
PP-050|WellData|FormationZone|Unknown formation: 123PICSu/123PICSmc
PP-049|WellData|FormationZone|Unknown formation: 122TSUQdx/123PICSu
PP-048|WellData|FormationZone|Unknown formation: 123PICSu
PP-047|WellData|FormationZone|Unknown formation: 122TSUQdx
PP-046|WellData|FormationZone|Unknown formation: 122TSUQdx
PP-045|WellData|FormationZone|Unknown formation: 122TSUQdx
PP-044|WellData|FormationZone|Unknown formation: 122TSUQdx
PP-043|WellData|FormationZone|Unknown formation: 122TSUQdx
PP-042|WellData|FormationZone|Unknown formation: 123PICSm
PP-041|WellData|FormationZone|Unknown formation: 123PICSu
PP-040|WellData|FormationZone|Unknown formation: 123PICSu/123PICSm
PP-038|WellData|FormationZone|Unknown formation: 123PICSm
PP-036|WellData|FormationZone|Unknown formation: 123PICSm
PP-035|WellData|FormationZone|Unknown formation: 123PICSmc
PP-033|WellData|FormationZone|Unknown formation: 123PICSu
PP-031|WellData|FormationZone|Unknown formation: 122TSUQdx
PP-030|WellData|FormationZone|Unknown formation: 122TSUQdx
PP-029|WellData|FormationZone|Unknown formation: 123PICSu
PP-028|WellData|FormationZone|Unknown formation: 122TSUQdx/123PICSu
PP-027|WellData|FormationZone|Unknown formation: 123PICSu
PP-026|WellData|FormationZone|Unknown formation: 123PICSu/123PICSm
PP-025|WellData|FormationZone|Unknown formation: 123PICSu
PP-024|WellData|FormationZone|Unknown formation: 123PICSmc
PP-023|WellData|FormationZone|Unknown formation: 123PICSu
PP-022|WellData|FormationZone|Unknown formation: 122TSUQdx/123PICSu
PP-021|WellData|FormationZone|Unknown formation: 123PICSu
PP-020|WellData|FormationZone|Unknown formation: 123PICSu
PP-019|WellData|FormationZone|Unknown formation: 122TSUQdx/123PICSu
PP-017|WellData|FormationZone|Unknown formation: 110ALVM/123PICSm
PP-016|WellData|FormationZone|Unknown formation: 123PICSu
PP-015|WellData|FormationZone|Unknown formation: 123PICSm
PP-014|WellData|FormationZone|Unknown formation: 123PICSu
PP-013|WellData|FormationZone|Unknown formation: 123PICSm
PP-012|WellData|FormationZone|Unknown formation: 122TSUQdx/123PICSu
PP-011|WellData|FormationZone|Unknown formation: 123PICSu
PP-010|WellData|FormationZone|Unknown formation: 123PICSu
PP-009|WellData|FormationZone|Unknown formation: 123PICSu
PP-008|WellData|FormationZone|Unknown formation: 123PICSu
PP-007|WellData|FormationZone|Unknown formation: 123PICSu
PP-006|WellData|FormationZone|Unknown formation: 122TSUQdx/123PICSu
PP-004|WellData|FormationZone|Unknown formation: 123PICSm
PP-002|WellData|FormationZone|Unknown formation: 123PICSm
PP-001|WellData|FormationZone|Unknown formation: 123PICSm
PC-124|WellData|FormationZone|Unknown formation: 112SNTFT
PC-115|WellData|FormationZone|Unknown formation: 112SNTFT
PC-112|WellData|FormationZone|Unknown formation: 112SNTFT
PC-110|WellData|FormationZone|Unknown formation: 112SNTFT
PC-099|WellData|FormationZone|Unknown formation: 112SNTFT
PC-097|WellData|FormationZone|Unknown formation: 211MENFL
PC-096|WellData|FormationZone|Unknown formation: 110AVMB/210MNCSL
PC-085|WellData|FormationZone|Unknown formation: 211MENFL
PC-074|WellData|FormationZone|Unknown formation: 112SNTFT
PC-065|WellData|FormationZone|Unknown formation: 325MDER/318ABO
PC-009|WellData|FormationZone|Unknown formation: 211MENFL
PC-007|WellData|FormationZone|Unknown formation: 211MENFL
NM-26962|WellData|FormationZone|Unknown formation: 221MRSN[RCAP]
NM-26946|WellData|FormationZone|Unknown formation: 211MENFL
NM-26938|WellData|FormationZone|Unknown formation: 318ABO/325MDER
NM-26922|WellData|FormationZone|Unknown formation: 112SNTFT
NM-26904|WellData|FormationZone|Unknown formation: 112SNTFT
NM-26902|WellData|FormationZone|Unknown formation: 318ABO/325MDER
NM-26882|WellData|FormationZone|Unknown formation: 112SNTFA/112SNTFP
NM-26877|WellData|FormationZone|Unknown formation: 123PICSm
NM-26876|WellData|FormationZone|Unknown formation: 122TSUQdx/123PICSu
NM-26874|WellData|FormationZone|Unknown formation: 123PICSu
NM-26873|WellData|FormationZone|Unknown formation: 123PICSmc
NM-26872|WellData|FormationZone|Unknown formation: 123PICSu
NM-26870|WellData|FormationZone|Unknown formation: 122TSUQdx/123PICSu
NM-26869|WellData|FormationZone|Unknown formation: 123PICSu
NM-23666|WellData|FormationZone|Unknown formation: 110PTOD
NM-23665|WellData|FormationZone|Unknown formation: 110PTOD
NM-23664|WellData|FormationZone|Unknown formation: 110PTOD
NM-23662|WellData|FormationZone|Unknown formation: 110PTOD
NM-23639|WellData|FormationZone|Unknown formation: 110PTOD
MI-0293|WellData|FormationZone|Unknown formation: 110AVMB/326MGDL
MI-0290|WellData|FormationZone|Unknown formation: 211DKOT/217PRGR
MI-0289|WellData|FormationZone|Unknown formation: 211DKOT/217PRGR
MI-0286|WellData|FormationZone|Unknown formation: 211DKOT/217PRGR
MI-0285|WellData|FormationZone|Unknown formation: 211DKOT/217PRGR
MI-0283|WellData|FormationZone|Unknown formation: 211DKOT/217PRGR
MI-0282|WellData|FormationZone|Unknown formation: 211DKOT/217PRGR
MI-0281|WellData|FormationZone|Unknown formation: 211GRRS/211DKOT/217PRGR
MI-0256|WellData|FormationZone|Unknown formation: 211DKOT/217PRGR
MI-0254|WellData|FormationZone|Unknown formation: 211DKOT/217PRGR
MI-0253|WellData|FormationZone|Unknown formation: 211DKOT/217PRGR
MI-0252|WellData|FormationZone|Unknown formation: 211DKOT/217PRGR
MI-0248|WellData|FormationZone|Unknown formation: 211DKOT/217PRGR
MI-0247|WellData|FormationZone|Unknown formation: 211DKOT/217PRGR
MI-0245|WellData|FormationZone|Unknown formation: 211GRRS/211DKOT/217PRGR
MI-0244|WellData|FormationZone|Unknown formation: 211GRRS/211DKOT/217PRGR
MI-0243|WellData|FormationZone|Unknown formation: 211GRRS/211DKOT/217PRGR
MI-0240|WellData|FormationZone|Unknown formation: 211DKOT/217PRGR/220ENRD
MI-0238|WellData|FormationZone|Unknown formation: 211GRRG/211DKOT/217PRGR
MI-0230|WellData|FormationZone|Unknown formation: 211DKOT/217PRGR/110AVMB
MI-0229|WellData|FormationZone|Unknown formation: 211DKOT/217PRGR
MI-0227|WellData|FormationZone|Unknown formation: 211DKOT/217PRGR
MI-0226|WellData|FormationZone|Unknown formation: 211DKOT/217PRGR
MI-0225|WellData|FormationZone|Unknown formation: 211DKOT/217PRGR
MI-0223|WellData|FormationZone|Unknown formation: 211DKOT/217PRGR
MI-0222|WellData|FormationZone|Unknown formation: 211DKOT/217PRGR
MI-0218|WellData|FormationZone|Unknown formation: 231CHNL/110AVMB
MI-0211|WellData|FormationZone|Unknown formation: 211DKOT/217PRGR
MI-0210|WellData|FormationZone|Unknown formation: 211DKOT/217PRGR
MI-0209|WellData|FormationZone|Unknown formation: 211DKOT/217PRGR
MI-0208|WellData|FormationZone|Unknown formation: 211DKOT/217PRGR
MI-0207|WellData|FormationZone|Unknown formation: 211DKOT/217PRGR
MI-0206|WellData|FormationZone|Unknown formation: 211DKOT/217PRGR
MI-0205|WellData|FormationZone|Unknown formation: 211DKOT/217PRGR
MI-0204|WellData|FormationZone|Unknown formation: 211DKOT/217PRGR
MI-0203|WellData|FormationZone|Unknown formation: 211DKOT/217PRGR
MI-0201|WellData|FormationZone|Unknown formation: 211DKOT/217PRGR
MI-0200|WellData|FormationZone|Unknown formation: 211DKOT/217PRGR
MI-0199|WellData|FormationZone|Unknown formation: 211DKOT/217PRGR
MI-0198|WellData|FormationZone|Unknown formation: 211DKOT/217PRGR
MI-0196|WellData|FormationZone|Unknown formation: 211DKOT/217PRGR
MI-0195|WellData|FormationZone|Unknown formation: 211DKOT/217PRGR
MI-0191|WellData|FormationZone|Unknown formation: 211GRRS/211DKOT/217PRGR
MI-0190|WellData|FormationZone|Unknown formation: 211GRRS/211DKOT/217PRGR
MI-0183|WellData|FormationZone|Unknown formation: 211DKOT/217PRGR
MI-0182|WellData|FormationZone|Unknown formation: 211DKOT/217PRGR
MI-0152|WellData|FormationZone|Unknown formation: 211DKOT/217PRGR/221MRSN
MI-0151|WellData|FormationZone|Unknown formation: 211DKOT/217PRGR
MI-0150|WellData|FormationZone|Unknown formation: 211DKOT/217PRGR
MI-0149|WellData|FormationZone|Unknown formation: 211DKOT/217PRGR
MI-0148|WellData|FormationZone|Unknown formation: 211DKOT/217PRGR
MI-0147|WellData|FormationZone|Unknown formation: 211DKOT/217PRGR
MI-0146|WellData|FormationZone|Unknown formation: 211DKOT/217PRGR
MI-0145|WellData|FormationZone|Unknown formation: 211DKOT/217PRGR
MI-0144|WellData|FormationZone|Unknown formation: 211DKOT/217PRGR
MI-0143|WellData|FormationZone|Unknown formation: 211DKOT/217PRGR
MI-0142|WellData|FormationZone|Unknown formation: 211DKOT/217PRGR
MI-0141|WellData|FormationZone|Unknown formation: 211DKOT/217PRGR
MI-0140|WellData|FormationZone|Unknown formation: 211DKOT/217PRGR
MI-0139|WellData|FormationZone|Unknown formation: 211DKOT/217PRGR
MI-0135|WellData|FormationZone|Unknown formation: 211DKOT/217PRGR
MI-0134|WellData|FormationZone|Unknown formation: 211DKOT/217PRGR
MI-0133|WellData|FormationZone|Unknown formation: 211DKOT/217PRGR
MI-0132|WellData|FormationZone|Unknown formation: 211DKOT/217PRGR
MI-0124|WellData|FormationZone|Unknown formation: 211DKOT/217PRGR
MI-0123|WellData|FormationZone|Unknown formation: 211DKOT/217PRGR
MI-0099|WellData|FormationZone|Unknown formation: 211DKOT/217PRGR
MG-043|WellData|FormationZone|Unknown formation: 123DTMGign
MG-041|WellData|FormationZone|Unknown formation: 123DTMGign
MG-039|WellData|FormationZone|Unknown formation: 123DTMGign
LC-028|WellData|FormationZone|Unknown formation: 112ANCH/120IRSV
LC-027|WellData|FormationZone|Unknown formation: 121TSUQs/112ANCH
LC-025|WellData|FormationZone|Unknown formation: 112ANCH/110ALVM
LC-011|WellData|FormationZone|Unknown formation: 120IRSV/121TSUQe
LC-010|WellData|FormationZone|Unknown formation: 112ANCH/120IRSV
LC-009|WellData|FormationZone|Unknown formation: 112ANCH/120IRSV
LC-006|WellData|FormationZone|Unknown formation: 112ANCH/120IRSV
ED-0354|WellData|FormationZone|Unknown formation: 312CSTL/312RSLR/110ALVM
ED-0352|WellData|FormationZone|Unknown formation: 312CSTL/312RSLR
ED-0337|WellData|FormationZone|Unknown formation: 312CSTL/312RSLR
ED-0309|WellData|FormationZone|Unknown formation: 110ALVM/312RSLR
ED-0247|WellData|FormationZone|Unknown formation: 110ALVM/312RSLR
ED-0235|WellData|FormationZone|Unknown formation: 110ALVM/312RSLR
ED-0209|WellData|FormationZone|Unknown formation: 110ALVM/312RSLR
ED-0202|WellData|FormationZone|Unknown formation: 110ALVM/313CLBD
ED-0199|WellData|FormationZone|Unknown formation: 313CLBD/312RSLR
ED-0198|WellData|FormationZone|Unknown formation: 313CLBD/312RSLR
ED-0196|WellData|FormationZone|Unknown formation: 313CLBD/312RSLR
ED-0186|WellData|FormationZone|Unknown formation: 312CSTL/312RSLR/313CLBD
ED-0182|WellData|FormationZone|Unknown formation: 312CSTL/312RSLR
ED-0181|WellData|FormationZone|Unknown formation: 312CSTL/312RSLR/313CLBD
ED-0088|WellData|FormationZone|Unknown formation: 110ALVM/313CKBF
EB-691|WellData|FormationZone|Unknown formation: 112ANCH/120IRSV
EB-689|WellData|FormationZone|Unknown formation: 121TSUQs
EB-688|WellData|FormationZone|Unknown formation: 121TSUQs
EB-687|WellData|FormationZone|Unknown formation: 121TSUQs
EB-677|WellData|FormationZone|Unknown formation: 112ANCH/325SAND
EB-675|WellData|FormationZone|Unknown formation: 121TSUQae
EB-674|WellData|FormationZone|Unknown formation: 121TSUQa/400EMBD
EB-673|WellData|FormationZone|Unknown formation: 121TSUQs
EB-672|WellData|FormationZone|Unknown formation: 121TSUQs
EB-671|WellData|FormationZone|Unknown formation: 121TSUQs
EB-668|WellData|FormationZone|Unknown formation: 121TSUQs
EB-667|WellData|FormationZone|Unknown formation: 121TSUQs
EB-666|WellData|FormationZone|Unknown formation: 121TSUQs
EB-665|WellData|FormationZone|Unknown formation: 121TSUQs
EB-664|WellData|FormationZone|Unknown formation: 121TSUQs
EB-663|WellData|FormationZone|Unknown formation: 121TSUQs
EB-662|WellData|FormationZone|Unknown formation: 121TSUQs
EB-661|WellData|FormationZone|Unknown formation: 121TSUQs
EB-660|WellData|FormationZone|Unknown formation: 121TSUQs
EB-659|WellData|FormationZone|Unknown formation: 121TSUQs
EB-658|WellData|FormationZone|Unknown formation: 121TSUQs
EB-655|WellData|FormationZone|Unknown formation: 121TSUQs
EB-651|WellData|FormationZone|Unknown formation: 121TSUQa
EB-650|WellData|FormationZone|Unknown formation: 121TSUQa
EB-649|WellData|FormationZone|Unknown formation: 121TSUQa
EB-646|WellData|FormationZone|Unknown formation: 121TSUQs
EB-645|WellData|FormationZone|Unknown formation: 121TSUQs
EB-643|WellData|FormationZone|Unknown formation: 121TSUQs
EB-642|WellData|FormationZone|Unknown formation: 121TSUQsf
EB-641|WellData|FormationZone|Unknown formation: 121TSUQs
EB-640|WellData|FormationZone|Unknown formation: 112ANCH/123GLST
EB-639|WellData|FormationZone|Unknown formation: 121TSUQsf
EB-638|WellData|FormationZone|Unknown formation: 121TSUQsf
EB-637|WellData|FormationZone|Unknown formation: 121TSUQsf
EB-636|WellData|FormationZone|Unknown formation: 121TSUQsf
EB-635|WellData|FormationZone|Unknown formation: 121TSUQa
EB-634|WellData|FormationZone|Unknown formation: 121TSUQsf
EB-633|WellData|FormationZone|Unknown formation: 121TSUQsf
EB-632|WellData|FormationZone|Unknown formation: 121TSUQsf
EB-631|WellData|FormationZone|Unknown formation: 121TSUQsf
EB-630|WellData|FormationZone|Unknown formation: 121TSUQsf
EB-629|WellData|FormationZone|Unknown formation: 121TSUQsf
EB-628|WellData|FormationZone|Unknown formation: 121TSUQacu
EB-627|WellData|FormationZone|Unknown formation: 121TSUQsa
EB-626|WellData|FormationZone|Unknown formation: 121TSUQsf
EB-625|WellData|FormationZone|Unknown formation: 121TSUQb
EB-619|WellData|FormationZone|Unknown formation: 121TSUQs
EB-617|WellData|FormationZone|Unknown formation: 121TSUQs
EB-615|WellData|FormationZone|Unknown formation: 121TSUQs
EB-611|WellData|FormationZone|Unknown formation: 121TSUQsf
EB-610|WellData|FormationZone|Unknown formation: 121TSUQsf
EB-609|WellData|FormationZone|Unknown formation: 121TSUQsf
EB-608|WellData|FormationZone|Unknown formation: 121TSUQs
EB-607|WellData|FormationZone|Unknown formation: 112ANCH/121TSUQa
EB-606|WellData|FormationZone|Unknown formation: 121TSUQae
EB-604|WellData|FormationZone|Unknown formation: 121TSUQs
EB-603|WellData|FormationZone|Unknown formation: 121TSUQs
EB-602|WellData|FormationZone|Unknown formation: 121TSUQs
EB-601|WellData|FormationZone|Unknown formation: 121TSUQs
EB-600|WellData|FormationZone|Unknown formation: 121TSUQs
EB-599|WellData|FormationZone|Unknown formation: 121TSUQs
EB-598|WellData|FormationZone|Unknown formation: 121TSUQs
EB-597|WellData|FormationZone|Unknown formation: 121TSUQsf
EB-596|WellData|FormationZone|Unknown formation: 121TSUQs
EB-593|WellData|FormationZone|Unknown formation: 121TSUQs
EB-592|WellData|FormationZone|Unknown formation: 121TSUQs
EB-591|WellData|FormationZone|Unknown formation: 121TSUQs
EB-590|WellData|FormationZone|Unknown formation: 121TSUQs
EB-589|WellData|FormationZone|Unknown formation: 121TSUQs
EB-588|WellData|FormationZone|Unknown formation: 121TSUQs
EB-587|WellData|FormationZone|Unknown formation: 121TSUQs
EB-586|WellData|FormationZone|Unknown formation: 121TSUQs
EB-585|WellData|FormationZone|Unknown formation: 121TSUQs
EB-584|WellData|FormationZone|Unknown formation: 121TSUQs
EB-583|WellData|FormationZone|Unknown formation: 121TSUQs
EB-582|WellData|FormationZone|Unknown formation: 121TSUQs
EB-579|WellData|FormationZone|Unknown formation: 121TSUQs
EB-578|WellData|FormationZone|Unknown formation: 121TSUQs
EB-576|WellData|FormationZone|Unknown formation: 121TSUQa
EB-575|WellData|FormationZone|Unknown formation: 121TSUQa
EB-574|WellData|FormationZone|Unknown formation: 112ANCH/123ESPN
EB-573|WellData|FormationZone|Unknown formation: 121TSUQs
EB-572|WellData|FormationZone|Unknown formation: 121TSUQa
EB-570|WellData|FormationZone|Unknown formation: 121TSUQa
EB-569|WellData|FormationZone|Unknown formation: 121TSUQs
EB-568|WellData|FormationZone|Unknown formation: 121TSUQa
EB-567|WellData|FormationZone|Unknown formation: 121TSUQa
EB-566|WellData|FormationZone|Unknown formation: 121TSUQa
EB-565|WellData|FormationZone|Unknown formation: 121TSUQa
EB-564|WellData|FormationZone|Unknown formation: 121TSUQa
EB-563|WellData|FormationZone|Unknown formation: 121TSUQa
EB-562|WellData|FormationZone|Unknown formation: 121TSUQs
EB-561|WellData|FormationZone|Unknown formation: 121TSUQs
EB-560|WellData|FormationZone|Unknown formation: 121TSUQs
EB-559|WellData|FormationZone|Unknown formation: 121TSUQs
EB-558|WellData|FormationZone|Unknown formation: 121TSUQs
EB-557|WellData|FormationZone|Unknown formation: 121TSUQs
EB-556|WellData|FormationZone|Unknown formation: 121TSUQs
EB-555|WellData|FormationZone|Unknown formation: 121TSUQs
EB-554|WellData|FormationZone|Unknown formation: 121TSUQs
EB-553|WellData|FormationZone|Unknown formation: 121TSUQs
EB-552|WellData|FormationZone|Unknown formation: 121TSUQs
EB-551|WellData|FormationZone|Unknown formation: 121TSUQs
EB-550|WellData|FormationZone|Unknown formation: 121TSUQs
EB-549|WellData|FormationZone|Unknown formation: 123ESPN/400EMBD
EB-548|WellData|FormationZone|Unknown formation: 121TSUQs
EB-547|WellData|FormationZone|Unknown formation: 121TSUQs
EB-546|WellData|FormationZone|Unknown formation: 121TSUQs
EB-545|WellData|FormationZone|Unknown formation: 121TSUQs
EB-544|WellData|FormationZone|Unknown formation: 121TSUQs
EB-543|WellData|FormationZone|Unknown formation: 121TSUQbfl
EB-542|WellData|FormationZone|Unknown formation: 121TSUQs
EB-541|WellData|FormationZone|Unknown formation: 121TSUQs
EB-540|WellData|FormationZone|Unknown formation: 121TSUQa
EB-539|WellData|FormationZone|Unknown formation: 112ANCH/121TSUQ
EB-538|WellData|FormationZone|Unknown formation: 121TSUQa
EB-537|WellData|FormationZone|Unknown formation: 121TSUQs
EB-535|WellData|FormationZone|Unknown formation: 121TSUQs
EB-534|WellData|FormationZone|Unknown formation: 110ALVM/210CRCS
EB-531|WellData|FormationZone|Unknown formation: 121TSUQa
EB-530|WellData|FormationZone|Unknown formation: 121TSUQs
EB-529|WellData|FormationZone|Unknown formation: 121TSUQs
EB-528|WellData|FormationZone|Unknown formation: 121TSUQs
EB-525|WellData|FormationZone|Unknown formation: 121TSUQs
EB-523|WellData|FormationZone|Unknown formation: 121TSUQa
EB-522|WellData|FormationZone|Unknown formation: 121TSUQsf
EB-520|WellData|FormationZone|Unknown formation: 121TSUQa
EB-519|WellData|FormationZone|Unknown formation: 121TSUQa
EB-518|WellData|FormationZone|Unknown formation: 121TSUQa
EB-516|WellData|FormationZone|Unknown formation: 121TSUQs
EB-515|WellData|FormationZone|Unknown formation: 121TSUQs
EB-514|WellData|FormationZone|Unknown formation: 121TSUQa
EB-513|WellData|FormationZone|Unknown formation: 121TSUQs
EB-512|WellData|FormationZone|Unknown formation: 121TSUQs
EB-508|WellData|FormationZone|Unknown formation: 121TSUQs
EB-507|WellData|FormationZone|Unknown formation: 121TSUQs
EB-506|WellData|FormationZone|Unknown formation: 121TSUQa
EB-505|WellData|FormationZone|Unknown formation: 121TSUQs
EB-490|WellData|FormationZone|Unknown formation: 121TSUQsf
EB-489|WellData|FormationZone|Unknown formation: 121TSUQacu/121TSUQsf
EB-488|WellData|FormationZone|Unknown formation: 121TSUQsf/121TSUQacu
EB-487|WellData|FormationZone|Unknown formation: 121TSUQsa
EB-486|WellData|FormationZone|Unknown formation: 121TSUQacuf/121TSUQce
EB-485|WellData|FormationZone|Unknown formation: 121CHMTv
EB-484|WellData|FormationZone|Unknown formation: 121CHMTv
EB-483|WellData|FormationZone|Unknown formation: 121TSUQacuf/121TSUQce
EB-482|WellData|FormationZone|Unknown formation: 121TSUQacuf
EB-481|WellData|FormationZone|Unknown formation: 121CHMTv
EB-480|WellData|FormationZone|Unknown formation: 121CHMTv
EB-479|WellData|FormationZone|Unknown formation: 121CHMTv
EB-478|WellData|FormationZone|Unknown formation: 121CHMTv
EB-477|WellData|FormationZone|Unknown formation: 121TSUQs
EB-476|WellData|FormationZone|Unknown formation: 121TSUQs
EB-475|WellData|FormationZone|Unknown formation: 121TSUQs
EB-474|WellData|FormationZone|Unknown formation: 121TSUQs
EB-473|WellData|FormationZone|Unknown formation: 121TSUQs
EB-472|WellData|FormationZone|Unknown formation: 121TSUQs
EB-471|WellData|FormationZone|Unknown formation: 325MDER/400EMBD
EB-470|WellData|FormationZone|Unknown formation: 121TSUQsa
EB-467|WellData|FormationZone|Unknown formation: 121TSUQs
EB-466|WellData|FormationZone|Unknown formation: 121TSUQsf
EB-465|WellData|FormationZone|Unknown formation: 123ESPN/112ANCH
EB-464|WellData|FormationZone|Unknown formation: 121TSUQs
EB-463|WellData|FormationZone|Unknown formation: 121TSUQa
EB-461|WellData|FormationZone|Unknown formation: 318ABO/325MDER
EB-460|WellData|FormationZone|Unknown formation: 112ANCHsr
EB-459|WellData|FormationZone|Unknown formation: 121TSUQs
EB-456|WellData|FormationZone|Unknown formation: 112ANCH/231CHNL
EB-455|WellData|FormationZone|Unknown formation: 121TSUQs
EB-451|WellData|FormationZone|Unknown formation: 121TSUQae
EB-442|WellData|FormationZone|Unknown formation: 121TSUQe
EB-437|WellData|FormationZone|Unknown formation: 121TSUQae
EB-436|WellData|FormationZone|Unknown formation: 121TSUQa/112ANCH
EB-434|WellData|FormationZone|Unknown formation: 121TSUQs
EB-432|WellData|FormationZone|Unknown formation: 121TSUQae
EB-430|WellData|FormationZone|Unknown formation: 121TSUQa
EB-429|WellData|FormationZone|Unknown formation: 121TSUQs
EB-427|WellData|FormationZone|Unknown formation: 121TSUQa
EB-426|WellData|FormationZone|Unknown formation: 121TSUQa/112ANCH
EB-423|WellData|FormationZone|Unknown formation: 121TSUQa/123ESPN
EB-422|WellData|FormationZone|Unknown formation: 121TSUQa/112ANCH
EB-419|WellData|FormationZone|Unknown formation: 121TSUQae
EB-418|WellData|FormationZone|Unknown formation: 112ANCH/121TSUQa
EB-417|WellData|FormationZone|Unknown formation: 121TSUQa
EB-416|WellData|FormationZone|Unknown formation: 121TSUQacuf
EB-415|WellData|FormationZone|Unknown formation: 121TSUQs
EB-410|WellData|FormationZone|Unknown formation: 121TSUQs
EB-409|WellData|FormationZone|Unknown formation: 121TSUQs
EB-408|WellData|FormationZone|Unknown formation: 121TSUQs
EB-407|WellData|FormationZone|Unknown formation: 121TSUQs
EB-406|WellData|FormationZone|Unknown formation: 121TSUQs
EB-400|WellData|FormationZone|Unknown formation: 123ESPN/112ANCH
EB-399|WellData|FormationZone|Unknown formation: 112ANCH/123ESPN
EB-397|WellData|FormationZone|Unknown formation: 112ANCH/123ESPN
EB-393|WellData|FormationZone|Unknown formation: 112ANCH/123ESPN
EB-392|WellData|FormationZone|Unknown formation: 112ANCH/121TSUQ
EB-391|WellData|FormationZone|Unknown formation: 121TSUQs
EB-386|WellData|FormationZone|Unknown formation: 121TSUQsa
EB-385|WellData|FormationZone|Unknown formation: 112ANCH/121TSUQe
EB-382|WellData|FormationZone|Unknown formation: 121TSUQs
EB-380|WellData|FormationZone|Unknown formation: 112ANCH/121TSUQe
EB-379|WellData|FormationZone|Unknown formation: 112ANCH/121TSUQe
EB-376|WellData|FormationZone|Unknown formation: 121TSUQa
EB-375|WellData|FormationZone|Unknown formation: 121TSUQa
EB-374|WellData|FormationZone|Unknown formation: 112ANCH/123ESPN
EB-373|WellData|FormationZone|Unknown formation: 121TSUQs
EB-372|WellData|FormationZone|Unknown formation: 121TSUQs
EB-371|WellData|FormationZone|Unknown formation: 121TSUQs/400EMBD
EB-370|WellData|FormationZone|Unknown formation: 112ANCHsr
EB-369|WellData|FormationZone|Unknown formation: 121TSUQs
EB-368|WellData|FormationZone|Unknown formation: 121TSUQs
EB-367|WellData|FormationZone|Unknown formation: 121TSUQs
EB-364|WellData|FormationZone|Unknown formation: 121TSUQs
EB-361|WellData|FormationZone|Unknown formation: 121TSUQs
EB-360|WellData|FormationZone|Unknown formation: 121TSUQsa
EB-359|WellData|FormationZone|Unknown formation: 121TSUQs
EB-358|WellData|FormationZone|Unknown formation: 121TSUQs
EB-357|WellData|FormationZone|Unknown formation: 121TSUQs
EB-356|WellData|FormationZone|Unknown formation: 121TSUQs
EB-355|WellData|FormationZone|Unknown formation: 121TSUQs
EB-354|WellData|FormationZone|Unknown formation: 121TSUQs
EB-348|WellData|FormationZone|Unknown formation: 112ANCH/123ESPN
EB-338|WellData|FormationZone|Unknown formation: 121TSUQs
EB-337|WellData|FormationZone|Unknown formation: 121TSUQs
EB-336|WellData|FormationZone|Unknown formation: 121TSUQs
EB-331|WellData|FormationZone|Unknown formation: 112ANCH/120IRSV
EB-329|WellData|FormationZone|Unknown formation: 121TSUQs
EB-328|WellData|FormationZone|Unknown formation: 121TSUQs
EB-327|WellData|FormationZone|Unknown formation: 121TSUQs
EB-326|WellData|FormationZone|Unknown formation: 121TSUQs
EB-325|WellData|FormationZone|Unknown formation: 121TSUQs
EB-324|WellData|FormationZone|Unknown formation: 121TSUQs
EB-322|WellData|FormationZone|Unknown formation: 121TSUQs
EB-321|WellData|FormationZone|Unknown formation: 112ANCH/121TSUQs
EB-320|WellData|FormationZone|Unknown formation: 121TSUQs
EB-319|WellData|FormationZone|Unknown formation: 121TSUQs
EB-318|WellData|FormationZone|Unknown formation: 121TSUQs
EB-317|WellData|FormationZone|Unknown formation: 121TSUQs
EB-315|WellData|FormationZone|Unknown formation: 112ANCH/121TSUQ
EB-313|WellData|FormationZone|Unknown formation: 112ANCH/121TSUQ
EB-311|WellData|FormationZone|Unknown formation: 112ANCH/121TSUQe
EB-310|WellData|FormationZone|Unknown formation: 112ANCH/121TSUQs
EB-309|WellData|FormationZone|Unknown formation: 121TSUQs
EB-308|WellData|FormationZone|Unknown formation: 120IRSV/112ANCH
EB-307|WellData|FormationZone|Unknown formation: 120IRSV/121TSUQe
EB-300|WellData|FormationZone|Unknown formation: 121TSUQacuf
EB-299|WellData|FormationZone|Unknown formation: 121TSUQb
EB-298|WellData|FormationZone|Unknown formation: 121TSUQb
EB-297|WellData|FormationZone|Unknown formation: 121TSUQs
EB-296|WellData|FormationZone|Unknown formation: 121TSUQsf
EB-295|WellData|FormationZone|Unknown formation: 121TSUQsf
EB-294|WellData|FormationZone|Unknown formation: 121TSUQs
EB-293|WellData|FormationZone|Unknown formation: 121TSUQs
EB-292|WellData|FormationZone|Unknown formation: 121TSUQsf
EB-291|WellData|FormationZone|Unknown formation: 121TSUQsf
EB-290|WellData|FormationZone|Unknown formation: 121TSUQsf
EB-289|WellData|FormationZone|Unknown formation: 121TSUQs/121TSUQsf
EB-288|WellData|FormationZone|Unknown formation: 121TSUQce/121TSUQb
EB-287|WellData|FormationZone|Unknown formation: 121TSUQs/121TSUQsf
EB-286|WellData|FormationZone|Unknown formation: 121TSUQs/121TSUQsf
EB-285|WellData|FormationZone|Unknown formation: 121TSUQsf/121TSUQs
EB-284|WellData|FormationZone|Unknown formation: 121TSUQs
EB-283|WellData|FormationZone|Unknown formation: 121TSUQs
EB-282|WellData|FormationZone|Unknown formation: 121TSUQs
EB-281|WellData|FormationZone|Unknown formation: 121TSUQs
EB-280|WellData|FormationZone|Unknown formation: 121TSUQs
EB-279|WellData|FormationZone|Unknown formation: 121TSUQs
EB-278|WellData|FormationZone|Unknown formation: 121TSUQs
EB-277|WellData|FormationZone|Unknown formation: 121TSUQs
EB-276|WellData|FormationZone|Unknown formation: 121TSUQs
EB-275|WellData|FormationZone|Unknown formation: 121TSUQs
EB-274|WellData|FormationZone|Unknown formation: 121TSUQs
EB-273|WellData|FormationZone|Unknown formation: 121TSUQsf
EB-272|WellData|FormationZone|Unknown formation: 121TSUQs
EB-271|WellData|FormationZone|Unknown formation: 121TSUQa
EB-270|WellData|FormationZone|Unknown formation: 121CHMTv
EB-269|WellData|FormationZone|Unknown formation: 121CHMTv
EB-268|WellData|FormationZone|Unknown formation: 121CHMTv
EB-267|WellData|FormationZone|Unknown formation: 110ALVM/121CHMTv
EB-266|WellData|FormationZone|Unknown formation: 121CHMTv
EB-265|WellData|FormationZone|Unknown formation: 121CHMTv
EB-264|WellData|FormationZone|Unknown formation: 110ALVM/121CHMTv
EB-263|WellData|FormationZone|Unknown formation: 121CHMTv
EB-262|WellData|FormationZone|Unknown formation: 121CHMTv
EB-261|WellData|FormationZone|Unknown formation: 110ALVM/121CHMTv
EB-260|WellData|FormationZone|Unknown formation: 121CHMTv
EB-259|WellData|FormationZone|Unknown formation: 121TSUQa
EB-258|WellData|FormationZone|Unknown formation: 121TSUQa
EB-257|WellData|FormationZone|Unknown formation: 121TSUQa
EB-256|WellData|FormationZone|Unknown formation: 121TSUQa
EB-255|WellData|FormationZone|Unknown formation: 121TSUQa
EB-254|WellData|FormationZone|Unknown formation: 121TSUQa
EB-253|WellData|FormationZone|Unknown formation: 121TSUQs
EB-252|WellData|FormationZone|Unknown formation: 121TSUQa
EB-251|WellData|FormationZone|Unknown formation: 121TSUQa
EB-250|WellData|FormationZone|Unknown formation: 121TSUQs
EB-249|WellData|FormationZone|Unknown formation: 121TSUQs
EB-248|WellData|FormationZone|Unknown formation: 121TSUQsa
EB-247|WellData|FormationZone|Unknown formation: 121TSUQs
EB-246|WellData|FormationZone|Unknown formation: 121TSUQs
EB-245|WellData|FormationZone|Unknown formation: 121TSUQs
EB-243|WellData|FormationZone|Unknown formation: 121TSUQs
EB-242|WellData|FormationZone|Unknown formation: 121TSUQs
EB-241|WellData|FormationZone|Unknown formation: 121TSUQs
EB-240|WellData|FormationZone|Unknown formation: 121TSUQs
EB-239|WellData|FormationZone|Unknown formation: 121TSUQs
EB-238|WellData|FormationZone|Unknown formation: 121TSUQs
EB-237|WellData|FormationZone|Unknown formation: 121TSUQs
EB-236|WellData|FormationZone|Unknown formation: 121TSUQs
EB-233|WellData|FormationZone|Unknown formation: 121TSUQs
EB-232|WellData|FormationZone|Unknown formation: 121TSUQsa
EB-229|WellData|FormationZone|Unknown formation: 121TSUQs
EB-228|WellData|FormationZone|Unknown formation: 112ANCHsr
EB-227|WellData|FormationZone|Unknown formation: 121TSUQs
EB-226|WellData|FormationZone|Unknown formation: 121TSUQs
EB-225|WellData|FormationZone|Unknown formation: 121TSUQs
EB-224|WellData|FormationZone|Unknown formation: 121TSUQsa
EB-222|WellData|FormationZone|Unknown formation: 112ANCH/121TSUQs
EB-221|WellData|FormationZone|Unknown formation: 112ANCH/121TSUQs
EB-219|WellData|FormationZone|Unknown formation: 121TSUQs
EB-218|WellData|FormationZone|Unknown formation: 121TSUQs
EB-217|WellData|FormationZone|Unknown formation: 112ANCH/121TSUQa
EB-216|WellData|FormationZone|Unknown formation: 112ANCH/121TSUQ
EB-208|WellData|FormationZone|Unknown formation: 121TSUQs
EB-207|WellData|FormationZone|Unknown formation: 121TSUQs
EB-204|WellData|FormationZone|Unknown formation: 112ANCH/123ESPN
EB-201|WellData|FormationZone|Unknown formation: 112ANCH/123ESPN
EB-200|WellData|FormationZone|Unknown formation: 121TSUQa
EB-199|WellData|FormationZone|Unknown formation: 121TSUQs
EB-198|WellData|FormationZone|Unknown formation: 121TSUQs
EB-197|WellData|FormationZone|Unknown formation: 110ALVM/121TSUQs
EB-196|WellData|FormationZone|Unknown formation: 121TSUQa
EB-195|WellData|FormationZone|Unknown formation: 121TSUQsa
EB-194|WellData|FormationZone|Unknown formation: 121TSUQs
EB-193|WellData|FormationZone|Unknown formation: 121TSUQsa
EB-192|WellData|FormationZone|Unknown formation: 110ALVM/121TSUQs
EB-191|WellData|FormationZone|Unknown formation: 110ALVM/121TSUQs
EB-190|WellData|FormationZone|Unknown formation: 121TSUQa
EB-189|WellData|FormationZone|Unknown formation: 121TSUQa
EB-188|WellData|FormationZone|Unknown formation: 121TSUQsa
EB-187|WellData|FormationZone|Unknown formation: 110ALVM/121TSUQs
EB-186|WellData|FormationZone|Unknown formation: 121TSUQs
EB-185|WellData|FormationZone|Unknown formation: 121TSUQs
EB-184|WellData|FormationZone|Unknown formation: 121TSUQs
EB-183|WellData|FormationZone|Unknown formation: 121TSUQa
EB-182|WellData|FormationZone|Unknown formation: 121TSUQs
EB-181|WellData|FormationZone|Unknown formation: 121TSUQs
EB-180|WellData|FormationZone|Unknown formation: 121TSUQs
EB-179|WellData|FormationZone|Unknown formation: 121TSUQs
EB-178|WellData|FormationZone|Unknown formation: 121TSUQsf
EB-177|WellData|FormationZone|Unknown formation: 121TSUQs
EB-176|WellData|FormationZone|Unknown formation: 121TSUQs
EB-175|WellData|FormationZone|Unknown formation: 121TSUQs
EB-174|WellData|FormationZone|Unknown formation: 121TSUQs
EB-173|WellData|FormationZone|Unknown formation: 121TSUQs
EB-172|WellData|FormationZone|Unknown formation: 121TSUQs
EB-171|WellData|FormationZone|Unknown formation: 121TSUQs
EB-170|WellData|FormationZone|Unknown formation: 121TSUQs
EB-169|WellData|FormationZone|Unknown formation: 121TSUQs
EB-168|WellData|FormationZone|Unknown formation: 121TSUQs
EB-167|WellData|FormationZone|Unknown formation: 121TSUQs
EB-166|WellData|FormationZone|Unknown formation: 121TSUQs
EB-165|WellData|FormationZone|Unknown formation: 121TSUQsf
EB-164|WellData|FormationZone|Unknown formation: 121TSUQs
EB-163|WellData|FormationZone|Unknown formation: 121TSUQacuf
EB-162|WellData|FormationZone|Unknown formation: 121TSUQsf
EB-161|WellData|FormationZone|Unknown formation: 121TSUQacuf
EB-160|WellData|FormationZone|Unknown formation: 121TSUQsf
EB-159|WellData|FormationZone|Unknown formation: 121TSUQsf
EB-158|WellData|FormationZone|Unknown formation: 121TSUQacu/121TSUQsf
EB-157|WellData|FormationZone|Unknown formation: 121CHMTvs
EB-156|WellData|FormationZone|Unknown formation: 121TSUQs
EB-155|WellData|FormationZone|Unknown formation: 121TSUQs
EB-154|WellData|FormationZone|Unknown formation: 121TSUQs
EB-153|WellData|FormationZone|Unknown formation: 121TSUQs
EB-152|WellData|FormationZone|Unknown formation: 121TSUQs
EB-151|WellData|FormationZone|Unknown formation: 121TSUQs
EB-150|WellData|FormationZone|Unknown formation: 121TSUQs
EB-149|WellData|FormationZone|Unknown formation: 121TSUQs
EB-148|WellData|FormationZone|Unknown formation: 121TSUQs
EB-147|WellData|FormationZone|Unknown formation: 121TSUQs
EB-146|WellData|FormationZone|Unknown formation: 121TSUQs
EB-145|WellData|FormationZone|Unknown formation: 121TSUQs
EB-144|WellData|FormationZone|Unknown formation: 121TSUQs
EB-143|WellData|FormationZone|Unknown formation: 121TSUQs
EB-142|WellData|FormationZone|Unknown formation: 121TSUQs
EB-141|WellData|FormationZone|Unknown formation: 121TSUQs
EB-140|WellData|FormationZone|Unknown formation: 121TSUQs
EB-138|WellData|FormationZone|Unknown formation: 121TSUQs
EB-137|WellData|FormationZone|Unknown formation: 121TSUQs
EB-136|WellData|FormationZone|Unknown formation: 121TSUQsf
EB-135|WellData|FormationZone|Unknown formation: 112ANCHsr
EB-134|WellData|FormationZone|Unknown formation: 112ANCHsr
EB-133|WellData|FormationZone|Unknown formation: 112ANCHsr
EB-132|WellData|FormationZone|Unknown formation: 112ANCHsr
EB-131|WellData|FormationZone|Unknown formation: 112ANCH/121TSUQs
EB-130|WellData|FormationZone|Unknown formation: 121TSUQs
EB-129|WellData|FormationZone|Unknown formation: 121TSUQs/112ANCH
EB-128|WellData|FormationZone|Unknown formation: 121TSUQa
EB-127|WellData|FormationZone|Unknown formation: 121TSUQs
EB-126|WellData|FormationZone|Unknown formation: 121TSUQs
EB-125|WellData|FormationZone|Unknown formation: 121TSUQs
EB-124|WellData|FormationZone|Unknown formation: 121TSUQs
EB-123|WellData|FormationZone|Unknown formation: 121TSUQs/121TSUQsa
EB-122|WellData|FormationZone|Unknown formation: 121TSUQs/121TSUQsf
EB-121|WellData|FormationZone|Unknown formation: 121TSUQsf
EB-120|WellData|FormationZone|Unknown formation: 121TSUQs
EB-119|WellData|FormationZone|Unknown formation: 121TSUQa
EB-117|WellData|FormationZone|Unknown formation: 121TSUQa
EB-116|WellData|FormationZone|Unknown formation: 121TSUQs
EB-115|WellData|FormationZone|Unknown formation: 121TSUQs
EB-114|WellData|FormationZone|Unknown formation: 121TSUQs
EB-113|WellData|FormationZone|Unknown formation: 121TSUQs
EB-112|WellData|FormationZone|Unknown formation: 121TSUQs
EB-111|WellData|FormationZone|Unknown formation: 121TSUQa
EB-110|WellData|FormationZone|Unknown formation: 121TSUQs
EB-109|WellData|FormationZone|Unknown formation: 121TSUQs
EB-108|WellData|FormationZone|Unknown formation: 121TSUQs
EB-107|WellData|FormationZone|Unknown formation: 121TSUQs
EB-105|WellData|FormationZone|Unknown formation: 121TSUQs/121TSUQsf
EB-104|WellData|FormationZone|Unknown formation: 121TSUQs
EB-101|WellData|FormationZone|Unknown formation: 121TSUQsf
EB-100|WellData|FormationZone|Unknown formation: 121TSUQsf
EB-099|WellData|FormationZone|Unknown formation: 121TSUQa
EB-098|WellData|FormationZone|Unknown formation: 121TSUQs
EB-097|WellData|FormationZone|Unknown formation: 121TSUQs
EB-096|WellData|FormationZone|Unknown formation: 121TSUQs
EB-095|WellData|FormationZone|Unknown formation: 121TSUQsf
EB-094|WellData|FormationZone|Unknown formation: 121TSUQs
EB-093|WellData|FormationZone|Unknown formation: 121TSUQs
EB-092|WellData|FormationZone|Unknown formation: 121TSUQsf
EB-091|WellData|FormationZone|Unknown formation: 121TSUQs
EB-090|WellData|FormationZone|Unknown formation: 121TSUQs
EB-089|WellData|FormationZone|Unknown formation: 121TSUQs
EB-087|WellData|FormationZone|Unknown formation: 121TSUQs
EB-086|WellData|FormationZone|Unknown formation: 121TSUQsf
EB-085|WellData|FormationZone|Unknown formation: 121TSUQsf
EB-084|WellData|FormationZone|Unknown formation: 121TSUQs
EB-083|WellData|FormationZone|Unknown formation: 121TSUQsf
EB-082|WellData|FormationZone|Unknown formation: 121TSUQsf
EB-081|WellData|FormationZone|Unknown formation: 121TSUQsf
EB-080|WellData|FormationZone|Unknown formation: 121TSUQsf
EB-079|WellData|FormationZone|Unknown formation: 121TSUQsf
EB-078|WellData|FormationZone|Unknown formation: 121TSUQs
EB-077|WellData|FormationZone|Unknown formation: 121TSUQsf
EB-071|WellData|FormationZone|Unknown formation: 121TSUQa
EB-070|WellData|FormationZone|Unknown formation: 121TSUQa
EB-069|WellData|FormationZone|Unknown formation: 121TSUQa
EB-067|WellData|FormationZone|Unknown formation: 121TSUQsa
EB-066|WellData|FormationZone|Unknown formation: 121TSUQsf
EB-065|WellData|FormationZone|Unknown formation: 121TSUQsf/121TSUQs
EB-064|WellData|FormationZone|Unknown formation: 121TSUQsf
EB-063|WellData|FormationZone|Unknown formation: 121TSUQs
EB-062|WellData|FormationZone|Unknown formation: 121TSUQs
EB-060|WellData|FormationZone|Unknown formation: 121TSUQs
EB-059|WellData|FormationZone|Unknown formation: 121TSUQs
EB-058|WellData|FormationZone|Unknown formation: 121TSUQs
EB-023|WellData|FormationZone|Unknown formation: 121TSUQs
EB-022|WellData|FormationZone|Unknown formation: 121TSUQa
EB-020|WellData|FormationZone|Unknown formation: 121TSUQe/123ESPN
EB-016|WellData|FormationZone|Unknown formation: 121TSUQs
EB-014|WellData|FormationZone|Unknown formation: 121TSUQs
EB-013|WellData|FormationZone|Unknown formation: 121TSUQs
EB-012|WellData|FormationZone|Unknown formation: 121TSUQs
EB-011|WellData|FormationZone|Unknown formation: 121TSUQs
EB-010|WellData|FormationZone|Unknown formation: 121TSUQa
EB-009|WellData|FormationZone|Unknown formation: 121TSUQs
EB-008|WellData|FormationZone|Unknown formation: 121TSUQs
EB-007|WellData|FormationZone|Unknown formation: 112ANCH/123ESPN
EB-006|WellData|FormationZone|Unknown formation: 121TSUQsa
EB-005|WellData|FormationZone|Unknown formation: 121TSUQa
EB-004|WellData|FormationZone|Unknown formation: 121TSUQa
EB-003|WellData|FormationZone|Unknown formation: 121TSUQa
EB-002|WellData|FormationZone|Unknown formation: 112ANCH/120IRSV
EB-001|WellData|FormationZone|Unknown formation: 112ANCH/123GLST
CX-0062|WellData|FormationZone|Unknown formation: 121OGLL/211DKOT
CX-0003|WellData|FormationZone|Unknown formation: 000EXRV/121OGLL
CX-0002|WellData|FormationZone|Unknown formation: 121OGLL/000EXRV
BW-0143|WellData|FormationZone|Unknown formation: 110ALVM/211MVRD
BW-0142|WellData|FormationZone|Unknown formation: 110ALVM/211MVRD
BW-0138|WellData|FormationZone|Unknown formation: 110ALVM/211MVRD
BW-0137|WellData|FormationZone|Unknown formation: 110ALVM/211MVRD
BW-0132|WellData|FormationZone|Unknown formation: 110ALVM/210MNCS
BW-0120|WellData|FormationZone|Unknown formation: 110ALVM/211MVRD
BW-0119|WellData|FormationZone|Unknown formation: 110ALVM/211MVRD
BW-0116|WellData|FormationZone|Unknown formation: 110ALVM/211MVRD
BW-0115|WellData|FormationZone|Unknown formation: 211MVRD/110ALVM
BW-0109|WellData|FormationZone|Unknown formation: 110ALVM/300YESO
BW-0106|WellData|FormationZone|Unknown formation: 110ALVM/313SADG
BW-0103|WellData|FormationZone|Unknown formation: 110ALVM/211MVRD
BW-0102|WellData|FormationZone|Unknown formation: 110ALVM/211MVRD
BW-0101|WellData|FormationZone|Unknown formation: 110ALVM/211MVRD
BW-0100|WellData|FormationZone|Unknown formation: 110ALVM/211MVRD
BW-0099|WellData|FormationZone|Unknown formation: 110ALVM/211MVRD
BW-0098|WellData|FormationZone|Unknown formation: 110ALVM/211MVRD
BW-0097|WellData|FormationZone|Unknown formation: 110ALVM/211MVRD
BW-0096|WellData|FormationZone|Unknown formation: 110ALVM/211MVRD
BW-0090|WellData|FormationZone|Unknown formation: 110ALVM/211MVRD
BW-0077|WellData|FormationZone|Unknown formation: 110ALVM/211MVRD
BC-0317|WellData|FormationZone|Unknown formation: 211MENF/211PNLK
BC-0272|WellData|FormationZone|Unknown formation: 231AGZC/230MNKP
BC-0269|WellData|FormationZone|Unknown formation: 231AGZC/230MNKP
BC-0268|WellData|FormationZone|Unknown formation: 231AGZC/230MNKP
BC-0241|WellData|FormationZone|Unknown formation: 410PRCGf
BC-0221|WellData|FormationZone|Unknown formation: 310GLOR/300YESO
BC-0162|WellData|FormationZone|Unknown formation: 230MNKP
BC-0088|WellData|FormationZone|Unknown formation: 310GLOR/300YESO
BC-0086|WellData|FormationZone|Unknown formation: 231AGZC/230MNKP
BC-0080|WellData|FormationZone|Unknown formation: 231AGZC/230MNKP
BC-0079|WellData|FormationZone|Unknown formation: 231AGZC/230MNKP
BC-0061|WellData|FormationZone|Unknown formation: 211MENF/211PNLK
BC-0057|WellData|FormationZone|Unknown formation: 211MENF/211PNLK
BC-0051|WellData|FormationZone|Unknown formation: 211MENF/211PNLK
BC-0043|WellData|FormationZone|Unknown formation: 210MNCS/211DKOT
BC-0039|WellData|FormationZone|Unknown formation: 221MRSN/221BLUF
BC-0031|WellData|FormationZone|Unknown formation: 231AGZC/230MNKP

WellScreen|3714|2972|2938|1.1440107671601614
PointID|Table|Field|Error
TB-0227|WellScreens|UnknownField|"1 validation error for CreateWellScreen
screen_depth_top
  Input should be greater than 0 [type=greater_than, input_value=0.0, input_type=float]
    For further information visit https://errors.pydantic.dev/2.11/v/greater_than"
EB-029|WellScreens|UnknownField|"1 validation error for CreateWellScreen
screen_depth_bottom
  Input should be a valid number [type=float_type, input_value=None, input_type=NoneType]
    For further information visit https://errors.pydantic.dev/2.11/v/float_type"
WL-0096|WellScreens|UnknownField|"1 validation error for CreateWellScreen
  Value error, screen_depth_bottom must be greater than screen_depth_top [type=value_error, input_value={'thing_id': 9581, 'scree...B34D-AEC6-1B88110F392C'}, input_type=dict]
    For further information visit https://errors.pydantic.dev/2.11/v/value_error"
RA-118|WellScreens|UnknownField|"2 validation errors for CreateWellScreen
screen_depth_bottom
  Input should be a valid number [type=float_type, input_value=None, input_type=NoneType]
    For further information visit https://errors.pydantic.dev/2.11/v/float_type
screen_depth_top
  Input should be a valid number [type=float_type, input_value=None, input_type=NoneType]
    For further information visit https://errors.pydantic.dev/2.11/v/float_type"
RA-120|WellScreens|UnknownField|"2 validation errors for CreateWellScreen
screen_depth_bottom
  Input should be a valid number [type=float_type, input_value=None, input_type=NoneType]
    For further information visit https://errors.pydantic.dev/2.11/v/float_type
screen_depth_top
  Input should be a valid number [type=float_type, input_value=None, input_type=NoneType]
    For further information visit https://errors.pydantic.dev/2.11/v/float_type"
SAC-0311|WellScreens|UnknownField|"2 validation errors for CreateWellScreen
screen_depth_bottom
  Input should be a valid number [type=float_type, input_value=None, input_type=NoneType]
    For further information visit https://errors.pydantic.dev/2.11/v/float_type
screen_depth_top
  Input should be a valid number [type=float_type, input_value=None, input_type=NoneType]
    For further information visit https://errors.pydantic.dev/2.11/v/float_type"
TB-0223|WellScreens|UnknownField|"1 validation error for CreateWellScreen
screen_depth_top
  Input should be greater than 0 [type=greater_than, input_value=0.0, input_type=float]
    For further information visit https://errors.pydantic.dev/2.11/v/greater_than"
AR-0061|WellScreens|UnknownField|"1 validation error for CreateWellScreen
screen_depth_top
  Input should be greater than 0 [type=greater_than, input_value=0.0, input_type=float]
    For further information visit https://errors.pydantic.dev/2.11/v/greater_than"
WL-0358|WellScreens|UnknownField|"2 validation errors for CreateWellScreen
screen_depth_bottom
  Input should be a valid number [type=float_type, input_value=None, input_type=NoneType]
    For further information visit https://errors.pydantic.dev/2.11/v/float_type
screen_depth_top
  Input should be a valid number [type=float_type, input_value=None, input_type=NoneType]
    For further information visit https://errors.pydantic.dev/2.11/v/float_type"
TB-0166|WellScreens|UnknownField|"1 validation error for CreateWellScreen
screen_depth_top
  Input should be greater than 0 [type=greater_than, input_value=0.0, input_type=float]
    For further information visit https://errors.pydantic.dev/2.11/v/greater_than"
RA-115|WellScreens|UnknownField|"2 validation errors for CreateWellScreen
screen_depth_bottom
  Input should be a valid number [type=float_type, input_value=None, input_type=NoneType]
    For further information visit https://errors.pydantic.dev/2.11/v/float_type
screen_depth_top
  Input should be a valid number [type=float_type, input_value=None, input_type=NoneType]
    For further information visit https://errors.pydantic.dev/2.11/v/float_type"
RA-117|WellScreens|UnknownField|"2 validation errors for CreateWellScreen
screen_depth_bottom
  Input should be a valid number [type=float_type, input_value=None, input_type=NoneType]
    For further information visit https://errors.pydantic.dev/2.11/v/float_type
screen_depth_top
  Input should be a valid number [type=float_type, input_value=None, input_type=NoneType]
    For further information visit https://errors.pydantic.dev/2.11/v/float_type"
NM-27235|WellScreens|UnknownField|"1 validation error for CreateWellScreen
  Value error, screen_depth_bottom must be greater than screen_depth_top [type=value_error, input_value={'thing_id': 4917, 'scree...4018-BF1D-71EC2C622DD3'}, input_type=dict]
    For further information visit https://errors.pydantic.dev/2.11/v/value_error"
RA-121|WellScreens|UnknownField|"2 validation errors for CreateWellScreen
screen_depth_bottom
  Input should be a valid number [type=float_type, input_value=None, input_type=NoneType]
    For further information visit https://errors.pydantic.dev/2.11/v/float_type
screen_depth_top
  Input should be a valid number [type=float_type, input_value=None, input_type=NoneType]
    For further information visit https://errors.pydantic.dev/2.11/v/float_type"
QY-0622|WellScreens|UnknownField|"1 validation error for CreateWellScreen
screen_depth_top
  Input should be greater than 0 [type=greater_than, input_value=0.0, input_type=float]
    For further information visit https://errors.pydantic.dev/2.11/v/greater_than"
EB-394|WellScreens|UnknownField|"1 validation error for CreateWellScreen
screen_depth_bottom
  Input should be a valid number [type=float_type, input_value=None, input_type=NoneType]
    For further information visit https://errors.pydantic.dev/2.11/v/float_type"
RA-122|WellScreens|UnknownField|"2 validation errors for CreateWellScreen
screen_depth_bottom
  Input should be a valid number [type=float_type, input_value=None, input_type=NoneType]
    For further information visit https://errors.pydantic.dev/2.11/v/float_type
screen_depth_top
  Input should be a valid number [type=float_type, input_value=None, input_type=NoneType]
    For further information visit https://errors.pydantic.dev/2.11/v/float_type"
TB-0040|WellScreens|UnknownField|"1 validation error for CreateWellScreen
screen_depth_top
  Input should be greater than 0 [type=greater_than, input_value=0.0, input_type=float]
    For further information visit https://errors.pydantic.dev/2.11/v/greater_than"
AR-0067|WellScreens|UnknownField|"1 validation error for CreateWellScreen
screen_depth_top
  Input should be greater than 0 [type=greater_than, input_value=0.0, input_type=float]
    For further information visit https://errors.pydantic.dev/2.11/v/greater_than"
EB-394|WellScreens|UnknownField|"1 validation error for CreateWellScreen
screen_depth_bottom
  Input should be a valid number [type=float_type, input_value=None, input_type=NoneType]
    For further information visit https://errors.pydantic.dev/2.11/v/float_type"
RA-116|WellScreens|UnknownField|"2 validation errors for CreateWellScreen
screen_depth_bottom
  Input should be a valid number [type=float_type, input_value=None, input_type=NoneType]
    For further information visit https://errors.pydantic.dev/2.11/v/float_type
screen_depth_top
  Input should be a valid number [type=float_type, input_value=None, input_type=NoneType]
    For further information visit https://errors.pydantic.dev/2.11/v/float_type"
SA-0318|WellScreens|UnknownField|"1 validation error for CreateWellScreen
screen_depth_top
  Input should be greater than 0 [type=greater_than, input_value=0.0, input_type=float]
    For further information visit https://errors.pydantic.dev/2.11/v/greater_than"
RA-119|WellScreens|UnknownField|"2 validation errors for CreateWellScreen
screen_depth_bottom
  Input should be a valid number [type=float_type, input_value=None, input_type=NoneType]
    For further information visit https://errors.pydantic.dev/2.11/v/float_type
screen_depth_top
  Input should be a valid number [type=float_type, input_value=None, input_type=NoneType]
    For further information visit https://errors.pydantic.dev/2.11/v/float_type"
NM-00253|WellScreens|UnknownField|"1 validation error for CreateWellScreen
screen_depth_top
  Input should be greater than 0 [type=greater_than, input_value=0.0, input_type=float]
    For further information visit https://errors.pydantic.dev/2.11/v/greater_than"
NM-02481|WellScreens|UnknownField|"1 validation error for CreateWellScreen
screen_depth_top
  Input should be greater than 0 [type=greater_than, input_value=0.0, input_type=float]
    For further information visit https://errors.pydantic.dev/2.11/v/greater_than"
EB-096|WellScreens|UnknownField|"1 validation error for CreateWellScreen
  Value error, screen_depth_bottom must be greater than screen_depth_top [type=value_error, input_value={'thing_id': 2725, 'scree...469B-8CA2-CF8443833CC1'}, input_type=dict]
    For further information visit https://errors.pydantic.dev/2.11/v/value_error"
SM-0173|WellScreens|UnknownField|"1 validation error for CreateWellScreen
screen_depth_bottom
  Input should be a valid number [type=float_type, input_value=None, input_type=NoneType]
    For further information visit https://errors.pydantic.dev/2.11/v/float_type"
SV-0111|WellScreens|UnknownField|"1 validation error for CreateWellScreen
  Value error, screen_depth_bottom must be greater than screen_depth_top [type=value_error, input_value={'thing_id': 8151, 'scree...4428-9CF0-DD9E4B5F7ABB'}, input_type=dict]
    For further information visit https://errors.pydantic.dev/2.11/v/value_error"
RA-129|WellScreens|UnknownField|"2 validation errors for CreateWellScreen
screen_depth_bottom
  Input should be a valid number [type=float_type, input_value=None, input_type=NoneType]
    For further information visit https://errors.pydantic.dev/2.11/v/float_type
screen_depth_top
  Input should be a valid number [type=float_type, input_value=None, input_type=NoneType]
    For further information visit https://errors.pydantic.dev/2.11/v/float_type"
TB-0107|WellScreens|UnknownField|"1 validation error for CreateWellScreen
screen_depth_top
  Input should be greater than 0 [type=greater_than, input_value=0.0, input_type=float]
    For further information visit https://errors.pydantic.dev/2.11/v/greater_than"
WL-0359|WellScreens|UnknownField|"2 validation errors for CreateWellScreen
screen_depth_bottom
  Input should be a valid number [type=float_type, input_value=None, input_type=NoneType]
    For further information visit https://errors.pydantic.dev/2.11/v/float_type
screen_depth_top
  Input should be a valid number [type=float_type, input_value=None, input_type=NoneType]
    For further information visit https://errors.pydantic.dev/2.11/v/float_type"
QY-0494|WellScreens|UnknownField|"1 validation error for CreateWellScreen
screen_depth_top
  Input should be greater than 0 [type=greater_than, input_value=0.0, input_type=float]
    For further information visit https://errors.pydantic.dev/2.11/v/greater_than"
HS-063|WellScreens|UnknownField|"1 validation error for CreateWellScreen
screen_depth_top
  Input should be greater than 0 [type=greater_than, input_value=0.0, input_type=float]
    For further information visit https://errors.pydantic.dev/2.11/v/greater_than"
TB-0233|WellScreens|UnknownField|"1 validation error for CreateWellScreen
screen_depth_top
  Input should be greater than 0 [type=greater_than, input_value=0.0, input_type=float]
    For further information visit https://errors.pydantic.dev/2.11/v/greater_than"

Sensor|981|935|503|46.20320855614973
PointID|Table|Field|Error
BC-0166|Equipment|RecordingInterval|Estimated recording interval=11 hour. Is this correct?
CZ-0003|Equipment|RecordingInterval|name=1067, row.SerialNo=1JY314D6/36513VZ6. error=No measurements found for PointID: CZ-0003
EB-220|Equipment|RecordingInterval|Estimated recording interval=11 hour. Is this correct?
EB-220|Equipment|RecordingInterval|name=43, row.SerialNo=78575. error=No measurements found for PointID: EB-220
EB-220|Equipment|RecordingInterval|Estimated recording interval=11 hour. Is this correct?
HS-019|Equipment|RecordingInterval|name=37, row.SerialNo=K2125. error=None
HS-037|Equipment|RecordingInterval|Estimated recording interval=3 hour. Is this correct?
HS-038|Equipment|RecordingInterval|Estimated recording interval=3 hour. Is this correct?
HS-038|Equipment|RecordingInterval|name=190, row.SerialNo=A8779. error=No measurements found for PointID: HS-038
MG-038|Equipment|RecordingInterval|Estimated recording interval=12 hour. Is this correct?
NM-26614|Equipment|RecordingInterval|Estimated recording interval=12 hour. Is this correct?
RA-025|Equipment|RecordingInterval|name=950, row.SerialNo=AK244. error=No measurements found for PointID: RA-025
RA-054|Equipment|RecordingInterval|name=942, row.SerialNo=AC544. error=No measurements found for PointID: RA-054
RA-066|Equipment|RecordingInterval|name=952, row.SerialNo=FF460. error=No measurements found for PointID: RA-066
RA-078|Equipment|RecordingInterval|name=945, row.SerialNo=FE-581. error=No measurements found for PointID: RA-078
RA-086|Equipment|RecordingInterval|name=943, row.SerialNo=BB874. error=No measurements found for PointID: RA-086
RA-086|Equipment|RecordingInterval|name=944, row.SerialNo=FF457. error=No measurements found for PointID: RA-086
SA-0066|Equipment|RecordingInterval|Estimated recording interval=2 hour. Is this correct?
SA-0066|Equipment|RecordingInterval|name=39, row.SerialNo=G1208. error=No measurements found for PointID: SA-0066
SA-0137|Equipment|RecordingInterval|name=528, row.SerialNo=F4204. error=No measurements found for PointID: SA-0137
SA-0137|Equipment|RecordingInterval|name=40, row.SerialNo=G1186. error=No measurements found for PointID: SA-0137
SA-0144|Equipment|RecordingInterval|Estimated recording interval=2 hour. Is this correct?
SA-0163|Equipment|RecordingInterval|name=213, row.SerialNo=F3471. error=No measurements found for PointID: SA-0163
SA-0163|Equipment|RecordingInterval|name=44, row.SerialNo=D9762. error=No measurements found for PointID: SA-0163
SA-0171|Equipment|RecordingInterval|Estimated recording interval=1 hour. Is this correct?
SA-0174|Equipment|RecordingInterval|Estimated recording interval=2 hour. Is this correct?
SA-0174|Equipment|RecordingInterval|name=10, row.SerialNo=G1241. error=No measurements found for PointID: SA-0174
SA-0201|Equipment|RecordingInterval|Estimated recording interval=2 hour. Is this correct?
SA-0201|Equipment|RecordingInterval|name=40, row.SerialNo=G1186. error=No measurements found for PointID: SA-0201
SA-0240|Equipment|RecordingInterval|Estimated recording interval=2 hour. Is this correct?
SAC-0310|Equipment|RecordingInterval|Estimated recording interval=2 hour. Is this correct?
SM-0026|Equipment|RecordingInterval|Estimated recording interval=4 hour. Is this correct?
SM-0033|Equipment|RecordingInterval|Estimated recording interval=4 hour. Is this correct?
SM-0036|Equipment|RecordingInterval|name=449, row.SerialNo=25665`. error=No measurements found for PointID: SM-0036
SM-0055|Equipment|RecordingInterval|Estimated recording interval=4 hour. Is this correct?
SM-0055|Equipment|RecordingInterval|Estimated recording interval=4 hour. Is this correct?
SM-0055|Equipment|RecordingInterval|name=136, row.SerialNo=DXT-1715. error=No measurements found for PointID: SM-0055
SM-0055|Equipment|RecordingInterval|Estimated recording interval=6 hour. Is this correct?
SM-0086|Equipment|RecordingInterval|Estimated recording interval=4 hour. Is this correct?
SM-0136|Equipment|RecordingInterval|name=454, row.SerialNo=25666. error=No measurements found for PointID: SM-0136
SM-0232|Equipment|RecordingInterval|Estimated recording interval=9 hour. Is this correct?
SM-0235|Equipment|RecordingInterval|Estimated recording interval=15 hour. Is this correct?
SM-0235|Equipment|RecordingInterval|Estimated recording interval=15 hour. Is this correct?
SM-0243|Equipment|RecordingInterval|Estimated recording interval=2 hour. Is this correct?
SM-0246|Equipment|RecordingInterval|Estimated recording interval=2 hour. Is this correct?
SM-0246|Equipment|RecordingInterval|Estimated recording interval=6 hour. Is this correct?
SM-0257|Equipment|RecordingInterval|Estimated recording interval=5 hour. Is this correct?
SM-0257|Equipment|RecordingInterval|Estimated recording interval=1 hour. Is this correct?
SM-0257|Equipment|RecordingInterval|Estimated recording interval=1 hour. Is this correct?
SM-0257|Equipment|DateInstalled|row.SerialNo=B5546. Installation Date cannot be None
SM-0258|Equipment|RecordingInterval|Estimated recording interval=4 hour. Is this correct?
SM-0258|Equipment|RecordingInterval|Estimated recording interval=1 hour. Is this correct?
SM-0258|Equipment|RecordingInterval|Estimated recording interval=1 hour. Is this correct?
SM-0259|Equipment|RecordingInterval|name=17, row.SerialNo=B5546. error=No measurements found for PointID: SM-0259
SM-0259|Equipment|RecordingInterval|Estimated recording interval=2 hour. Is this correct?
SM-0260|Equipment|RecordingInterval|name=11, row.SerialNo=B6835. error=No measurements found for PointID: SM-0260
SM-0260|Equipment|RecordingInterval|name=190, row.SerialNo=A8779. error=No measurements found for PointID: SM-0260
SM-0260|Equipment|RecordingInterval|name=18, row.SerialNo=D9005. error=No measurements found for PointID: SM-0260
SM-0261|Equipment|RecordingInterval|name=191, row.SerialNo=B6838. error=No measurements found for PointID: SM-0261
SO-0125|Equipment|RecordingInterval|Estimated recording interval=2 hour. Is this correct?
SO-0125|Equipment|RecordingInterval|name=955, row.SerialNo=2432033. error=No measurements found for PointID: SO-0125
SO-0125|Equipment|RecordingInterval|name=992, row.SerialNo=DL16322. error=No measurements found for PointID: SO-0125
SO-0129|Equipment|RecordingInterval|Estimated recording interval=3 hour. Is this correct?
SO-0131|Equipment|RecordingInterval|name=956, row.SerialNo=2432032. error=No measurements found for PointID: SO-0131
SO-0131|Equipment|RecordingInterval|name=993, row.SerialNo=DL16358. error=No measurements found for PointID: SO-0131
SO-0131|Equipment|RecordingInterval|Estimated recording interval=2 hour. Is this correct?
SO-0140|Equipment|RecordingInterval|name=994, row.SerialNo=DL16210. error=No measurements found for PointID: SO-0140
SO-0140|Equipment|RecordingInterval|name=1026, row.SerialNo=FB466. error=No measurements found for PointID: SO-0140
SO-0140|Equipment|RecordingInterval|name=957, row.SerialNo=2321004. error=No measurements found for PointID: SO-0140
SO-0142|Equipment|RecordingInterval|name=995, row.SerialNo=DL16331. error=No measurements found for PointID: SO-0142
SO-0142|Equipment|RecordingInterval|name=714, row.SerialNo=AK438. error=No measurements found for PointID: SO-0142
SO-0142|Equipment|RecordingInterval|name=958, row.SerialNo=2321005. error=No measurements found for PointID: SO-0142
SO-0144|Equipment|RecordingInterval|name=469, row.SerialNo=BA545. error=No measurements found for PointID: SO-0144
SO-0144|Equipment|RecordingInterval|name=959, row.SerialNo=2144006. error=No measurements found for PointID: SO-0144
SO-0144|Equipment|RecordingInterval|name=996, row.SerialNo=DL16492. error=No measurements found for PointID: SO-0144
SO-0145|Equipment|RecordingInterval|name=1029, row.SerialNo=BB047. error=No measurements found for PointID: SO-0145
SO-0145|Equipment|RecordingInterval|name=960, row.SerialNo=2420014. error=No measurements found for PointID: SO-0145
SO-0146|Equipment|RecordingInterval|name=1030, row.SerialNo=FB467. error=No measurements found for PointID: SO-0146
SO-0146|Equipment|RecordingInterval|name=997, row.SerialNo=DL16206. error=No measurements found for PointID: SO-0146
SO-0146|Equipment|RecordingInterval|name=961, row.SerialNo=2144009. error=No measurements found for PointID: SO-0146
SO-0148|Equipment|RecordingInterval|name=998, row.SerialNo=DL16318. error=No measurements found for PointID: SO-0148
SO-0148|Equipment|RecordingInterval|name=1031, row.SerialNo=FB469. error=No measurements found for PointID: SO-0148
SO-0148|Equipment|RecordingInterval|name=962, row.SerialNo=2432031. error=No measurements found for PointID: SO-0148
SO-0160|Equipment|RecordingInterval|name=963, row.SerialNo=2432029. error=No measurements found for PointID: SO-0160
SO-0160|Equipment|RecordingInterval|name=1032, row.SerialNo=FB470. error=No measurements found for PointID: SO-0160
SO-0160|Equipment|RecordingInterval|name=999, row.SerialNo=DL16312. error=No measurements found for PointID: SO-0160
SO-0163|Equipment|RecordingInterval|name=1033, row.SerialNo=FB472. error=No measurements found for PointID: SO-0163
SO-0163|Equipment|RecordingInterval|name=1000, row.SerialNo=DL16324. error=No measurements found for PointID: SO-0163
SO-0163|Equipment|RecordingInterval|name=964, row.SerialNo=2432034. error=No measurements found for PointID: SO-0163
SO-0165|Equipment|RecordingInterval|name=1001, row.SerialNo=DL16489. error=No measurements found for PointID: SO-0165
SO-0165|Equipment|RecordingInterval|name=1034, row.SerialNo=FB474. error=No measurements found for PointID: SO-0165
SO-0165|Equipment|RecordingInterval|name=965, row.SerialNo=2144010. error=No measurements found for PointID: SO-0165
SO-0166|Equipment|RecordingInterval|name=966, row.SerialNo=2420008. error=No measurements found for PointID: SO-0166
SO-0166|Equipment|RecordingInterval|name=1035, row.SerialNo=FB473. error=No measurements found for PointID: SO-0166
SO-0167|Equipment|RecordingInterval|Estimated recording interval=30 minute. Is this correct?
SO-0167|Equipment|RecordingInterval|Estimated recording interval=2 hour. Is this correct?
SO-0167|Equipment|RecordingInterval|name=967, row.SerialNo=2144008. error=No measurements found for PointID: SO-0167
SO-0167|Equipment|RecordingInterval|name=1002, row.SerialNo=DL16309. error=No measurements found for PointID: SO-0167
SO-0167|Equipment|RecordingInterval|Estimated recording interval=2 hour. Is this correct?
SO-0168|Equipment|DateInstalled|Estimated installation date=2016-07-08. Is this correct?
SO-0168|Equipment|RecordingInterval|Estimated recording interval=2 hour. Is this correct?
SO-0169|Equipment|RecordingInterval|Estimated recording interval=3 hour. Is this correct?
SO-0169|Equipment|DateInstalled|Estimated installation date=2021-01-06. Is this correct?
SO-0169|Equipment|RecordingInterval|Estimated recording interval=3 hour. Is this correct?
SO-0170|Equipment|RecordingInterval|Estimated recording interval=2 hour. Is this correct?
SO-0170|Equipment|RecordingInterval|Estimated recording interval=2 hour. Is this correct?
SO-0170|Equipment|RecordingInterval|name=1003, row.SerialNo=DL16327. error=No measurements found for PointID: SO-0170
SO-0170|Equipment|RecordingInterval|name=968, row.SerialNo=2144007. error=No measurements found for PointID: SO-0170
SO-0171|Equipment|RecordingInterval|Estimated recording interval=2 hour. Is this correct?
SO-0175|Equipment|RecordingInterval|name=1004, row.SerialNo=DL16355. error=No measurements found for PointID: SO-0175
SO-0175|Equipment|RecordingInterval|name=1038, row.SerialNo=AK511. error=No measurements found for PointID: SO-0175
SO-0175|Equipment|RecordingInterval|name=969, row.SerialNo=2321010. error=No measurements found for PointID: SO-0175
SO-0177|Equipment|RecordingInterval|name=1005, row.SerialNo=DL16317. error=No measurements found for PointID: SO-0177
SO-0177|Equipment|RecordingInterval|name=1039, row.SerialNo=BK307. error=No measurements found for PointID: SO-0177
SO-0177|Equipment|RecordingInterval|name=970, row.SerialNo=2321009. error=No measurements found for PointID: SO-0177
SO-0189|Equipment|RecordingInterval|name=971, row.SerialNo=2321011. error=No measurements found for PointID: SO-0189
SO-0189|Equipment|RecordingInterval|name=1006, row.SerialNo=DL16493. error=No measurements found for PointID: SO-0189
SO-0189|Equipment|RecordingInterval|name=1040, row.SerialNo=AF158. error=No measurements found for PointID: SO-0189
SO-0190|Equipment|RecordingInterval|name=851, row.SerialNo=AK454. error=No measurements found for PointID: SO-0190
SO-0190|Equipment|RecordingInterval|name=972, row.SerialNo=2420012. error=No measurements found for PointID: SO-0190
SO-0191|Equipment|RecordingInterval|name=973, row.SerialNo=2144005. error=No measurements found for PointID: SO-0191
SO-0191|Equipment|RecordingInterval|name=1007, row.SerialNo=DL16198. error=No measurements found for PointID: SO-0191
SO-0191|Equipment|RecordingInterval|name=1042, row.SerialNo=FB439. error=No measurements found for PointID: SO-0191
SO-0194|Equipment|RecordingInterval|name=1008, row.SerialNo=DL16316. error=No measurements found for PointID: SO-0194
SO-0194|Equipment|RecordingInterval|name=974, row.SerialNo=2420009. error=No measurements found for PointID: SO-0194
SO-0194|Equipment|RecordingInterval|name=1043, row.SerialNo=FB442. error=No measurements found for PointID: SO-0194
SO-0200|Equipment|RecordingInterval|name=1009, row.SerialNo=DL16656. error=No measurements found for PointID: SO-0200
SO-0200|Equipment|RecordingInterval|name=1044, row.SerialNo=FB433. error=No measurements found for PointID: SO-0200
SO-0200|Equipment|RecordingInterval|name=975, row.SerialNo=2144003. error=No measurements found for PointID: SO-0200
SO-0204|Equipment|RecordingInterval|name=1010, row.SerialNo=DL16297. error=No measurements found for PointID: SO-0204
SO-0204|Equipment|RecordingInterval|name=1045, row.SerialNo=FB436. error=No measurements found for PointID: SO-0204
SO-0204|Equipment|RecordingInterval|name=976, row.SerialNo=2144004. error=No measurements found for PointID: SO-0204
SO-0213|Equipment|RecordingInterval|Estimated recording interval=2 hour. Is this correct?
SO-0213|Equipment|RecordingInterval|name=977, row.SerialNo=2321017. error=No measurements found for PointID: SO-0213
SO-0213|Equipment|RecordingInterval|name=1011, row.SerialNo=DL16361. error=No measurements found for PointID: SO-0213
SO-0215|Equipment|RecordingInterval|name=978, row.SerialNo=2321001. error=No measurements found for PointID: SO-0215
SO-0215|Equipment|RecordingInterval|Estimated recording interval=2 hour. Is this correct?
SO-0215|Equipment|RecordingInterval|name=1012, row.SerialNo=DL16631. error=No measurements found for PointID: SO-0215
SO-0218|Equipment|RecordingInterval|Estimated recording interval=2 hour. Is this correct?
SO-0219|Equipment|RecordingInterval|name=979, row.SerialNo=2321014. error=No measurements found for PointID: SO-0219
SO-0219|Equipment|RecordingInterval|Estimated recording interval=16 minute. Is this correct?
SO-0219|Equipment|RecordingInterval|name=1013, row.SerialNo=DL16308. error=No measurements found for PointID: SO-0219
SO-0221|Equipment|RecordingInterval|name=980, row.SerialNo=2321016. error=No measurements found for PointID: SO-0221
SO-0221|Equipment|RecordingInterval|Estimated recording interval=2 hour. Is this correct?
SO-0221|Equipment|RecordingInterval|name=1014, row.SerialNo=DL16222. error=No measurements found for PointID: SO-0221
SO-0223|Equipment|RecordingInterval|name=1015, row.SerialNo=DL16491. error=No measurements found for PointID: SO-0223
SO-0223|Equipment|RecordingInterval|name=981, row.SerialNo=2321008. error=No measurements found for PointID: SO-0223
SO-0223|Equipment|RecordingInterval|Estimated recording interval=2 hour. Is this correct?
SO-0224|Equipment|RecordingInterval|name=982, row.SerialNo=2420011. error=No measurements found for PointID: SO-0224
SO-0224|Equipment|RecordingInterval|name=1051, row.SerialNo=FB585. error=No measurements found for PointID: SO-0224
SO-0226|Equipment|RecordingInterval|Estimated recording interval=2 hour. Is this correct?
SO-0226|Equipment|RecordingInterval|Estimated recording interval=2 hour. Is this correct?
SO-0226|Equipment|RecordingInterval|name=983, row.SerialNo=2321007. error=No measurements found for PointID: SO-0226
SO-0226|Equipment|RecordingInterval|name=1016, row.SerialNo=DL16230. error=No measurements found for PointID: SO-0226
SO-0234|Equipment|RecordingInterval|name=1017, row.SerialNo=DL16319. error=No measurements found for PointID: SO-0234
SO-0234|Equipment|RecordingInterval|name=984, row.SerialNo=2321006. error=No measurements found for PointID: SO-0234
SO-0234|Equipment|RecordingInterval|Estimated recording interval=3 hour. Is this correct?
SO-0236|Equipment|RecordingInterval|Estimated recording interval=3 hour. Is this correct?
SO-0236|Equipment|RecordingInterval|name=985, row.SerialNo=23210015. error=No measurements found for PointID: SO-0236
SO-0236|Equipment|RecordingInterval|name=1018, row.SerialNo=DL16291. error=No measurements found for PointID: SO-0236
SO-0238|Equipment|RecordingInterval|name=1019, row.SerialNo=DL16321. error=No measurements found for PointID: SO-0238
SO-0238|Equipment|RecordingInterval|name=1055, row.SerialNo=FB405. error=No measurements found for PointID: SO-0238
SO-0238|Equipment|RecordingInterval|name=986, row.SerialNo=2321003. error=No measurements found for PointID: SO-0238
SO-0245|Equipment|RecordingInterval|Estimated recording interval=54 minute. Is this correct?
SO-0245|Equipment|RecordingInterval|Estimated recording interval=24 minute. Is this correct?
SO-0245|Equipment|RecordingInterval|name=1020, row.SerialNo=DL16660. error=No measurements found for PointID: SO-0245
SO-0245|Equipment|RecordingInterval|name=987, row.SerialNo=2420017. error=No measurements found for PointID: SO-0245
SO-0245|Equipment|DateInstalled|Estimated installation date=2017-08-03. Is this correct?
SO-0245|Equipment|RecordingInterval|Estimated recording interval=16 minute. Is this correct?
SO-0246|Equipment|RecordingInterval|Estimated recording interval=31 minute. Is this correct?
SO-0246|Equipment|DateInstalled|Estimated installation date=2016-07-23. Is this correct?
SO-0246|Equipment|RecordingInterval|Estimated recording interval=17 minute. Is this correct?
SO-0247|Equipment|RecordingInterval|name=1057, row.SerialNo=FB487. error=No measurements found for PointID: SO-0247
SO-0247|Equipment|RecordingInterval|name=988, row.SerialNo=2321013. error=No measurements found for PointID: SO-0247
SO-0247|Equipment|RecordingInterval|name=1021, row.SerialNo=DL16362. error=No measurements found for PointID: SO-0247
SO-0249|Equipment|RecordingInterval|name=1058, row.SerialNo=FB491. error=No measurements found for PointID: SO-0249
SO-0249|Equipment|RecordingInterval|name=989, row.SerialNo=2321012. error=No measurements found for PointID: SO-0249
SO-0249|Equipment|RecordingInterval|name=1022, row.SerialNo=DL16490. error=No measurements found for PointID: SO-0249
SO-0250|Equipment|RecordingInterval|Estimated recording interval=2 hour. Is this correct?
SO-0250|Equipment|RecordingInterval|Estimated recording interval=28 minute. Is this correct?
SO-0250|Equipment|RecordingInterval|name=1023, row.SerialNo=DL16323. error=No measurements found for PointID: SO-0250
SO-0250|Equipment|RecordingInterval|name=990, row.SerialNo=2321002. error=No measurements found for PointID: SO-0250
SO-0250|Equipment|RecordingInterval|Estimated recording interval=2 hour. Is this correct?
SO-0252|Equipment|DateInstalled|Estimated installation date=2016-07-23. Is this correct?
SO-0252|Equipment|RecordingInterval|Estimated recording interval=16 minute. Is this correct?
SO-0253|Equipment|RecordingInterval|Estimated recording interval=2 hour. Is this correct?
SO-0254|Equipment|RecordingInterval|Estimated recording interval=2 hour. Is this correct?
SO-0261|Equipment|RecordingInterval|name=1060, row.SerialNo=FB512. error=No measurements found for PointID: SO-0261
SO-0261|Equipment|RecordingInterval|name=991, row.SerialNo=2420013. error=No measurements found for PointID: SO-0261
SO-0262|Equipment|DateInstalled|row.SerialNo=9763371. Installation Date cannot be None
SO-0264|Equipment|DateInstalled|row.SerialNo=9716383. Installation Date cannot be None
SO-0265|Equipment|EquipmentType|key error adding sensor_type:Soil Moisture error: 'Soil Moisture'
SO-0265|Equipment|DateInstalled|Estimated installation date=2018-01-12. Is this correct?
SO-0265|Equipment|RecordingInterval|Estimated recording interval=2 hour. Is this correct?
SO-0268|Equipment|DateInstalled|row.SerialNo=9763372. Installation Date cannot be None
SO-0269|Equipment|EquipmentType|key error adding sensor_type:Soil Moisture error: 'Soil Moisture'
SO-0269|Equipment|DateInstalled|row.SerialNo=9763368. Installation Date cannot be None
SO-0271|Equipment|DateInstalled|row.SerialNo=9763366. Installation Date cannot be None
SO-0274|Equipment|DateInstalled|row.SerialNo=9763369. Installation Date cannot be None
TB-0002|Equipment|RecordingInterval|Estimated recording interval=2 hour. Is this correct?
TB-0037|Equipment|RecordingInterval|Estimated recording interval=2 hour. Is this correct?
TB-0044|Equipment|RecordingInterval|Estimated recording interval=4 hour. Is this correct?
TB-0055|Equipment|RecordingInterval|Estimated recording interval=5 hour. Is this correct?
TB-0059|Equipment|RecordingInterval|Estimated recording interval=5 hour. Is this correct?
TB-0066|Equipment|RecordingInterval|name=445, row.SerialNo=C1362. error=No measurements found for PointID: TB-0066
TB-0066|Equipment|RecordingInterval|name=446, row.SerialNo=78529. error=No measurements found for PointID: TB-0066
TB-0071|Equipment|RecordingInterval|Estimated recording interval=14 hour. Is this correct?
TB-0071|Equipment|RecordingInterval|Estimated recording interval=4 hour. Is this correct?
TB-0203|Equipment|RecordingInterval|Estimated recording interval=4 hour. Is this correct?
TB-0212|Equipment|RecordingInterval|Estimated recording interval=4 hour. Is this correct?
TB-0213|Equipment|RecordingInterval|Estimated recording interval=4 hour. Is this correct?
TV-156|Equipment|RecordingInterval|Estimated recording interval=12 hour. Is this correct?
TV-167|Equipment|RecordingInterval|Estimated recording interval=13 hour. Is this correct?
TV-192|Equipment|RecordingInterval|name=16, row.SerialNo=G1234. error=No measurements found for PointID: TV-192
TV-192|Equipment|RecordingInterval|Estimated recording interval=12 hour. Is this correct?
TV-196|Equipment|RecordingInterval|Estimated recording interval=12 hour. Is this correct?
TV-210|Equipment|RecordingInterval|name=465, row.SerialNo=D2267. error=No measurements found for PointID: TV-210
TV-211|Equipment|RecordingInterval|Estimated recording interval=12 hour. Is this correct?
TV-216|Equipment|RecordingInterval|name=216, row.SerialNo=K2619. error=No measurements found for PointID: TV-216
TV-216|Equipment|RecordingInterval|name=9, row.SerialNo=H3690. error=No measurements found for PointID: TV-216
TV-216|Equipment|RecordingInterval|name=528, row.SerialNo=F4204. error=No measurements found for PointID: TV-216
TV-216|Equipment|RecordingInterval|name=40, row.SerialNo=G1186. error=No measurements found for PointID: TV-216
TV-216|Equipment|RecordingInterval|name=42, row.SerialNo=J3409. error=No measurements found for PointID: TV-216
TV-216|Equipment|RecordingInterval|name=39, row.SerialNo=G1208. error=No measurements found for PointID: TV-216
TV-217|Equipment|RecordingInterval|name=59, row.SerialNo=K2177. error=No measurements found for PointID: TV-217
TV-218|Equipment|RecordingInterval|name=28, row.SerialNo=77862. error=No measurements found for PointID: TV-218
TV-234|Equipment|RecordingInterval|Estimated recording interval=12 hour. Is this correct?
TV-234|Equipment|RecordingInterval|Estimated recording interval=12 hour. Is this correct?
TV-235|Equipment|RecordingInterval|name=8, row.SerialNo=G1557. error=No measurements found for PointID: TV-235
TV-235|Equipment|RecordingInterval|name=39, row.SerialNo=G1208. error=No measurements found for PointID: TV-235
WL-0002|Equipment|RecordingInterval|Estimated recording interval=15 hour. Is this correct?
WL-0003|Equipment|RecordingInterval|name=317, row.SerialNo=1JPXV9L7. error=No measurements found for PointID: WL-0003
WL-0036|Equipment|RecordingInterval|Estimated recording interval=2 hour. Is this correct?
WL-0080|Equipment|RecordingInterval|Estimated recording interval=9 hour. Is this correct?
WS-007|Equipment|RecordingInterval|Estimated recording interval=57 minute. Is this correct?
WS-007|Equipment|RecordingInterval|Estimated recording interval=2 hour. Is this correct?
WS-008|Equipment|RecordingInterval|Estimated recording interval=2 hour. Is this correct?
WS-009|Equipment|RecordingInterval|Estimated recording interval=2 hour. Is this correct?
WS-010|Equipment|RecordingInterval|name=200, row.SerialNo=10299447. error=No measurements found for PointID: WS-010
WS-010|Equipment|RecordingInterval|Estimated recording interval=2 hour. Is this correct?
WS-012|Equipment|RecordingInterval|Estimated recording interval=2 hour. Is this correct?
WS-018|Equipment|RecordingInterval|Estimated recording interval=50 minute. Is this correct?

Contact|3526|6372|1938|69.58568738229755
PointID|Table|Field|Error
AR-0066|OwnersData|ValidationError|"1 validation error for CreateContact
  Value error, Either name or organization must be provided. [type=value_error, input_value={'thing_id': 351, 'releas...ails': [], 'phones': []}, input_type=dict]
    For further information visit https://errors.pydantic.dev/2.11/v/value_error"

ThingGeologicFormationAssociation|4377|4326|40|99.07535829865927
PointID|Table|Field|Error
AH-056|||Missing UnitIdentifier
AH-057|||Missing UnitIdentifier
AH-058|||Missing UnitIdentifier
AH-059|||Missing UnitIdentifier
AH-060|||Missing UnitIdentifier
AH-061|||Missing UnitIdentifier
AH-062|||Missing UnitIdentifier
AH-063|||Missing UnitIdentifier
AH-064|||Missing UnitIdentifier
AH-065|||Missing UnitIdentifier
AH-067|||Missing UnitIdentifier
AH-068|||Missing UnitIdentifier
AH-069|||Missing UnitIdentifier
AH-070|||Missing UnitIdentifier
AH-071|||Missing UnitIdentifier
AH-072|||Missing UnitIdentifier
AH-080|||Missing UnitIdentifier
AH-082|||Missing UnitIdentifier
AH-083|||Missing UnitIdentifier
AH-087|||Missing UnitIdentifier
AH-088|||Missing UnitIdentifier
AH-089|||Missing UnitIdentifier
AH-091|||Missing UnitIdentifier
AH-092|||Missing UnitIdentifier
AH-097|||Missing UnitIdentifier
AH-098|||Missing UnitIdentifier
AH-099|||Missing UnitIdentifier
AH-100|||Missing UnitIdentifier
AH-103|||Missing UnitIdentifier
AH-104|||Missing UnitIdentifier
AH-105|||Missing UnitIdentifier
AH-106|||Missing UnitIdentifier
AH-107|||Missing UnitIdentifier
AH-108|||Missing UnitIdentifier
AH-109|||Missing UnitIdentifier
AR-0209|||Missing UnitIdentifier
BW-0001|||Invalid depth logic: top=0.0 >= bottom=0.0
BW-0002|||Invalid depth logic: top=0.0 >= bottom=0.0
BW-0003|||Invalid depth logic: top=0.0 >= bottom=0.0
BW-0004|||Invalid depth logic: top=0.0 >= bottom=0.0
BW-0005|||Invalid depth logic: top=0.0 >= bottom=0.0
BW-0006|||Invalid depth logic: top=0.0 >= bottom=0.0
BW-0007|||Invalid depth logic: top=0.0 >= bottom=0.0
BW-0009|||Invalid depth logic: top=0.0 >= bottom=0.0
BW-0010|||Invalid depth logic: top=0.0 >= bottom=0.0
BW-0011|||Invalid depth logic: top=0.0 >= bottom=0.0
BW-0012|||Invalid depth logic: top=0.0 >= bottom=0.0
BW-0013|||Invalid depth logic: top=0.0 >= bottom=0.0
BW-0014|||Invalid depth logic: top=0.0 >= bottom=0.0
BW-0015|||Invalid depth logic: top=0.0 >= bottom=0.0
BW-0016|||Invalid depth logic: top=0.0 >= bottom=0.0
BW-0017|||Invalid depth logic: top=0.0 >= bottom=0.0
BW-0018|||Invalid depth logic: top=0.0 >= bottom=0.0
BW-0019|||Invalid depth logic: top=0.0 >= bottom=0.0
BW-0020|||Invalid depth logic: top=0.0 >= bottom=0.0
BW-0021|||Invalid depth logic: top=0.0 >= bottom=0.0
BW-0022|||Invalid depth logic: top=0.0 >= bottom=0.0
BW-0023|||Invalid depth logic: top=0.0 >= bottom=0.0
BW-0024|||Invalid depth logic: top=0.0 >= bottom=0.0
BW-0025|||Invalid depth logic: top=0.0 >= bottom=0.0
BW-0026|||Invalid depth logic: top=0.0 >= bottom=0.0
BW-0027|||Invalid depth logic: top=0.0 >= bottom=0.0
BW-0028|||Invalid depth logic: top=0.0 >= bottom=0.0
BW-0029|||Invalid depth logic: top=0.0 >= bottom=0.0
BW-0030|||Invalid depth logic: top=0.0 >= bottom=0.0
BW-0031|||Invalid depth logic: top=0.0 >= bottom=0.0
BW-0032|||Invalid depth logic: top=0.0 >= bottom=0.0
BW-0033|||Invalid depth logic: top=0.0 >= bottom=0.0
BW-0034|||Invalid depth logic: top=0.0 >= bottom=0.0
BW-0035|||Invalid depth logic: top=0.0 >= bottom=0.0
BW-0036|||Invalid depth logic: top=0.0 >= bottom=0.0
BW-0037|||Invalid depth logic: top=0.0 >= bottom=0.0
BW-0038|||Invalid depth logic: top=0.0 >= bottom=0.0
BW-0039|||Invalid depth logic: top=0.0 >= bottom=0.0
BW-0040|||Invalid depth logic: top=0.0 >= bottom=0.0
BW-0041|||Invalid depth logic: top=0.0 >= bottom=0.0
BW-0042|||Invalid depth logic: top=0.0 >= bottom=0.0
BW-0043|||Invalid depth logic: top=0.0 >= bottom=0.0
BW-0044|||Invalid depth logic: top=0.0 >= bottom=0.0
BW-0045|||Invalid depth logic: top=0.0 >= bottom=0.0
BW-0046|||Invalid depth logic: top=0.0 >= bottom=0.0
BW-0047|||Invalid depth logic: top=0.0 >= bottom=0.0
BW-0048|||Invalid depth logic: top=0.0 >= bottom=0.0
BW-0049|||Invalid depth logic: top=0.0 >= bottom=0.0
BW-0050|||Invalid depth logic: top=0.0 >= bottom=0.0
BW-0051|||Invalid depth logic: top=0.0 >= bottom=0.0
BW-0052|||Invalid depth logic: top=0.0 >= bottom=0.0
BW-0053|||Invalid depth logic: top=0.0 >= bottom=0.0
BW-0054|||Invalid depth logic: top=0.0 >= bottom=0.0
BW-0055|||Invalid depth logic: top=0.0 >= bottom=0.0
BW-0056|||Invalid depth logic: top=0.0 >= bottom=0.0
BW-0057|||Invalid depth logic: top=0.0 >= bottom=0.0
BW-0058|||Invalid depth logic: top=0.0 >= bottom=0.0
BW-0059|||Invalid depth logic: top=0.0 >= bottom=0.0
BW-0060|||Invalid depth logic: top=0.0 >= bottom=0.0
BW-0061|||Invalid depth logic: top=0.0 >= bottom=0.0
BW-0062|||Invalid depth logic: top=0.0 >= bottom=0.0
BW-0063|||Invalid depth logic: top=0.0 >= bottom=0.0
BW-0064|||Invalid depth logic: top=0.0 >= bottom=0.0
BW-0065|||Invalid depth logic: top=0.0 >= bottom=0.0
BW-0066|||Invalid depth logic: top=0.0 >= bottom=0.0
BW-0067|||Invalid depth logic: top=0.0 >= bottom=0.0
BW-0068|||Invalid depth logic: top=0.0 >= bottom=0.0
BW-0069|||Invalid depth logic: top=0.0 >= bottom=0.0
BW-0070|||Invalid depth logic: top=0.0 >= bottom=0.0
BW-0071|||Invalid depth logic: top=0.0 >= bottom=0.0
BW-0072|||Invalid depth logic: top=0.0 >= bottom=0.0
BW-0075|||Invalid depth logic: top=0.0 >= bottom=0.0
BW-0076|||Invalid depth logic: top=0.0 >= bottom=0.0
BW-0077|||Invalid depth logic: top=0.0 >= bottom=0.0
BW-0077|||Invalid depth logic: top=0.0 >= bottom=0.0
BW-0078|||Invalid depth logic: top=0.0 >= bottom=0.0
BW-0079|||Invalid depth logic: top=0.0 >= bottom=0.0
BW-0080|||Invalid depth logic: top=0.0 >= bottom=0.0
BW-0081|||Invalid depth logic: top=0.0 >= bottom=0.0
BW-0082|||Invalid depth logic: top=0.0 >= bottom=0.0
BW-0085|||Invalid depth logic: top=0.0 >= bottom=0.0
BW-0086|||Invalid depth logic: top=0.0 >= bottom=0.0
BW-0087|||Invalid depth logic: top=0.0 >= bottom=0.0
BW-0088|||Invalid depth logic: top=0.0 >= bottom=0.0
BW-0090|||Invalid depth logic: top=0.0 >= bottom=0.0
BW-0090|||Invalid depth logic: top=0.0 >= bottom=0.0
BW-0091|||Invalid depth logic: top=0.0 >= bottom=0.0
BW-0092|||Invalid depth logic: top=0.0 >= bottom=0.0
BW-0093|||Invalid depth logic: top=0.0 >= bottom=0.0
BW-0094|||Invalid depth logic: top=0.0 >= bottom=0.0
BW-0095|||Invalid depth logic: top=0.0 >= bottom=0.0
BW-0096|||Invalid depth logic: top=0.0 >= bottom=0.0
BW-0096|||Invalid depth logic: top=0.0 >= bottom=0.0
BW-0097|||Invalid depth logic: top=0.0 >= bottom=0.0
BW-0097|||Invalid depth logic: top=0.0 >= bottom=0.0
BW-0098|||Invalid depth logic: top=0.0 >= bottom=0.0
BW-0098|||Invalid depth logic: top=0.0 >= bottom=0.0
BW-0099|||Invalid depth logic: top=0.0 >= bottom=0.0
BW-0099|||Invalid depth logic: top=0.0 >= bottom=0.0
BW-0100|||Invalid depth logic: top=0.0 >= bottom=0.0
BW-0100|||Invalid depth logic: top=0.0 >= bottom=0.0
BW-0101|||Invalid depth logic: top=0.0 >= bottom=0.0
BW-0101|||Invalid depth logic: top=0.0 >= bottom=0.0
BW-0102|||Invalid depth logic: top=0.0 >= bottom=0.0
BW-0102|||Invalid depth logic: top=0.0 >= bottom=0.0
BW-0103|||Invalid depth logic: top=0.0 >= bottom=0.0
BW-0103|||Invalid depth logic: top=0.0 >= bottom=0.0
BW-0104|||Invalid depth logic: top=0.0 >= bottom=0.0
BW-0105|||Invalid depth logic: top=0.0 >= bottom=0.0
BW-0106|||Invalid depth logic: top=0.0 >= bottom=0.0
BW-0106|||Invalid depth logic: top=0.0 >= bottom=0.0
BW-0107|||Invalid depth logic: top=0.0 >= bottom=0.0
BW-0108|||Invalid depth logic: top=0.0 >= bottom=0.0
BW-0109|||Invalid depth logic: top=0.0 >= bottom=0.0
BW-0109|||Invalid depth logic: top=0.0 >= bottom=0.0
BW-0110|||Invalid depth logic: top=0.0 >= bottom=0.0
BW-0111|||Invalid depth logic: top=0.0 >= bottom=0.0
BW-0112|||Invalid depth logic: top=0.0 >= bottom=0.0
BW-0113|||Invalid depth logic: top=0.0 >= bottom=0.0
BW-0114|||Invalid depth logic: top=0.0 >= bottom=0.0
BW-0115|||Invalid depth logic: top=0.0 >= bottom=0.0
BW-0115|||Invalid depth logic: top=0.0 >= bottom=0.0
BW-0116|||Invalid depth logic: top=0.0 >= bottom=0.0
BW-0116|||Invalid depth logic: top=0.0 >= bottom=0.0
BW-0117|||Invalid depth logic: top=0.0 >= bottom=0.0
BW-0117|||Invalid depth logic: top=0.0 >= bottom=0.0
BW-0118|||Invalid depth logic: top=0.0 >= bottom=0.0
BW-0119|||Invalid depth logic: top=0.0 >= bottom=0.0
BW-0119|||Invalid depth logic: top=0.0 >= bottom=0.0
BW-0120|||Invalid depth logic: top=0.0 >= bottom=0.0
BW-0120|||Invalid depth logic: top=0.0 >= bottom=0.0
BW-0121|||Invalid depth logic: top=0.0 >= bottom=0.0
BW-0122|||Invalid depth logic: top=0.0 >= bottom=0.0
BW-0122|||Invalid depth logic: top=0.0 >= bottom=0.0
BW-0123|||Invalid depth logic: top=0.0 >= bottom=0.0
BW-0124|||Invalid depth logic: top=0.0 >= bottom=0.0
BW-0127|||Invalid depth logic: top=0.0 >= bottom=0.0
BW-0128|||Invalid depth logic: top=0.0 >= bottom=0.0
BW-0129|||Invalid depth logic: top=0.0 >= bottom=0.0
BW-0130|||Invalid depth logic: top=0.0 >= bottom=0.0
BW-0132|||Invalid depth logic: top=0.0 >= bottom=0.0
BW-0132|||Invalid depth logic: top=0.0 >= bottom=0.0
BW-0133|||Invalid depth logic: top=0.0 >= bottom=0.0
BW-0134|||Invalid depth logic: top=0.0 >= bottom=0.0
BW-0135|||Invalid depth logic: top=0.0 >= bottom=0.0
BW-0136|||Invalid depth logic: top=0.0 >= bottom=0.0
BW-0137|||Invalid depth logic: top=0.0 >= bottom=0.0
BW-0137|||Invalid depth logic: top=0.0 >= bottom=0.0
BW-0138|||Invalid depth logic: top=0.0 >= bottom=0.0
BW-0138|||Invalid depth logic: top=0.0 >= bottom=0.0
BW-0139|||Invalid depth logic: top=0.0 >= bottom=0.0
BW-0140|||Invalid depth logic: top=0.0 >= bottom=0.0
BW-0140|||Invalid depth logic: top=0.0 >= bottom=0.0
BW-0141|||Invalid depth logic: top=0.0 >= bottom=0.0
BW-0142|||Invalid depth logic: top=0.0 >= bottom=0.0
BW-0142|||Invalid depth logic: top=0.0 >= bottom=0.0
BW-0143|||Invalid depth logic: top=0.0 >= bottom=0.0
BW-0143|||Invalid depth logic: top=0.0 >= bottom=0.0
BW-0144|||Invalid depth logic: top=0.0 >= bottom=0.0
BW-0145|||Invalid depth logic: top=0.0 >= bottom=0.0
BW-0146|||Invalid depth logic: top=0.0 >= bottom=0.0
BW-0147|||Invalid depth logic: top=0.0 >= bottom=0.0
BW-0148|||Invalid depth logic: top=0.0 >= bottom=0.0
BW-0149|||Invalid depth logic: top=0.0 >= bottom=0.0
BW-0150|||Invalid depth logic: top=0.0 >= bottom=0.0
BW-0151|||Invalid depth logic: top=0.0 >= bottom=0.0
BW-0153|||Invalid depth logic: top=0.0 >= bottom=0.0
BW-0154|||Invalid depth logic: top=0.0 >= bottom=0.0
BW-0155|||Invalid depth logic: top=0.0 >= bottom=0.0
BW-0156|||Invalid depth logic: top=0.0 >= bottom=0.0
BW-0157|||Invalid depth logic: top=0.0 >= bottom=0.0
BW-0158|||Invalid depth logic: top=0.0 >= bottom=0.0
BW-0159|||Invalid depth logic: top=0.0 >= bottom=0.0
BW-0160|||Invalid depth logic: top=0.0 >= bottom=0.0
BW-0161|||Invalid depth logic: top=0.0 >= bottom=0.0
BW-0162|||Invalid depth logic: top=0.0 >= bottom=0.0
BW-0163|||Invalid depth logic: top=0.0 >= bottom=0.0
BW-0164|||Invalid depth logic: top=0.0 >= bottom=0.0
BW-0165|||Invalid depth logic: top=0.0 >= bottom=0.0
BW-0166|||Invalid depth logic: top=0.0 >= bottom=0.0
BW-0167|||Invalid depth logic: top=0.0 >= bottom=0.0
BW-0168|||Invalid depth logic: top=0.0 >= bottom=0.0
BW-0169|||Invalid depth logic: top=0.0 >= bottom=0.0
BW-0170|||Invalid depth logic: top=0.0 >= bottom=0.0
BW-0171|||Invalid depth logic: top=0.0 >= bottom=0.0
BW-0172|||Invalid depth logic: top=0.0 >= bottom=0.0
BW-0174|||Invalid depth logic: top=0.0 >= bottom=0.0
BW-0175|||Invalid depth logic: top=0.0 >= bottom=0.0
BW-0176|||Invalid depth logic: top=0.0 >= bottom=0.0
BW-0177|||Invalid depth logic: top=0.0 >= bottom=0.0
BW-0178|||Invalid depth logic: top=0.0 >= bottom=0.0
BW-0179|||Invalid depth logic: top=0.0 >= bottom=0.0
BW-0180|||Invalid depth logic: top=0.0 >= bottom=0.0
BW-0181|||Invalid depth logic: top=0.0 >= bottom=0.0
BW-0182|||Invalid depth logic: top=0.0 >= bottom=0.0
BW-0183|||Invalid depth logic: top=0.0 >= bottom=0.0
BW-0184|||Invalid depth logic: top=0.0 >= bottom=0.0
BW-0185|||Invalid depth logic: top=0.0 >= bottom=0.0
BW-0186|||Invalid depth logic: top=0.0 >= bottom=0.0
BW-0187|||Invalid depth logic: top=0.0 >= bottom=0.0
BW-0188|||Invalid depth logic: top=0.0 >= bottom=0.0
BW-0189|||Invalid depth logic: top=0.0 >= bottom=0.0
BW-0190|||Invalid depth logic: top=0.0 >= bottom=0.0
BW-0191|||Invalid depth logic: top=0.0 >= bottom=0.0
BW-0192|||Invalid depth logic: top=0.0 >= bottom=0.0
BW-0193|||Invalid depth logic: top=0.0 >= bottom=0.0
BW-0194|||Invalid depth logic: top=0.0 >= bottom=0.0
BW-0195|||Invalid depth logic: top=0.0 >= bottom=0.0
BW-0196|||Invalid depth logic: top=0.0 >= bottom=0.0
BW-0197|||Invalid depth logic: top=0.0 >= bottom=0.0
BW-0198|||Invalid depth logic: top=0.0 >= bottom=0.0
BW-0199|||Invalid depth logic: top=0.0 >= bottom=0.0
BW-0200|||Invalid depth logic: top=0.0 >= bottom=0.0
BW-0201|||Invalid depth logic: top=0.0 >= bottom=0.0
BW-0202|||Invalid depth logic: top=0.0 >= bottom=0.0
BW-0203|||Invalid depth logic: top=0.0 >= bottom=0.0
BW-0204|||Invalid depth logic: top=0.0 >= bottom=0.0
BW-0205|||Invalid depth logic: top=0.0 >= bottom=0.0
BW-0206|||Invalid depth logic: top=0.0 >= bottom=0.0
BW-0207|||Invalid depth logic: top=0.0 >= bottom=0.0
BW-0208|||Invalid depth logic: top=0.0 >= bottom=0.0
BW-0209|||Invalid depth logic: top=0.0 >= bottom=0.0
BW-0210|||Invalid depth logic: top=0.0 >= bottom=0.0
BW-0211|||Invalid depth logic: top=0.0 >= bottom=0.0
BW-0212|||Invalid depth logic: top=0.0 >= bottom=0.0
BW-0213|||Invalid depth logic: top=0.0 >= bottom=0.0
BW-0214|||Invalid depth logic: top=0.0 >= bottom=0.0
BW-0215|||Invalid depth logic: top=0.0 >= bottom=0.0
BW-0216|||Invalid depth logic: top=0.0 >= bottom=0.0
BW-0217|||Invalid depth logic: top=0.0 >= bottom=0.0
BW-0218|||Invalid depth logic: top=0.0 >= bottom=0.0
BW-0219|||Invalid depth logic: top=0.0 >= bottom=0.0
BW-0220|||Invalid depth logic: top=0.0 >= bottom=0.0
BW-0221|||Invalid depth logic: top=0.0 >= bottom=0.0
BW-0222|||Invalid depth logic: top=0.0 >= bottom=0.0
BW-0223|||Invalid depth logic: top=0.0 >= bottom=0.0
BW-0224|||Invalid depth logic: top=0.0 >= bottom=0.0
BW-0225|||Invalid depth logic: top=0.0 >= bottom=0.0
BW-0226|||Invalid depth logic: top=0.0 >= bottom=0.0
BW-0227|||Invalid depth logic: top=0.0 >= bottom=0.0
BW-0228|||Invalid depth logic: top=0.0 >= bottom=0.0
BW-0229|||Invalid depth logic: top=0.0 >= bottom=0.0
BW-0230|||Invalid depth logic: top=0.0 >= bottom=0.0
BW-0231|||Invalid depth logic: top=0.0 >= bottom=0.0
BW-0232|||Invalid depth logic: top=0.0 >= bottom=0.0
BW-0233|||Invalid depth logic: top=0.0 >= bottom=0.0
BW-0234|||Invalid depth logic: top=0.0 >= bottom=0.0
BW-0235|||Invalid depth logic: top=0.0 >= bottom=0.0
BW-0236|||Invalid depth logic: top=0.0 >= bottom=0.0
BW-0237|||Invalid depth logic: top=0.0 >= bottom=0.0
BW-0238|||Invalid depth logic: top=0.0 >= bottom=0.0
BW-0239|||Invalid depth logic: top=0.0 >= bottom=0.0
BW-0240|||Invalid depth logic: top=0.0 >= bottom=0.0
BW-0241|||Invalid depth logic: top=0.0 >= bottom=0.0
BW-0242|||Invalid depth logic: top=0.0 >= bottom=0.0
BW-0243|||Invalid depth logic: top=0.0 >= bottom=0.0
BW-0244|||Invalid depth logic: top=0.0 >= bottom=0.0
BW-0245|||Invalid depth logic: top=0.0 >= bottom=0.0
BW-0246|||Invalid depth logic: top=0.0 >= bottom=0.0
BW-0247|||Invalid depth logic: top=0.0 >= bottom=0.0
BW-0248|||Invalid depth logic: top=0.0 >= bottom=0.0
BW-0249|||Invalid depth logic: top=0.0 >= bottom=0.0
BW-0250|||Invalid depth logic: top=0.0 >= bottom=0.0
BW-0251|||Invalid depth logic: top=0.0 >= bottom=0.0
BW-0252|||Invalid depth logic: top=0.0 >= bottom=0.0
BW-0253|||Invalid depth logic: top=0.0 >= bottom=0.0
BW-0254|||Invalid depth logic: top=0.0 >= bottom=0.0
BW-0255|||Invalid depth logic: top=0.0 >= bottom=0.0
BW-0256|||Invalid depth logic: top=0.0 >= bottom=0.0
BW-0257|||Invalid depth logic: top=0.0 >= bottom=0.0
BW-0258|||Invalid depth logic: top=0.0 >= bottom=0.0
BW-0259|||Invalid depth logic: top=0.0 >= bottom=0.0
BW-0260|||Invalid depth logic: top=0.0 >= bottom=0.0
BW-0261|||Invalid depth logic: top=0.0 >= bottom=0.0
BW-0262|||Invalid depth logic: top=0.0 >= bottom=0.0
BW-0263|||Invalid depth logic: top=0.0 >= bottom=0.0
BW-0264|||Invalid depth logic: top=0.0 >= bottom=0.0
BW-0265|||Invalid depth logic: top=0.0 >= bottom=0.0
BW-0266|||Invalid depth logic: top=0.0 >= bottom=0.0
BW-0267|||Invalid depth logic: top=0.0 >= bottom=0.0
BW-0268|||Invalid depth logic: top=0.0 >= bottom=0.0
BW-0269|||Invalid depth logic: top=0.0 >= bottom=0.0
BW-0270|||Invalid depth logic: top=0.0 >= bottom=0.0
BW-0271|||Invalid depth logic: top=0.0 >= bottom=0.0
BW-0272|||Invalid depth logic: top=0.0 >= bottom=0.0
BW-0273|||Invalid depth logic: top=0.0 >= bottom=0.0
BW-0274|||Invalid depth logic: top=0.0 >= bottom=0.0
BW-0275|||Invalid depth logic: top=0.0 >= bottom=0.0
BW-0276|||Invalid depth logic: top=0.0 >= bottom=0.0
BW-0277|||Invalid depth logic: top=0.0 >= bottom=0.0
BW-0278|||Invalid depth logic: top=0.0 >= bottom=0.0
BW-0279|||Invalid depth logic: top=0.0 >= bottom=0.0
BW-0280|||Invalid depth logic: top=0.0 >= bottom=0.0
BW-0281|||Invalid depth logic: top=0.0 >= bottom=0.0
BW-0282|||Invalid depth logic: top=0.0 >= bottom=0.0
BW-0283|||Invalid depth logic: top=0.0 >= bottom=0.0
BW-0284|||Invalid depth logic: top=0.0 >= bottom=0.0
BW-0285|||Invalid depth logic: top=0.0 >= bottom=0.0
BW-0286|||Invalid depth logic: top=0.0 >= bottom=0.0
BW-0287|||Invalid depth logic: top=0.0 >= bottom=0.0
BW-0288|||Invalid depth logic: top=0.0 >= bottom=0.0
BW-0289|||Invalid depth logic: top=0.0 >= bottom=0.0
BW-0290|||Invalid depth logic: top=0.0 >= bottom=0.0
BW-0291|||Invalid depth logic: top=0.0 >= bottom=0.0
BW-0292|||Invalid depth logic: top=0.0 >= bottom=0.0
BW-0293|||Invalid depth logic: top=0.0 >= bottom=0.0
BW-0294|||Invalid depth logic: top=0.0 >= bottom=0.0
BW-0295|||Invalid depth logic: top=0.0 >= bottom=0.0
BW-0296|||Invalid depth logic: top=0.0 >= bottom=0.0
BW-0297|||Invalid depth logic: top=0.0 >= bottom=0.0
BW-0298|||Invalid depth logic: top=0.0 >= bottom=0.0
BW-0299|||Invalid depth logic: top=0.0 >= bottom=0.0
BW-0300|||Invalid depth logic: top=0.0 >= bottom=0.0
BW-0301|||Invalid depth logic: top=0.0 >= bottom=0.0
BW-0302|||Invalid depth logic: top=0.0 >= bottom=0.0
BW-0303|||Invalid depth logic: top=0.0 >= bottom=0.0
BW-0304|||Invalid depth logic: top=0.0 >= bottom=0.0
BW-0305|||Invalid depth logic: top=0.0 >= bottom=0.0
BW-0306|||Invalid depth logic: top=0.0 >= bottom=0.0
BW-0307|||Invalid depth logic: top=0.0 >= bottom=0.0
BW-0308|||Invalid depth logic: top=0.0 >= bottom=0.0
BW-0309|||Invalid depth logic: top=0.0 >= bottom=0.0
BW-0311|||Invalid depth logic: top=0.0 >= bottom=0.0
BW-0312|||Invalid depth logic: top=0.0 >= bottom=0.0
BW-0313|||Invalid depth logic: top=0.0 >= bottom=0.0
BW-0314|||Invalid depth logic: top=0.0 >= bottom=0.0
BW-0315|||Invalid depth logic: top=0.0 >= bottom=0.0
BW-0316|||Invalid depth logic: top=0.0 >= bottom=0.0
BW-0317|||Invalid depth logic: top=0.0 >= bottom=0.0
BW-0318|||Invalid depth logic: top=0.0 >= bottom=0.0
BW-0320|||Invalid depth logic: top=0.0 >= bottom=0.0
BW-0321|||Invalid depth logic: top=0.0 >= bottom=0.0
BW-0322|||Invalid depth logic: top=0.0 >= bottom=0.0
BW-0323|||Invalid depth logic: top=0.0 >= bottom=0.0
BW-0324|||Invalid depth logic: top=0.0 >= bottom=0.0
BW-0325|||Invalid depth logic: top=0.0 >= bottom=0.0
BW-0326|||Invalid depth logic: top=0.0 >= bottom=0.0
BW-0327|||Invalid depth logic: top=0.0 >= bottom=0.0
BW-0328|||Invalid depth logic: top=0.0 >= bottom=0.0
BW-0330|||Invalid depth logic: top=0.0 >= bottom=0.0
BW-0331|||Invalid depth logic: top=0.0 >= bottom=0.0
BW-0332|||Invalid depth logic: top=0.0 >= bottom=0.0
BW-0333|||Invalid depth logic: top=0.0 >= bottom=0.0
BW-0334|||Invalid depth logic: top=0.0 >= bottom=0.0
BW-0337|||Invalid depth logic: top=0.0 >= bottom=0.0
BW-0338|||Invalid depth logic: top=0.0 >= bottom=0.0
BW-0339|||Invalid depth logic: top=0.0 >= bottom=0.0
BW-0340|||Invalid depth logic: top=0.0 >= bottom=0.0
BW-0341|||Invalid depth logic: top=0.0 >= bottom=0.0
BW-0342|||Invalid depth logic: top=0.0 >= bottom=0.0
BW-0343|||Invalid depth logic: top=0.0 >= bottom=0.0
BW-0344|||Invalid depth logic: top=0.0 >= bottom=0.0
BW-0345|||Invalid depth logic: top=0.0 >= bottom=0.0
BW-0346|||Invalid depth logic: top=0.0 >= bottom=0.0
BW-0347|||Invalid depth logic: top=0.0 >= bottom=0.0
BW-0348|||Invalid depth logic: top=0.0 >= bottom=0.0
BW-0349|||Invalid depth logic: top=0.0 >= bottom=0.0
BW-0350|||Invalid depth logic: top=0.0 >= bottom=0.0
BW-0351|||Invalid depth logic: top=0.0 >= bottom=0.0
BW-0352|||Invalid depth logic: top=0.0 >= bottom=0.0
BW-0353|||Invalid depth logic: top=0.0 >= bottom=0.0
BW-0354|||Invalid depth logic: top=0.0 >= bottom=0.0
BW-0355|||Invalid depth logic: top=0.0 >= bottom=0.0
BW-0356|||Invalid depth logic: top=0.0 >= bottom=0.0
BW-0357|||Invalid depth logic: top=0.0 >= bottom=0.0
BW-0358|||Invalid depth logic: top=0.0 >= bottom=0.0
BW-0359|||Invalid depth logic: top=0.0 >= bottom=0.0
BW-0360|||Invalid depth logic: top=0.0 >= bottom=0.0
BW-0361|||Invalid depth logic: top=0.0 >= bottom=0.0
BW-0362|||Invalid depth logic: top=0.0 >= bottom=0.0
BW-0363|||Invalid depth logic: top=0.0 >= bottom=0.0
BW-0364|||Invalid depth logic: top=0.0 >= bottom=0.0
BW-0365|||Invalid depth logic: top=0.0 >= bottom=0.0
BW-0366|||Invalid depth logic: top=0.0 >= bottom=0.0
BW-0367|||Invalid depth logic: top=0.0 >= bottom=0.0
BW-0368|||Invalid depth logic: top=0.0 >= bottom=0.0
BW-0369|||Invalid depth logic: top=0.0 >= bottom=0.0
BW-0370|||Invalid depth logic: top=0.0 >= bottom=0.0
BW-0371|||Invalid depth logic: top=0.0 >= bottom=0.0
BW-0372|||Invalid depth logic: top=0.0 >= bottom=0.0
BW-0373|||Invalid depth logic: top=0.0 >= bottom=0.0
BW-0374|||Invalid depth logic: top=0.0 >= bottom=0.0
BW-0375|||Invalid depth logic: top=0.0 >= bottom=0.0
BW-0376|||Invalid depth logic: top=0.0 >= bottom=0.0
BW-0377|||Invalid depth logic: top=0.0 >= bottom=0.0
BW-0378|||Invalid depth logic: top=0.0 >= bottom=0.0
BW-0379|||Invalid depth logic: top=0.0 >= bottom=0.0
BW-0380|||Invalid depth logic: top=0.0 >= bottom=0.0
BW-0381|||Invalid depth logic: top=0.0 >= bottom=0.0
BW-0382|||Invalid depth logic: top=0.0 >= bottom=0.0
BW-0383|||Invalid depth logic: top=0.0 >= bottom=0.0
BW-0384|||Invalid depth logic: top=0.0 >= bottom=0.0
BW-0385|||Invalid depth logic: top=0.0 >= bottom=0.0
BW-0386|||Invalid depth logic: top=0.0 >= bottom=0.0
BW-0387|||Invalid depth logic: top=0.0 >= bottom=0.0
BW-0388|||Invalid depth logic: top=0.0 >= bottom=0.0
BW-0389|||Invalid depth logic: top=0.0 >= bottom=0.0
BW-0390|||Invalid depth logic: top=0.0 >= bottom=0.0
BW-0391|||Invalid depth logic: top=0.0 >= bottom=0.0
BW-0392|||Invalid depth logic: top=0.0 >= bottom=0.0
BW-0393|||Invalid depth logic: top=0.0 >= bottom=0.0
BW-0394|||Invalid depth logic: top=0.0 >= bottom=0.0
BW-0395|||Invalid depth logic: top=0.0 >= bottom=0.0
BW-0396|||Invalid depth logic: top=0.0 >= bottom=0.0
BW-0397|||Invalid depth logic: top=0.0 >= bottom=0.0
BW-0398|||Invalid depth logic: top=0.0 >= bottom=0.0
BW-0399|||Invalid depth logic: top=0.0 >= bottom=0.0
BW-0400|||Invalid depth logic: top=0.0 >= bottom=0.0
BW-0401|||Invalid depth logic: top=0.0 >= bottom=0.0
BW-0402|||Invalid depth logic: top=0.0 >= bottom=0.0
BW-0403|||Invalid depth logic: top=0.0 >= bottom=0.0
BW-0404|||Invalid depth logic: top=0.0 >= bottom=0.0
BW-0405|||Invalid depth logic: top=0.0 >= bottom=0.0
BW-0406|||Invalid depth logic: top=0.0 >= bottom=0.0
BW-0407|||Invalid depth logic: top=0.0 >= bottom=0.0
BW-0408|||Invalid depth logic: top=0.0 >= bottom=0.0
BW-0409|||Invalid depth logic: top=0.0 >= bottom=0.0
BW-0410|||Invalid depth logic: top=0.0 >= bottom=0.0
BW-0411|||Invalid depth logic: top=0.0 >= bottom=0.0
BW-0412|||Invalid depth logic: top=0.0 >= bottom=0.0
BW-0413|||Invalid depth logic: top=0.0 >= bottom=0.0
BW-0414|||Invalid depth logic: top=0.0 >= bottom=0.0
BW-0415|||Invalid depth logic: top=0.0 >= bottom=0.0
BW-0416|||Invalid depth logic: top=0.0 >= bottom=0.0
BW-0417|||Invalid depth logic: top=0.0 >= bottom=0.0
BW-0418|||Invalid depth logic: top=0.0 >= bottom=0.0
BW-0419|||Invalid depth logic: top=0.0 >= bottom=0.0
BW-0420|||Invalid depth logic: top=0.0 >= bottom=0.0
BW-0422|||Invalid depth logic: top=0.0 >= bottom=0.0
BW-0423|||Invalid depth logic: top=0.0 >= bottom=0.0
BW-0424|||Invalid depth logic: top=0.0 >= bottom=0.0
BW-0425|||Invalid depth logic: top=0.0 >= bottom=0.0
BW-0426|||Invalid depth logic: top=0.0 >= bottom=0.0
BW-0427|||Invalid depth logic: top=0.0 >= bottom=0.0
BW-0428|||Invalid depth logic: top=0.0 >= bottom=0.0
BW-0429|||Invalid depth logic: top=0.0 >= bottom=0.0
BW-0430|||Invalid depth logic: top=0.0 >= bottom=0.0
BW-0431|||Invalid depth logic: top=0.0 >= bottom=0.0
BW-0432|||Invalid depth logic: top=0.0 >= bottom=0.0
BW-0434|||Invalid depth logic: top=0.0 >= bottom=0.0
BW-0435|||Invalid depth logic: top=0.0 >= bottom=0.0
BW-0436|||Invalid depth logic: top=0.0 >= bottom=0.0
BW-0437|||Invalid depth logic: top=0.0 >= bottom=0.0
BW-0438|||Invalid depth logic: top=0.0 >= bottom=0.0
BW-0439|||Invalid depth logic: top=0.0 >= bottom=0.0
BW-0441|||Invalid depth logic: top=0.0 >= bottom=0.0
BW-0442|||Invalid depth logic: top=0.0 >= bottom=0.0
BW-0443|||Invalid depth logic: top=0.0 >= bottom=0.0
BW-0444|||Invalid depth logic: top=0.0 >= bottom=0.0
BW-0445|||Invalid depth logic: top=0.0 >= bottom=0.0
BW-0446|||Invalid depth logic: top=0.0 >= bottom=0.0
BW-0447|||Invalid depth logic: top=0.0 >= bottom=0.0
BW-0448|||Invalid depth logic: top=0.0 >= bottom=0.0
BW-0449|||Invalid depth logic: top=0.0 >= bottom=0.0
BW-0450|||Invalid depth logic: top=0.0 >= bottom=0.0
BW-0451|||Invalid depth logic: top=0.0 >= bottom=0.0
BW-0453|||Invalid depth logic: top=0.0 >= bottom=0.0
BW-0455|||Invalid depth logic: top=0.0 >= bottom=0.0
BW-0456|||Invalid depth logic: top=0.0 >= bottom=0.0
BW-0457|||Invalid depth logic: top=0.0 >= bottom=0.0
BW-0459|||Invalid depth logic: top=0.0 >= bottom=0.0
BW-0460|||Invalid depth logic: top=0.0 >= bottom=0.0
BW-0461|||Invalid depth logic: top=0.0 >= bottom=0.0
BW-0462|||Invalid depth logic: top=0.0 >= bottom=0.0
BW-0463|||Invalid depth logic: top=0.0 >= bottom=0.0
BW-0464|||Invalid depth logic: top=0.0 >= bottom=0.0
BW-0465|||Invalid depth logic: top=0.0 >= bottom=0.0
BW-0466|||Invalid depth logic: top=0.0 >= bottom=0.0
BW-0467|||Invalid depth logic: top=0.0 >= bottom=0.0
BW-0468|||Invalid depth logic: top=0.0 >= bottom=0.0
BW-0469|||Invalid depth logic: top=0.0 >= bottom=0.0
BW-0470|||Invalid depth logic: top=0.0 >= bottom=0.0
BW-0471|||Invalid depth logic: top=0.0 >= bottom=0.0
BW-0472|||Invalid depth logic: top=0.0 >= bottom=0.0
BW-0473|||Invalid depth logic: top=0.0 >= bottom=0.0
BW-0474|||Invalid depth logic: top=0.0 >= bottom=0.0
BW-0475|||Invalid depth logic: top=0.0 >= bottom=0.0
BW-0476|||Invalid depth logic: top=0.0 >= bottom=0.0
BW-0477|||Invalid depth logic: top=0.0 >= bottom=0.0
BW-0478|||Invalid depth logic: top=0.0 >= bottom=0.0
BW-0479|||Invalid depth logic: top=0.0 >= bottom=0.0
BW-0480|||Invalid depth logic: top=0.0 >= bottom=0.0
BW-0481|||Invalid depth logic: top=0.0 >= bottom=0.0
BW-0482|||Invalid depth logic: top=0.0 >= bottom=0.0
BW-0483|||Invalid depth logic: top=0.0 >= bottom=0.0
BW-0484|||Invalid depth logic: top=0.0 >= bottom=0.0
BW-0485|||Invalid depth logic: top=0.0 >= bottom=0.0
BW-0486|||Invalid depth logic: top=0.0 >= bottom=0.0
BW-0487|||Invalid depth logic: top=0.0 >= bottom=0.0
BW-0488|||Invalid depth logic: top=0.0 >= bottom=0.0
BW-0489|||Invalid depth logic: top=0.0 >= bottom=0.0
BW-0490|||Invalid depth logic: top=0.0 >= bottom=0.0
BW-0491|||Invalid depth logic: top=0.0 >= bottom=0.0
BW-0492|||Invalid depth logic: top=0.0 >= bottom=0.0
BW-0493|||Invalid depth logic: top=0.0 >= bottom=0.0
BW-0494|||Invalid depth logic: top=0.0 >= bottom=0.0
BW-0495|||Invalid depth logic: top=0.0 >= bottom=0.0
BW-0496|||Invalid depth logic: top=0.0 >= bottom=0.0
BW-0497|||Invalid depth logic: top=0.0 >= bottom=0.0
BW-0498|||Invalid depth logic: top=0.0 >= bottom=0.0
BW-0499|||Invalid depth logic: top=0.0 >= bottom=0.0
BW-0500|||Invalid depth logic: top=0.0 >= bottom=0.0
BW-0501|||Invalid depth logic: top=0.0 >= bottom=0.0
BW-0502|||Invalid depth logic: top=0.0 >= bottom=0.0
BW-0503|||Invalid depth logic: top=0.0 >= bottom=0.0
BW-0504|||Invalid depth logic: top=0.0 >= bottom=0.0
BW-0505|||Invalid depth logic: top=0.0 >= bottom=0.0
BW-0506|||Invalid depth logic: top=0.0 >= bottom=0.0
BW-0507|||Invalid depth logic: top=0.0 >= bottom=0.0
BW-0508|||Invalid depth logic: top=0.0 >= bottom=0.0
BW-0509|||Invalid depth logic: top=0.0 >= bottom=0.0
BW-0510|||Invalid depth logic: top=0.0 >= bottom=0.0
BW-0661|||Invalid depth logic: top=0.0 >= bottom=0.0
BW-0662|||Invalid depth logic: top=0.0 >= bottom=0.0
BW-0663|||Invalid depth logic: top=0.0 >= bottom=0.0
BW-0664|||Invalid depth logic: top=0.0 >= bottom=0.0
BW-0665|||Invalid depth logic: top=0.0 >= bottom=0.0
BW-0666|||Invalid depth logic: top=0.0 >= bottom=0.0
BW-0667|||Invalid depth logic: top=0.0 >= bottom=0.0
BW-0668|||Invalid depth logic: top=0.0 >= bottom=0.0
BW-0669|||Invalid depth logic: top=0.0 >= bottom=0.0
BW-0670|||Invalid depth logic: top=0.0 >= bottom=0.0
BW-0671|||Invalid depth logic: top=0.0 >= bottom=0.0
BW-0672|||Invalid depth logic: top=0.0 >= bottom=0.0
BW-0673|||Invalid depth logic: top=0.0 >= bottom=0.0
BW-0674|||Invalid depth logic: top=0.0 >= bottom=0.0
BW-0675|||Invalid depth logic: top=0.0 >= bottom=0.0
BW-0676|||Invalid depth logic: top=0.0 >= bottom=0.0
BW-0677|||Invalid depth logic: top=0.0 >= bottom=0.0
BW-0678|||Invalid depth logic: top=0.0 >= bottom=0.0
BW-0679|||Invalid depth logic: top=0.0 >= bottom=0.0
BW-0680|||Invalid depth logic: top=0.0 >= bottom=0.0
BW-0681|||Invalid depth logic: top=0.0 >= bottom=0.0
BW-0682|||Invalid depth logic: top=0.0 >= bottom=0.0
BW-0683|||Invalid depth logic: top=0.0 >= bottom=0.0
BW-0684|||Invalid depth logic: top=0.0 >= bottom=0.0
BW-0685|||Invalid depth logic: top=0.0 >= bottom=0.0
BW-0686|||Invalid depth logic: top=0.0 >= bottom=0.0
BW-0687|||Invalid depth logic: top=0.0 >= bottom=0.0
BW-0688|||Invalid depth logic: top=0.0 >= bottom=0.0
BW-0689|||Invalid depth logic: top=0.0 >= bottom=0.0
BW-0690|||Invalid depth logic: top=0.0 >= bottom=0.0
BW-0691|||Invalid depth logic: top=0.0 >= bottom=0.0
BW-0692|||Invalid depth logic: top=0.0 >= bottom=0.0
BW-0693|||Invalid depth logic: top=0.0 >= bottom=0.0
BW-0694|||Invalid depth logic: top=0.0 >= bottom=0.0
BW-0695|||Invalid depth logic: top=0.0 >= bottom=0.0
BW-0696|||Invalid depth logic: top=0.0 >= bottom=0.0
BW-0697|||Invalid depth logic: top=0.0 >= bottom=0.0
BW-0698|||Invalid depth logic: top=0.0 >= bottom=0.0
BW-0699|||Invalid depth logic: top=0.0 >= bottom=0.0
BW-0700|||Invalid depth logic: top=0.0 >= bottom=0.0
BW-0701|||Invalid depth logic: top=0.0 >= bottom=0.0
BW-0702|||Invalid depth logic: top=0.0 >= bottom=0.0
BW-0703|||Invalid depth logic: top=0.0 >= bottom=0.0
BW-0704|||Invalid depth logic: top=0.0 >= bottom=0.0
BW-0705|||Invalid depth logic: top=0.0 >= bottom=0.0
BW-0706|||Invalid depth logic: top=0.0 >= bottom=0.0
BW-0707|||Invalid depth logic: top=0.0 >= bottom=0.0
BW-0708|||Invalid depth logic: top=0.0 >= bottom=0.0
BW-0709|||Invalid depth logic: top=0.0 >= bottom=0.0
BW-0710|||Invalid depth logic: top=0.0 >= bottom=0.0
BW-0711|||Invalid depth logic: top=0.0 >= bottom=0.0
BW-0712|||Invalid depth logic: top=0.0 >= bottom=0.0
BW-0713|||Invalid depth logic: top=0.0 >= bottom=0.0
BW-0714|||Invalid depth logic: top=0.0 >= bottom=0.0
BW-0715|||Invalid depth logic: top=0.0 >= bottom=0.0
BW-0716|||Invalid depth logic: top=0.0 >= bottom=0.0
BW-0717|||Invalid depth logic: top=0.0 >= bottom=0.0
BW-0718|||Invalid depth logic: top=0.0 >= bottom=0.0
BW-0719|||Invalid depth logic: top=0.0 >= bottom=0.0
BW-0720|||Invalid depth logic: top=0.0 >= bottom=0.0
BW-0721|||Invalid depth logic: top=0.0 >= bottom=0.0
BW-0722|||Invalid depth logic: top=0.0 >= bottom=0.0
BW-0723|||Invalid depth logic: top=0.0 >= bottom=0.0
BW-0724|||Invalid depth logic: top=0.0 >= bottom=0.0
BW-0725|||Invalid depth logic: top=0.0 >= bottom=0.0
BW-0726|||Invalid depth logic: top=0.0 >= bottom=0.0
BW-0727|||Invalid depth logic: top=0.0 >= bottom=0.0
BW-0728|||Invalid depth logic: top=0.0 >= bottom=0.0
BW-0729|||Invalid depth logic: top=0.0 >= bottom=0.0
BW-0730|||Invalid depth logic: top=0.0 >= bottom=0.0
BW-0731|||Invalid depth logic: top=0.0 >= bottom=0.0
BW-0732|||Invalid depth logic: top=0.0 >= bottom=0.0
BW-0733|||Invalid depth logic: top=0.0 >= bottom=0.0
BW-0734|||Invalid depth logic: top=0.0 >= bottom=0.0
BW-0735|||Invalid depth logic: top=0.0 >= bottom=0.0
BW-0736|||Invalid depth logic: top=0.0 >= bottom=0.0
BW-0737|||Invalid depth logic: top=0.0 >= bottom=0.0
BW-0738|||Invalid depth logic: top=0.0 >= bottom=0.0
BW-0739|||Invalid depth logic: top=0.0 >= bottom=0.0
BW-0740|||Invalid depth logic: top=0.0 >= bottom=0.0
BW-0741|||Invalid depth logic: top=0.0 >= bottom=0.0
BW-0742|||Invalid depth logic: top=0.0 >= bottom=0.0
BW-0743|||Invalid depth logic: top=0.0 >= bottom=0.0
BW-0744|||Invalid depth logic: top=0.0 >= bottom=0.0
BW-0745|||Invalid depth logic: top=0.0 >= bottom=0.0
BW-0746|||Invalid depth logic: top=0.0 >= bottom=0.0
BW-0747|||Invalid depth logic: top=0.0 >= bottom=0.0
BW-0748|||Invalid depth logic: top=0.0 >= bottom=0.0
BW-0749|||Invalid depth logic: top=0.0 >= bottom=0.0
BW-0750|||Invalid depth logic: top=0.0 >= bottom=0.0
BW-0751|||Invalid depth logic: top=0.0 >= bottom=0.0
BW-0752|||Invalid depth logic: top=0.0 >= bottom=0.0
BW-0753|||Invalid depth logic: top=0.0 >= bottom=0.0
BW-0754|||Invalid depth logic: top=0.0 >= bottom=0.0
BW-0755|||Invalid depth logic: top=0.0 >= bottom=0.0
BW-0756|||Invalid depth logic: top=0.0 >= bottom=0.0
BW-0757|||Invalid depth logic: top=0.0 >= bottom=0.0
BW-0758|||Invalid depth logic: top=0.0 >= bottom=0.0
BW-0759|||Invalid depth logic: top=0.0 >= bottom=0.0
BW-0760|||Invalid depth logic: top=0.0 >= bottom=0.0
BW-0761|||Invalid depth logic: top=0.0 >= bottom=0.0
BW-0762|||Invalid depth logic: top=0.0 >= bottom=0.0
BW-0763|||Invalid depth logic: top=0.0 >= bottom=0.0
BW-0764|||Invalid depth logic: top=0.0 >= bottom=0.0
BW-0765|||Invalid depth logic: top=0.0 >= bottom=0.0
BW-0766|||Invalid depth logic: top=0.0 >= bottom=0.0
BW-0767|||Invalid depth logic: top=0.0 >= bottom=0.0
BW-0768|||Invalid depth logic: top=0.0 >= bottom=0.0
BW-0769|||Invalid depth logic: top=0.0 >= bottom=0.0
BW-0770|||Invalid depth logic: top=0.0 >= bottom=0.0
BW-0771|||Invalid depth logic: top=0.0 >= bottom=0.0
BW-0772|||Invalid depth logic: top=0.0 >= bottom=0.0
BW-0773|||Invalid depth logic: top=0.0 >= bottom=0.0
BW-0774|||Invalid depth logic: top=0.0 >= bottom=0.0
BW-0775|||Invalid depth logic: top=0.0 >= bottom=0.0
BW-0776|||Invalid depth logic: top=0.0 >= bottom=0.0
BW-0777|||Invalid depth logic: top=0.0 >= bottom=0.0
BW-0778|||Invalid depth logic: top=0.0 >= bottom=0.0
BW-0779|||Invalid depth logic: top=0.0 >= bottom=0.0
BW-0780|||Invalid depth logic: top=0.0 >= bottom=0.0
BW-0781|||Invalid depth logic: top=0.0 >= bottom=0.0
BW-0782|||Invalid depth logic: top=0.0 >= bottom=0.0
BW-0783|||Invalid depth logic: top=0.0 >= bottom=0.0
BW-0784|||Invalid depth logic: top=0.0 >= bottom=0.0
BW-0785|||Invalid depth logic: top=0.0 >= bottom=0.0
BW-0786|||Invalid depth logic: top=0.0 >= bottom=0.0
BW-0787|||Invalid depth logic: top=0.0 >= bottom=0.0
BW-0788|||Invalid depth logic: top=0.0 >= bottom=0.0
BW-0789|||Invalid depth logic: top=0.0 >= bottom=0.0
BW-0790|||Invalid depth logic: top=0.0 >= bottom=0.0
BW-0791|||Invalid depth logic: top=0.0 >= bottom=0.0
BW-0792|||Invalid depth logic: top=0.0 >= bottom=0.0
BW-0793|||Invalid depth logic: top=0.0 >= bottom=0.0
BW-0794|||Invalid depth logic: top=0.0 >= bottom=0.0
BW-0795|||Invalid depth logic: top=0.0 >= bottom=0.0
BW-0796|||Invalid depth logic: top=0.0 >= bottom=0.0
BW-0797|||Invalid depth logic: top=0.0 >= bottom=0.0
BW-0798|||Invalid depth logic: top=0.0 >= bottom=0.0
BW-0799|||Invalid depth logic: top=0.0 >= bottom=0.0
BW-0800|||Invalid depth logic: top=0.0 >= bottom=0.0
BW-0801|||Invalid depth logic: top=0.0 >= bottom=0.0
BW-0802|||Invalid depth logic: top=0.0 >= bottom=0.0
BW-0803|||Invalid depth logic: top=0.0 >= bottom=0.0
BW-0804|||Invalid depth logic: top=0.0 >= bottom=0.0
BW-0805|||Invalid depth logic: top=0.0 >= bottom=0.0
BW-0806|||Invalid depth logic: top=0.0 >= bottom=0.0
BW-0807|||Invalid depth logic: top=0.0 >= bottom=0.0
BW-0808|||Invalid depth logic: top=0.0 >= bottom=0.0
BW-0809|||Invalid depth logic: top=0.0 >= bottom=0.0
BW-0810|||Invalid depth logic: top=0.0 >= bottom=0.0
BW-0811|||Invalid depth logic: top=0.0 >= bottom=0.0
BW-0812|||Invalid depth logic: top=0.0 >= bottom=0.0
BW-0813|||Invalid depth logic: top=0.0 >= bottom=0.0
BW-0814|||Invalid depth logic: top=0.0 >= bottom=0.0
BW-0815|||Invalid depth logic: top=0.0 >= bottom=0.0
BW-0816|||Invalid depth logic: top=0.0 >= bottom=0.0
BW-0817|||Invalid depth logic: top=0.0 >= bottom=0.0
BW-0818|||Invalid depth logic: top=0.0 >= bottom=0.0
BW-0819|||Invalid depth logic: top=0.0 >= bottom=0.0
BW-0820|||Invalid depth logic: top=0.0 >= bottom=0.0
BW-0821|||Invalid depth logic: top=0.0 >= bottom=0.0
BW-0822|||Invalid depth logic: top=0.0 >= bottom=0.0
BW-0823|||Invalid depth logic: top=0.0 >= bottom=0.0
BW-0824|||Invalid depth logic: top=0.0 >= bottom=0.0
BW-0825|||Invalid depth logic: top=0.0 >= bottom=0.0
BW-0826|||Invalid depth logic: top=0.0 >= bottom=0.0
BW-0827|||Invalid depth logic: top=0.0 >= bottom=0.0
BW-0828|||Invalid depth logic: top=0.0 >= bottom=0.0
BW-0829|||Invalid depth logic: top=0.0 >= bottom=0.0
BW-0830|||Invalid depth logic: top=0.0 >= bottom=0.0
BW-0831|||Invalid depth logic: top=0.0 >= bottom=0.0
BW-0832|||Invalid depth logic: top=0.0 >= bottom=0.0
BW-0833|||Invalid depth logic: top=0.0 >= bottom=0.0
BW-0834|||Invalid depth logic: top=0.0 >= bottom=0.0
BW-0836|||Invalid depth logic: top=0.0 >= bottom=0.0
BW-0838|||Invalid depth logic: top=0.0 >= bottom=0.0
BW-0839|||Invalid depth logic: top=0.0 >= bottom=0.0
BW-0840|||Invalid depth logic: top=0.0 >= bottom=0.0
BW-0841|||Invalid depth logic: top=0.0 >= bottom=0.0
BW-0842|||Invalid depth logic: top=0.0 >= bottom=0.0
BW-0843|||Invalid depth logic: top=0.0 >= bottom=0.0
BW-0844|||Invalid depth logic: top=0.0 >= bottom=0.0
BW-0845|||Invalid depth logic: top=0.0 >= bottom=0.0
BW-0846|||Invalid depth logic: top=0.0 >= bottom=0.0
BW-0847|||Invalid depth logic: top=0.0 >= bottom=0.0
BW-0848|||Invalid depth logic: top=0.0 >= bottom=0.0
BW-0849|||Invalid depth logic: top=0.0 >= bottom=0.0
BW-0850|||Invalid depth logic: top=0.0 >= bottom=0.0
BW-0851|||Invalid depth logic: top=0.0 >= bottom=0.0
BW-0852|||Invalid depth logic: top=0.0 >= bottom=0.0
BW-0853|||Invalid depth logic: top=0.0 >= bottom=0.0
BW-0854|||Invalid depth logic: top=0.0 >= bottom=0.0
BW-0855|||Invalid depth logic: top=0.0 >= bottom=0.0
BW-0856|||Invalid depth logic: top=0.0 >= bottom=0.0
BW-0857|||Invalid depth logic: top=0.0 >= bottom=0.0
BW-0858|||Invalid depth logic: top=0.0 >= bottom=0.0
BW-0859|||Invalid depth logic: top=0.0 >= bottom=0.0
BW-0860|||Invalid depth logic: top=0.0 >= bottom=0.0
BW-0861|||Invalid depth logic: top=0.0 >= bottom=0.0
BW-0862|||Invalid depth logic: top=0.0 >= bottom=0.0
BW-0863|||Invalid depth logic: top=0.0 >= bottom=0.0
BW-0864|||Invalid depth logic: top=0.0 >= bottom=0.0
BW-0865|||Invalid depth logic: top=0.0 >= bottom=0.0
BW-0866|||Invalid depth logic: top=0.0 >= bottom=0.0
BW-0867|||Invalid depth logic: top=0.0 >= bottom=0.0
BW-0868|||Invalid depth logic: top=0.0 >= bottom=0.0
BW-0869|||Invalid depth logic: top=0.0 >= bottom=0.0
BW-0870|||Invalid depth logic: top=0.0 >= bottom=0.0
BW-0871|||Invalid depth logic: top=0.0 >= bottom=0.0
BW-0872|||Invalid depth logic: top=0.0 >= bottom=0.0
BW-0873|||Invalid depth logic: top=0.0 >= bottom=0.0
BW-0874|||Invalid depth logic: top=0.0 >= bottom=0.0
BW-0875|||Invalid depth logic: top=0.0 >= bottom=0.0
BW-0876|||Invalid depth logic: top=0.0 >= bottom=0.0
BW-0877|||Invalid depth logic: top=0.0 >= bottom=0.0
BW-0878|||Invalid depth logic: top=0.0 >= bottom=0.0
BW-0879|||Invalid depth logic: top=0.0 >= bottom=0.0
BW-0880|||Invalid depth logic: top=0.0 >= bottom=0.0
BW-0881|||Invalid depth logic: top=0.0 >= bottom=0.0
BW-0882|||Invalid depth logic: top=0.0 >= bottom=0.0
BW-0883|||Invalid depth logic: top=0.0 >= bottom=0.0
BW-0884|||Invalid depth logic: top=0.0 >= bottom=0.0
BW-0885|||Invalid depth logic: top=0.0 >= bottom=0.0
BW-0886|||Invalid depth logic: top=0.0 >= bottom=0.0
BW-0887|||Invalid depth logic: top=0.0 >= bottom=0.0
BW-0888|||Invalid depth logic: top=0.0 >= bottom=0.0
BW-0889|||Invalid depth logic: top=0.0 >= bottom=0.0
BW-0890|||Invalid depth logic: top=0.0 >= bottom=0.0
BW-0891|||Invalid depth logic: top=0.0 >= bottom=0.0
BW-0892|||Invalid depth logic: top=0.0 >= bottom=0.0
BW-0893|||Invalid depth logic: top=0.0 >= bottom=0.0
BW-0894|||Invalid depth logic: top=0.0 >= bottom=0.0
BW-0895|||Invalid depth logic: top=0.0 >= bottom=0.0
BW-0896|||Invalid depth logic: top=0.0 >= bottom=0.0
BW-0897|||Invalid depth logic: top=0.0 >= bottom=0.0
BW-0898|||Invalid depth logic: top=0.0 >= bottom=0.0
BW-0899|||Invalid depth logic: top=0.0 >= bottom=0.0
BW-0900|||Invalid depth logic: top=0.0 >= bottom=0.0
BW-0901|||Invalid depth logic: top=0.0 >= bottom=0.0
BW-0902|||Invalid depth logic: top=0.0 >= bottom=0.0
BW-0903|||Invalid depth logic: top=0.0 >= bottom=0.0
BW-0904|||Invalid depth logic: top=0.0 >= bottom=0.0
BW-0905|||Invalid depth logic: top=0.0 >= bottom=0.0
BW-0906|||Invalid depth logic: top=0.0 >= bottom=0.0
BW-0907|||Invalid depth logic: top=0.0 >= bottom=0.0
BW-0908|||Invalid depth logic: top=0.0 >= bottom=0.0
BW-0909|||Invalid depth logic: top=0.0 >= bottom=0.0
CX-0001|||Invalid depth logic: top=0.0 >= bottom=0.0
CX-0002|||Invalid depth logic: top=0.0 >= bottom=0.0
CX-0002|||Invalid depth logic: top=0.0 >= bottom=0.0
CX-0003|||Invalid depth logic: top=0.0 >= bottom=0.0
CX-0003|||Invalid depth logic: top=0.0 >= bottom=0.0
CX-0004|||Invalid depth logic: top=0.0 >= bottom=0.0
CX-0005|||Invalid depth logic: top=0.0 >= bottom=0.0
CX-0006|||Invalid depth logic: top=0.0 >= bottom=0.0
CX-0007|||Invalid depth logic: top=0.0 >= bottom=0.0
CX-0008|||Invalid depth logic: top=0.0 >= bottom=0.0
CX-0009|||Invalid depth logic: top=0.0 >= bottom=0.0
CX-0010|||Invalid depth logic: top=0.0 >= bottom=0.0
CX-0011|||Invalid depth logic: top=0.0 >= bottom=0.0
CX-0012|||Invalid depth logic: top=0.0 >= bottom=0.0
CX-0013|||Invalid depth logic: top=0.0 >= bottom=0.0
CX-0014|||Invalid depth logic: top=0.0 >= bottom=0.0
CX-0015|||Invalid depth logic: top=0.0 >= bottom=0.0
CX-0016|||Invalid depth logic: top=0.0 >= bottom=0.0
CX-0018|||Invalid depth logic: top=0.0 >= bottom=0.0
CX-0019|||Invalid depth logic: top=0.0 >= bottom=0.0
CX-0020|||Invalid depth logic: top=0.0 >= bottom=0.0
CX-0021|||Invalid depth logic: top=0.0 >= bottom=0.0
CX-0022|||Invalid depth logic: top=0.0 >= bottom=0.0
CX-0023|||Invalid depth logic: top=0.0 >= bottom=0.0
CX-0024|||Invalid depth logic: top=0.0 >= bottom=0.0
CX-0025|||Invalid depth logic: top=0.0 >= bottom=0.0
CX-0026|||Invalid depth logic: top=0.0 >= bottom=0.0
CX-0027|||Invalid depth logic: top=0.0 >= bottom=0.0
CX-0028|||Invalid depth logic: top=0.0 >= bottom=0.0
CX-0029|||Invalid depth logic: top=0.0 >= bottom=0.0
CX-0030|||Invalid depth logic: top=0.0 >= bottom=0.0
CX-0031|||Invalid depth logic: top=0.0 >= bottom=0.0
CX-0032|||Invalid depth logic: top=0.0 >= bottom=0.0
CX-0033|||Invalid depth logic: top=0.0 >= bottom=0.0
CX-0034|||Invalid depth logic: top=0.0 >= bottom=0.0
CX-0035|||Invalid depth logic: top=0.0 >= bottom=0.0
CX-0036|||Invalid depth logic: top=0.0 >= bottom=0.0
CX-0038|||Invalid depth logic: top=0.0 >= bottom=0.0
CX-0039|||Invalid depth logic: top=0.0 >= bottom=0.0
CX-0040|||Invalid depth logic: top=0.0 >= bottom=0.0
CX-0041|||Invalid depth logic: top=0.0 >= bottom=0.0
CX-0042|||Invalid depth logic: top=0.0 >= bottom=0.0
CX-0043|||Invalid depth logic: top=0.0 >= bottom=0.0
CX-0044|||Invalid depth logic: top=0.0 >= bottom=0.0
CX-0047|||Invalid depth logic: top=0.0 >= bottom=0.0
CX-0048|||Invalid depth logic: top=0.0 >= bottom=0.0
CX-0049|||Invalid depth logic: top=0.0 >= bottom=0.0
CX-0050|||Invalid depth logic: top=0.0 >= bottom=0.0
CX-0051|||Invalid depth logic: top=0.0 >= bottom=0.0
CX-0052|||Invalid depth logic: top=0.0 >= bottom=0.0
CX-0053|||Invalid depth logic: top=0.0 >= bottom=0.0
CX-0054|||Invalid depth logic: top=0.0 >= bottom=0.0
CX-0055|||Invalid depth logic: top=0.0 >= bottom=0.0
CX-0056|||Invalid depth logic: top=0.0 >= bottom=0.0
CX-0058|||Invalid depth logic: top=0.0 >= bottom=0.0
CX-0059|||Invalid depth logic: top=0.0 >= bottom=0.0
CX-0060|||Invalid depth logic: top=0.0 >= bottom=0.0
CX-0061|||Invalid depth logic: top=0.0 >= bottom=0.0
CX-0062|||Invalid depth logic: top=0.0 >= bottom=0.0
CX-0062|||Invalid depth logic: top=0.0 >= bottom=0.0
CX-0063|||Invalid depth logic: top=0.0 >= bottom=0.0
CX-0064|||Invalid depth logic: top=0.0 >= bottom=0.0
CX-0065|||Invalid depth logic: top=0.0 >= bottom=0.0
CX-0066|||Invalid depth logic: top=0.0 >= bottom=0.0
CX-0067|||Invalid depth logic: top=0.0 >= bottom=0.0
CX-0068|||Invalid depth logic: top=0.0 >= bottom=0.0
CX-0069|||Invalid depth logic: top=0.0 >= bottom=0.0
CX-0070|||Invalid depth logic: top=0.0 >= bottom=0.0
CX-0071|||Invalid depth logic: top=0.0 >= bottom=0.0
CX-0072|||Invalid depth logic: top=0.0 >= bottom=0.0
CX-0075|||Invalid depth logic: top=0.0 >= bottom=0.0
CX-0076|||Invalid depth logic: top=0.0 >= bottom=0.0
CX-0077|||Invalid depth logic: top=0.0 >= bottom=0.0
CX-0078|||Invalid depth logic: top=0.0 >= bottom=0.0
CX-0079|||Invalid depth logic: top=0.0 >= bottom=0.0
CX-0080|||Invalid depth logic: top=0.0 >= bottom=0.0
CX-0081|||Invalid depth logic: top=0.0 >= bottom=0.0
CX-0082|||Invalid depth logic: top=0.0 >= bottom=0.0
CX-0083|||Invalid depth logic: top=0.0 >= bottom=0.0
CX-0084|||Invalid depth logic: top=0.0 >= bottom=0.0
CX-0085|||Invalid depth logic: top=0.0 >= bottom=0.0
CX-0086|||Invalid depth logic: top=0.0 >= bottom=0.0
CX-0087|||Invalid depth logic: top=0.0 >= bottom=0.0
CX-0088|||Invalid depth logic: top=0.0 >= bottom=0.0
CX-0089|||Invalid depth logic: top=0.0 >= bottom=0.0
CX-0090|||Invalid depth logic: top=0.0 >= bottom=0.0
CX-0091|||Invalid depth logic: top=0.0 >= bottom=0.0
CX-0092|||Invalid depth logic: top=0.0 >= bottom=0.0
CX-0093|||Invalid depth logic: top=0.0 >= bottom=0.0
CX-0094|||Invalid depth logic: top=0.0 >= bottom=0.0
CX-0095|||Invalid depth logic: top=0.0 >= bottom=0.0
CX-0096|||Invalid depth logic: top=0.0 >= bottom=0.0
CX-0097|||Invalid depth logic: top=0.0 >= bottom=0.0
CX-0098|||Invalid depth logic: top=0.0 >= bottom=0.0
CX-0099|||Invalid depth logic: top=0.0 >= bottom=0.0
CX-0100|||Invalid depth logic: top=0.0 >= bottom=0.0
CX-0101|||Invalid depth logic: top=0.0 >= bottom=0.0
CX-0102|||Invalid depth logic: top=0.0 >= bottom=0.0
CX-0103|||Invalid depth logic: top=0.0 >= bottom=0.0
CX-0104|||Invalid depth logic: top=0.0 >= bottom=0.0
CX-0105|||Invalid depth logic: top=0.0 >= bottom=0.0
CX-0106|||Invalid depth logic: top=0.0 >= bottom=0.0
CX-0107|||Invalid depth logic: top=0.0 >= bottom=0.0
CX-0109|||Invalid depth logic: top=0.0 >= bottom=0.0
CX-0110|||Invalid depth logic: top=0.0 >= bottom=0.0
CX-0111|||Invalid depth logic: top=0.0 >= bottom=0.0
CX-0112|||Invalid depth logic: top=0.0 >= bottom=0.0
CX-0113|||Invalid depth logic: top=0.0 >= bottom=0.0
CX-0114|||Invalid depth logic: top=0.0 >= bottom=0.0
CX-0115|||Invalid depth logic: top=0.0 >= bottom=0.0
CX-0116|||Invalid depth logic: top=0.0 >= bottom=0.0
CX-0117|||Invalid depth logic: top=0.0 >= bottom=0.0
CX-0118|||Invalid depth logic: top=0.0 >= bottom=0.0
CX-0119|||Invalid depth logic: top=0.0 >= bottom=0.0
CX-0120|||Invalid depth logic: top=0.0 >= bottom=0.0
CX-0122|||Invalid depth logic: top=0.0 >= bottom=0.0
CX-0124|||Invalid depth logic: top=0.0 >= bottom=0.0
CX-0129|||Invalid depth logic: top=0.0 >= bottom=0.0
CX-0130|||Invalid depth logic: top=0.0 >= bottom=0.0
CX-0133|||Invalid depth logic: top=0.0 >= bottom=0.0
CX-0134|||Invalid depth logic: top=0.0 >= bottom=0.0
CX-0135|||Invalid depth logic: top=0.0 >= bottom=0.0
CX-0136|||Invalid depth logic: top=0.0 >= bottom=0.0
CX-0137|||Invalid depth logic: top=0.0 >= bottom=0.0
CX-0139|||Invalid depth logic: top=0.0 >= bottom=0.0
CX-0140|||Invalid depth logic: top=0.0 >= bottom=0.0
CX-0141|||Invalid depth logic: top=0.0 >= bottom=0.0
CX-0142|||Invalid depth logic: top=0.0 >= bottom=0.0
CX-0143|||Invalid depth logic: top=0.0 >= bottom=0.0
CX-0144|||Invalid depth logic: top=0.0 >= bottom=0.0
CX-0145|||Invalid depth logic: top=0.0 >= bottom=0.0
CX-0146|||Invalid depth logic: top=0.0 >= bottom=0.0
CX-0147|||Invalid depth logic: top=0.0 >= bottom=0.0
CX-0148|||Invalid depth logic: top=0.0 >= bottom=0.0
CX-0149|||Invalid depth logic: top=0.0 >= bottom=0.0
CX-0150|||Invalid depth logic: top=0.0 >= bottom=0.0
CX-0151|||Invalid depth logic: top=0.0 >= bottom=0.0
CX-0152|||Invalid depth logic: top=0.0 >= bottom=0.0
CX-0153|||Invalid depth logic: top=0.0 >= bottom=0.0
CX-0154|||Invalid depth logic: top=0.0 >= bottom=0.0
CX-0156|||Invalid depth logic: top=0.0 >= bottom=0.0
CX-0158|||Invalid depth logic: top=0.0 >= bottom=0.0
CX-0159|||Invalid depth logic: top=0.0 >= bottom=0.0
CX-0160|||Invalid depth logic: top=0.0 >= bottom=0.0
CX-0161|||Invalid depth logic: top=0.0 >= bottom=0.0
CX-0162|||Invalid depth logic: top=0.0 >= bottom=0.0
CX-0163|||Invalid depth logic: top=0.0 >= bottom=0.0
CX-0165|||Invalid depth logic: top=0.0 >= bottom=0.0
CX-0166|||Invalid depth logic: top=0.0 >= bottom=0.0
DA-0001|||Invalid depth logic: top=0.0 >= bottom=0.0
DA-0002|||Invalid depth logic: top=0.0 >= bottom=0.0
DA-0003|||Invalid depth logic: top=0.0 >= bottom=0.0
DA-0004|||Invalid depth logic: top=0.0 >= bottom=0.0
DA-0005|||Invalid depth logic: top=0.0 >= bottom=0.0
DA-0006|||Invalid depth logic: top=0.0 >= bottom=0.0
DA-0007|||Invalid depth logic: top=0.0 >= bottom=0.0
DA-0008|||Invalid depth logic: top=0.0 >= bottom=0.0
DA-0009|||Invalid depth logic: top=0.0 >= bottom=0.0
DA-0010|||Invalid depth logic: top=0.0 >= bottom=0.0
DA-0011|||Invalid depth logic: top=0.0 >= bottom=0.0
DA-0012|||Invalid depth logic: top=0.0 >= bottom=0.0
DA-0013|||Invalid depth logic: top=0.0 >= bottom=0.0
DA-0014|||Invalid depth logic: top=0.0 >= bottom=0.0
DA-0015|||Invalid depth logic: top=0.0 >= bottom=0.0
DA-0016|||Invalid depth logic: top=0.0 >= bottom=0.0
DA-0017|||Invalid depth logic: top=0.0 >= bottom=0.0
DA-0018|||Invalid depth logic: top=0.0 >= bottom=0.0
DA-0019|||Invalid depth logic: top=0.0 >= bottom=0.0
DA-0020|||Invalid depth logic: top=0.0 >= bottom=0.0
DA-0021|||Invalid depth logic: top=0.0 >= bottom=0.0
DA-0022|||Invalid depth logic: top=0.0 >= bottom=0.0
DA-0023|||Invalid depth logic: top=0.0 >= bottom=0.0
DA-0024|||Invalid depth logic: top=0.0 >= bottom=0.0
DA-0025|||Invalid depth logic: top=0.0 >= bottom=0.0
DA-0026|||Invalid depth logic: top=0.0 >= bottom=0.0
DA-0027|||Invalid depth logic: top=0.0 >= bottom=0.0
DA-0031|||Invalid depth logic: top=0.0 >= bottom=0.0
DA-0032|||Invalid depth logic: top=0.0 >= bottom=0.0
DA-0033|||Invalid depth logic: top=0.0 >= bottom=0.0
DA-0035|||Invalid depth logic: top=0.0 >= bottom=0.0
DA-0036|||Invalid depth logic: top=0.0 >= bottom=0.0
DA-0037|||Invalid depth logic: top=0.0 >= bottom=0.0
DA-0038|||Invalid depth logic: top=0.0 >= bottom=0.0
DA-0039|||Invalid depth logic: top=0.0 >= bottom=0.0
DA-0040|||Invalid depth logic: top=0.0 >= bottom=0.0
DA-0042|||Invalid depth logic: top=0.0 >= bottom=0.0
DA-0043|||Invalid depth logic: top=0.0 >= bottom=0.0
DA-0049|||Invalid depth logic: top=0.0 >= bottom=0.0
DA-0050|||Invalid depth logic: top=0.0 >= bottom=0.0
DA-0051|||Invalid depth logic: top=0.0 >= bottom=0.0
DA-0052|||Invalid depth logic: top=0.0 >= bottom=0.0
DA-0053|||Invalid depth logic: top=0.0 >= bottom=0.0
DA-0055|||Invalid depth logic: top=0.0 >= bottom=0.0
DA-0060|||Invalid depth logic: top=0.0 >= bottom=0.0
DA-0061|||Invalid depth logic: top=0.0 >= bottom=0.0
DA-0064|||Invalid depth logic: top=0.0 >= bottom=0.0
DA-0067|||Invalid depth logic: top=0.0 >= bottom=0.0
DA-0068|||Invalid depth logic: top=0.0 >= bottom=0.0
DA-0070|||Invalid depth logic: top=0.0 >= bottom=0.0
DA-0071|||Invalid depth logic: top=0.0 >= bottom=0.0
DA-0072|||Invalid depth logic: top=0.0 >= bottom=0.0
DA-0075|||Invalid depth logic: top=0.0 >= bottom=0.0
DA-0076|||Invalid depth logic: top=0.0 >= bottom=0.0
DA-0078|||Invalid depth logic: top=0.0 >= bottom=0.0
DA-0079|||Invalid depth logic: top=0.0 >= bottom=0.0
DA-0080|||Invalid depth logic: top=0.0 >= bottom=0.0
DA-0081|||Invalid depth logic: top=0.0 >= bottom=0.0
DA-0082|||Invalid depth logic: top=0.0 >= bottom=0.0
DA-0083|||Invalid depth logic: top=0.0 >= bottom=0.0
DA-0084|||Invalid depth logic: top=0.0 >= bottom=0.0
DA-0085|||Invalid depth logic: top=0.0 >= bottom=0.0
DA-0086|||Invalid depth logic: top=0.0 >= bottom=0.0
DA-0087|||Invalid depth logic: top=0.0 >= bottom=0.0
DA-0088|||Invalid depth logic: top=0.0 >= bottom=0.0
DA-0089|||Invalid depth logic: top=0.0 >= bottom=0.0
DA-0090|||Invalid depth logic: top=0.0 >= bottom=0.0
DA-0091|||Invalid depth logic: top=0.0 >= bottom=0.0
DA-0092|||Invalid depth logic: top=0.0 >= bottom=0.0
DA-0093|||Invalid depth logic: top=0.0 >= bottom=0.0
DA-0094|||Invalid depth logic: top=0.0 >= bottom=0.0
DA-0096|||Invalid depth logic: top=0.0 >= bottom=0.0
DA-0097|||Invalid depth logic: top=0.0 >= bottom=0.0
DA-0098|||Invalid depth logic: top=0.0 >= bottom=0.0
DA-0099|||Invalid depth logic: top=0.0 >= bottom=0.0
DA-0108|||Invalid depth logic: top=0.0 >= bottom=0.0
DA-0109|||Invalid depth logic: top=0.0 >= bottom=0.0
DA-0110|||Invalid depth logic: top=0.0 >= bottom=0.0
DA-0112|||Invalid depth logic: top=0.0 >= bottom=0.0
DA-0113|||Invalid depth logic: top=0.0 >= bottom=0.0
DA-0114|||Invalid depth logic: top=0.0 >= bottom=0.0
DA-0115|||Invalid depth logic: top=0.0 >= bottom=0.0
DA-0116|||Invalid depth logic: top=0.0 >= bottom=0.0
DA-0120|||Invalid depth logic: top=0.0 >= bottom=0.0
DA-0121|||Invalid depth logic: top=0.0 >= bottom=0.0
DA-0122|||Invalid depth logic: top=0.0 >= bottom=0.0
DA-0123|||Invalid depth logic: top=0.0 >= bottom=0.0
DA-0124|||Invalid depth logic: top=0.0 >= bottom=0.0
DA-0125|||Invalid depth logic: top=0.0 >= bottom=0.0
DA-0126|||Invalid depth logic: top=0.0 >= bottom=0.0
DA-0127|||Invalid depth logic: top=0.0 >= bottom=0.0
DA-0128|||Invalid depth logic: top=0.0 >= bottom=0.0
DA-0129|||Invalid depth logic: top=0.0 >= bottom=0.0
DA-0132|||Invalid depth logic: top=0.0 >= bottom=0.0
DA-0133|||Invalid depth logic: top=0.0 >= bottom=0.0
DA-0134|||Invalid depth logic: top=0.0 >= bottom=0.0
DA-0135|||Invalid depth logic: top=0.0 >= bottom=0.0
DA-0136|||Invalid depth logic: top=0.0 >= bottom=0.0
DA-0137|||Invalid depth logic: top=0.0 >= bottom=0.0
DA-0138|||Invalid depth logic: top=0.0 >= bottom=0.0
DA-0139|||Invalid depth logic: top=0.0 >= bottom=0.0
DA-0140|||Invalid depth logic: top=0.0 >= bottom=0.0
DA-0141|||Invalid depth logic: top=0.0 >= bottom=0.0
DA-0144|||Invalid depth logic: top=0.0 >= bottom=0.0
DA-0145|||Invalid depth logic: top=0.0 >= bottom=0.0
DA-0146|||Invalid depth logic: top=0.0 >= bottom=0.0
DA-0147|||Invalid depth logic: top=0.0 >= bottom=0.0
DA-0148|||Invalid depth logic: top=0.0 >= bottom=0.0
DA-0149|||Invalid depth logic: top=0.0 >= bottom=0.0
DA-0150|||Invalid depth logic: top=0.0 >= bottom=0.0
DA-0151|||Invalid depth logic: top=0.0 >= bottom=0.0
DA-0152|||Invalid depth logic: top=0.0 >= bottom=0.0
DA-0153|||Invalid depth logic: top=0.0 >= bottom=0.0
DA-0154|||Invalid depth logic: top=0.0 >= bottom=0.0
DA-0155|||Invalid depth logic: top=0.0 >= bottom=0.0
DA-0156|||Invalid depth logic: top=0.0 >= bottom=0.0
DA-0157|||Invalid depth logic: top=0.0 >= bottom=0.0
DA-0158|||Invalid depth logic: top=0.0 >= bottom=0.0
DA-0159|||Invalid depth logic: top=0.0 >= bottom=0.0
DA-0160|||Invalid depth logic: top=0.0 >= bottom=0.0
DA-0166|||Invalid depth logic: top=0.0 >= bottom=0.0
DA-0167|||Invalid depth logic: top=0.0 >= bottom=0.0
DA-0168|||Invalid depth logic: top=0.0 >= bottom=0.0
DA-0169|||Invalid depth logic: top=0.0 >= bottom=0.0
DA-0173|||Invalid depth logic: top=0.0 >= bottom=0.0
DA-0174|||Invalid depth logic: top=0.0 >= bottom=0.0
DA-0175|||Invalid depth logic: top=0.0 >= bottom=0.0
DA-0176|||Invalid depth logic: top=0.0 >= bottom=0.0
DA-0177|||Invalid depth logic: top=0.0 >= bottom=0.0
DA-0178|||Invalid depth logic: top=0.0 >= bottom=0.0
DA-0179|||Invalid depth logic: top=0.0 >= bottom=0.0
DA-0180|||Invalid depth logic: top=0.0 >= bottom=0.0
DA-0181|||Invalid depth logic: top=0.0 >= bottom=0.0
DA-0182|||Invalid depth logic: top=0.0 >= bottom=0.0
DA-0183|||Invalid depth logic: top=0.0 >= bottom=0.0
DA-0184|||Invalid depth logic: top=0.0 >= bottom=0.0
DA-0185|||Invalid depth logic: top=0.0 >= bottom=0.0
DA-0186|||Invalid depth logic: top=0.0 >= bottom=0.0
DA-0187|||Invalid depth logic: top=0.0 >= bottom=0.0
DA-0188|||Invalid depth logic: top=0.0 >= bottom=0.0
DA-0189|||Invalid depth logic: top=0.0 >= bottom=0.0
DA-0190|||Invalid depth logic: top=0.0 >= bottom=0.0
DA-0191|||Invalid depth logic: top=0.0 >= bottom=0.0
DA-0192|||Invalid depth logic: top=0.0 >= bottom=0.0
DA-0193|||Invalid depth logic: top=0.0 >= bottom=0.0
DA-0194|||Invalid depth logic: top=0.0 >= bottom=0.0
DA-0195|||Invalid depth logic: top=0.0 >= bottom=0.0
DA-0196|||Invalid depth logic: top=0.0 >= bottom=0.0
EB-075|||Invalid depth logic: top=0.0 >= bottom=0.0
EB-097|||Invalid depth logic: top=0.0 >= bottom=0.0
EB-109|||Invalid depth logic: top=0.0 >= bottom=0.0
EB-220|||Missing UnitIdentifier
EB-220|||Missing UnitIdentifier
EB-220|||Missing UnitIdentifier
EB-220|||Missing UnitIdentifier
EB-220|||Missing UnitIdentifier
EB-220|||Missing UnitIdentifier
EB-220|||Missing UnitIdentifier
EB-313|||Invalid depth logic: top=0.0 >= bottom=0.0
EB-315|||Invalid depth logic: top=0.0 >= bottom=0.0
EB-383|||Invalid depth logic: top=0.0 >= bottom=0.0
EB-384|||Invalid depth logic: top=0.0 >= bottom=0.0
EB-656|||Invalid depth logic: top=0.0 >= bottom=0.0
EB-657|||Invalid depth logic: top=0.0 >= bottom=0.0
ED-0001|||Invalid depth logic: top=0.0 >= bottom=0.0
ED-0002|||Invalid depth logic: top=0.0 >= bottom=0.0
ED-0003|||Invalid depth logic: top=0.0 >= bottom=0.0
ED-0004|||Invalid depth logic: top=0.0 >= bottom=0.0
ED-0005|||Invalid depth logic: top=0.0 >= bottom=0.0
ED-0006|||Invalid depth logic: top=0.0 >= bottom=0.0
ED-0007|||Invalid depth logic: top=0.0 >= bottom=0.0
ED-0008|||Invalid depth logic: top=0.0 >= bottom=0.0
ED-0009|||Invalid depth logic: top=0.0 >= bottom=0.0
ED-0010|||Invalid depth logic: top=0.0 >= bottom=0.0
ED-0011|||Invalid depth logic: top=0.0 >= bottom=0.0
ED-0012|||Invalid depth logic: top=0.0 >= bottom=0.0
ED-0013|||Invalid depth logic: top=0.0 >= bottom=0.0
ED-0014|||Invalid depth logic: top=0.0 >= bottom=0.0
ED-0015|||Invalid depth logic: top=0.0 >= bottom=0.0
ED-0016|||Invalid depth logic: top=0.0 >= bottom=0.0
ED-0017|||Invalid depth logic: top=0.0 >= bottom=0.0
ED-0018|||Invalid depth logic: top=0.0 >= bottom=0.0
ED-0019|||Invalid depth logic: top=0.0 >= bottom=0.0
ED-0020|||Invalid depth logic: top=0.0 >= bottom=0.0
ED-0021|||Invalid depth logic: top=0.0 >= bottom=0.0
ED-0022|||Invalid depth logic: top=0.0 >= bottom=0.0
ED-0023|||Invalid depth logic: top=0.0 >= bottom=0.0
ED-0024|||Invalid depth logic: top=0.0 >= bottom=0.0
ED-0025|||Invalid depth logic: top=0.0 >= bottom=0.0
ED-0026|||Invalid depth logic: top=0.0 >= bottom=0.0
ED-0027|||Invalid depth logic: top=0.0 >= bottom=0.0
ED-0028|||Invalid depth logic: top=0.0 >= bottom=0.0
ED-0029|||Invalid depth logic: top=0.0 >= bottom=0.0
ED-0030|||Invalid depth logic: top=0.0 >= bottom=0.0
ED-0031|||Invalid depth logic: top=0.0 >= bottom=0.0
ED-0032|||Invalid depth logic: top=0.0 >= bottom=0.0
ED-0033|||Invalid depth logic: top=0.0 >= bottom=0.0
ED-0034|||Invalid depth logic: top=0.0 >= bottom=0.0
ED-0035|||Invalid depth logic: top=0.0 >= bottom=0.0
ED-0036|||Invalid depth logic: top=0.0 >= bottom=0.0
ED-0037|||Invalid depth logic: top=0.0 >= bottom=0.0
ED-0038|||Invalid depth logic: top=0.0 >= bottom=0.0
ED-0039|||Invalid depth logic: top=0.0 >= bottom=0.0
ED-0040|||Invalid depth logic: top=0.0 >= bottom=0.0
ED-0041|||Invalid depth logic: top=0.0 >= bottom=0.0
ED-0042|||Invalid depth logic: top=0.0 >= bottom=0.0
ED-0043|||Invalid depth logic: top=0.0 >= bottom=0.0
ED-0044|||Invalid depth logic: top=0.0 >= bottom=0.0
ED-0045|||Invalid depth logic: top=0.0 >= bottom=0.0
ED-0046|||Invalid depth logic: top=0.0 >= bottom=0.0
ED-0047|||Invalid depth logic: top=0.0 >= bottom=0.0
ED-0048|||Invalid depth logic: top=0.0 >= bottom=0.0
ED-0049|||Invalid depth logic: top=0.0 >= bottom=0.0
ED-0050|||Invalid depth logic: top=0.0 >= bottom=0.0
ED-0051|||Invalid depth logic: top=0.0 >= bottom=0.0
ED-0052|||Invalid depth logic: top=0.0 >= bottom=0.0
ED-0053|||Invalid depth logic: top=0.0 >= bottom=0.0
ED-0054|||Invalid depth logic: top=0.0 >= bottom=0.0
ED-0055|||Invalid depth logic: top=0.0 >= bottom=0.0
ED-0056|||Invalid depth logic: top=0.0 >= bottom=0.0
ED-0057|||Invalid depth logic: top=0.0 >= bottom=0.0
ED-0058|||Invalid depth logic: top=0.0 >= bottom=0.0
ED-0059|||Invalid depth logic: top=0.0 >= bottom=0.0
ED-0060|||Invalid depth logic: top=0.0 >= bottom=0.0
ED-0061|||Invalid depth logic: top=0.0 >= bottom=0.0
ED-0062|||Invalid depth logic: top=0.0 >= bottom=0.0
ED-0063|||Invalid depth logic: top=0.0 >= bottom=0.0
ED-0064|||Invalid depth logic: top=0.0 >= bottom=0.0
ED-0065|||Invalid depth logic: top=0.0 >= bottom=0.0
ED-0066|||Invalid depth logic: top=0.0 >= bottom=0.0
ED-0067|||Invalid depth logic: top=0.0 >= bottom=0.0
ED-0068|||Invalid depth logic: top=0.0 >= bottom=0.0
ED-0069|||Invalid depth logic: top=0.0 >= bottom=0.0
ED-0070|||Invalid depth logic: top=0.0 >= bottom=0.0
ED-0071|||Invalid depth logic: top=0.0 >= bottom=0.0
ED-0072|||Invalid depth logic: top=0.0 >= bottom=0.0
ED-0073|||Invalid depth logic: top=0.0 >= bottom=0.0
ED-0074|||Invalid depth logic: top=0.0 >= bottom=0.0
ED-0075|||Invalid depth logic: top=0.0 >= bottom=0.0
ED-0076|||Invalid depth logic: top=0.0 >= bottom=0.0
ED-0077|||Invalid depth logic: top=0.0 >= bottom=0.0
ED-0078|||Invalid depth logic: top=0.0 >= bottom=0.0
ED-0079|||Invalid depth logic: top=0.0 >= bottom=0.0
ED-0080|||Invalid depth logic: top=0.0 >= bottom=0.0
ED-0081|||Invalid depth logic: top=0.0 >= bottom=0.0
ED-0082|||Invalid depth logic: top=0.0 >= bottom=0.0
ED-0083|||Invalid depth logic: top=0.0 >= bottom=0.0
ED-0084|||Invalid depth logic: top=0.0 >= bottom=0.0
ED-0085|||Invalid depth logic: top=0.0 >= bottom=0.0
ED-0086|||Invalid depth logic: top=0.0 >= bottom=0.0
ED-0087|||Invalid depth logic: top=0.0 >= bottom=0.0
ED-0088|||Invalid depth logic: top=0.0 >= bottom=0.0
ED-0088|||Invalid depth logic: top=0.0 >= bottom=0.0
ED-0089|||Invalid depth logic: top=0.0 >= bottom=0.0
ED-0090|||Invalid depth logic: top=0.0 >= bottom=0.0
ED-0091|||Invalid depth logic: top=0.0 >= bottom=0.0
ED-0092|||Invalid depth logic: top=0.0 >= bottom=0.0
ED-0093|||Invalid depth logic: top=0.0 >= bottom=0.0
ED-0094|||Invalid depth logic: top=0.0 >= bottom=0.0
ED-0095|||Invalid depth logic: top=0.0 >= bottom=0.0
ED-0096|||Invalid depth logic: top=0.0 >= bottom=0.0
ED-0097|||Invalid depth logic: top=0.0 >= bottom=0.0
ED-0098|||Invalid depth logic: top=0.0 >= bottom=0.0
ED-0099|||Invalid depth logic: top=0.0 >= bottom=0.0
ED-0100|||Invalid depth logic: top=0.0 >= bottom=0.0
ED-0101|||Invalid depth logic: top=0.0 >= bottom=0.0
ED-0102|||Invalid depth logic: top=0.0 >= bottom=0.0
ED-0103|||Invalid depth logic: top=0.0 >= bottom=0.0
ED-0104|||Invalid depth logic: top=0.0 >= bottom=0.0
ED-0105|||Invalid depth logic: top=0.0 >= bottom=0.0
ED-0106|||Invalid depth logic: top=0.0 >= bottom=0.0
ED-0107|||Invalid depth logic: top=0.0 >= bottom=0.0
ED-0108|||Invalid depth logic: top=0.0 >= bottom=0.0
ED-0109|||Invalid depth logic: top=0.0 >= bottom=0.0
ED-0110|||Invalid depth logic: top=0.0 >= bottom=0.0
ED-0111|||Invalid depth logic: top=0.0 >= bottom=0.0
ED-0112|||Invalid depth logic: top=0.0 >= bottom=0.0
ED-0113|||Invalid depth logic: top=0.0 >= bottom=0.0
ED-0114|||Invalid depth logic: top=0.0 >= bottom=0.0
ED-0115|||Invalid depth logic: top=0.0 >= bottom=0.0
ED-0116|||Invalid depth logic: top=0.0 >= bottom=0.0
ED-0117|||Invalid depth logic: top=0.0 >= bottom=0.0
ED-0118|||Invalid depth logic: top=0.0 >= bottom=0.0
ED-0119|||Invalid depth logic: top=0.0 >= bottom=0.0
ED-0120|||Invalid depth logic: top=0.0 >= bottom=0.0
ED-0121|||Invalid depth logic: top=0.0 >= bottom=0.0
ED-0122|||Invalid depth logic: top=0.0 >= bottom=0.0
ED-0123|||Invalid depth logic: top=0.0 >= bottom=0.0
ED-0124|||Invalid depth logic: top=0.0 >= bottom=0.0
ED-0126|||Invalid depth logic: top=0.0 >= bottom=0.0
ED-0127|||Invalid depth logic: top=0.0 >= bottom=0.0
ED-0128|||Invalid depth logic: top=0.0 >= bottom=0.0
ED-0129|||Invalid depth logic: top=0.0 >= bottom=0.0
ED-0130|||Invalid depth logic: top=0.0 >= bottom=0.0
ED-0131|||Invalid depth logic: top=0.0 >= bottom=0.0
ED-0132|||Invalid depth logic: top=0.0 >= bottom=0.0
ED-0133|||Invalid depth logic: top=0.0 >= bottom=0.0
ED-0134|||Invalid depth logic: top=0.0 >= bottom=0.0
ED-0135|||Invalid depth logic: top=0.0 >= bottom=0.0
ED-0137|||Invalid depth logic: top=0.0 >= bottom=0.0
ED-0138|||Invalid depth logic: top=0.0 >= bottom=0.0
ED-0139|||Invalid depth logic: top=0.0 >= bottom=0.0
ED-0140|||Invalid depth logic: top=0.0 >= bottom=0.0
ED-0141|||Invalid depth logic: top=0.0 >= bottom=0.0
ED-0142|||Invalid depth logic: top=0.0 >= bottom=0.0
ED-0143|||Invalid depth logic: top=0.0 >= bottom=0.0
ED-0144|||Invalid depth logic: top=0.0 >= bottom=0.0
ED-0145|||Invalid depth logic: top=0.0 >= bottom=0.0
ED-0146|||Invalid depth logic: top=0.0 >= bottom=0.0
ED-0147|||Invalid depth logic: top=0.0 >= bottom=0.0
ED-0148|||Invalid depth logic: top=0.0 >= bottom=0.0
ED-0149|||Invalid depth logic: top=0.0 >= bottom=0.0
ED-0150|||Invalid depth logic: top=0.0 >= bottom=0.0
ED-0151|||Invalid depth logic: top=0.0 >= bottom=0.0
ED-0152|||Invalid depth logic: top=0.0 >= bottom=0.0
ED-0153|||Invalid depth logic: top=0.0 >= bottom=0.0
ED-0154|||Invalid depth logic: top=0.0 >= bottom=0.0
ED-0155|||Invalid depth logic: top=0.0 >= bottom=0.0
ED-0156|||Invalid depth logic: top=0.0 >= bottom=0.0
ED-0157|||Invalid depth logic: top=0.0 >= bottom=0.0
ED-0158|||Invalid depth logic: top=0.0 >= bottom=0.0
ED-0159|||Invalid depth logic: top=0.0 >= bottom=0.0
ED-0160|||Invalid depth logic: top=0.0 >= bottom=0.0
ED-0161|||Invalid depth logic: top=0.0 >= bottom=0.0
ED-0162|||Invalid depth logic: top=0.0 >= bottom=0.0
ED-0163|||Invalid depth logic: top=0.0 >= bottom=0.0
ED-0164|||Invalid depth logic: top=0.0 >= bottom=0.0
ED-0165|||Invalid depth logic: top=0.0 >= bottom=0.0
ED-0166|||Invalid depth logic: top=0.0 >= bottom=0.0
ED-0167|||Invalid depth logic: top=0.0 >= bottom=0.0
ED-0168|||Invalid depth logic: top=0.0 >= bottom=0.0
ED-0169|||Invalid depth logic: top=0.0 >= bottom=0.0
ED-0170|||Invalid depth logic: top=0.0 >= bottom=0.0
ED-0171|||Invalid depth logic: top=0.0 >= bottom=0.0
ED-0172|||Invalid depth logic: top=0.0 >= bottom=0.0
ED-0173|||Invalid depth logic: top=0.0 >= bottom=0.0
ED-0174|||Invalid depth logic: top=0.0 >= bottom=0.0
ED-0175|||Invalid depth logic: top=0.0 >= bottom=0.0
ED-0176|||Invalid depth logic: top=0.0 >= bottom=0.0
ED-0177|||Invalid depth logic: top=0.0 >= bottom=0.0
ED-0178|||Invalid depth logic: top=0.0 >= bottom=0.0
ED-0179|||Invalid depth logic: top=0.0 >= bottom=0.0
ED-0180|||Invalid depth logic: top=0.0 >= bottom=0.0
ED-0181|||Invalid depth logic: top=0.0 >= bottom=0.0
ED-0181|||Invalid depth logic: top=0.0 >= bottom=0.0
ED-0181|||Invalid depth logic: top=0.0 >= bottom=0.0
ED-0182|||Invalid depth logic: top=0.0 >= bottom=0.0
ED-0182|||Invalid depth logic: top=0.0 >= bottom=0.0
ED-0183|||Invalid depth logic: top=0.0 >= bottom=0.0
ED-0184|||Invalid depth logic: top=0.0 >= bottom=0.0
ED-0185|||Invalid depth logic: top=0.0 >= bottom=0.0
ED-0186|||Invalid depth logic: top=0.0 >= bottom=0.0
ED-0186|||Invalid depth logic: top=0.0 >= bottom=0.0
ED-0186|||Invalid depth logic: top=0.0 >= bottom=0.0
ED-0187|||Invalid depth logic: top=0.0 >= bottom=0.0
ED-0188|||Invalid depth logic: top=0.0 >= bottom=0.0
ED-0189|||Invalid depth logic: top=0.0 >= bottom=0.0
ED-0190|||Invalid depth logic: top=0.0 >= bottom=0.0
ED-0191|||Invalid depth logic: top=0.0 >= bottom=0.0
ED-0192|||Invalid depth logic: top=0.0 >= bottom=0.0
ED-0193|||Invalid depth logic: top=0.0 >= bottom=0.0
ED-0194|||Invalid depth logic: top=0.0 >= bottom=0.0
ED-0195|||Invalid depth logic: top=0.0 >= bottom=0.0
ED-0196|||Invalid depth logic: top=0.0 >= bottom=0.0
ED-0196|||Invalid depth logic: top=0.0 >= bottom=0.0
ED-0197|||Invalid depth logic: top=0.0 >= bottom=0.0
ED-0198|||Invalid depth logic: top=0.0 >= bottom=0.0
ED-0198|||Invalid depth logic: top=0.0 >= bottom=0.0
ED-0199|||Invalid depth logic: top=0.0 >= bottom=0.0
ED-0199|||Invalid depth logic: top=0.0 >= bottom=0.0
ED-0200|||Invalid depth logic: top=0.0 >= bottom=0.0
ED-0201|||Invalid depth logic: top=0.0 >= bottom=0.0
ED-0202|||Invalid depth logic: top=0.0 >= bottom=0.0
ED-0202|||Invalid depth logic: top=0.0 >= bottom=0.0
ED-0203|||Invalid depth logic: top=0.0 >= bottom=0.0
ED-0204|||Invalid depth logic: top=0.0 >= bottom=0.0
ED-0205|||Invalid depth logic: top=0.0 >= bottom=0.0
ED-0206|||Invalid depth logic: top=0.0 >= bottom=0.0
ED-0207|||Invalid depth logic: top=0.0 >= bottom=0.0
ED-0208|||Invalid depth logic: top=0.0 >= bottom=0.0
ED-0209|||Invalid depth logic: top=0.0 >= bottom=0.0
ED-0209|||Invalid depth logic: top=0.0 >= bottom=0.0
ED-0210|||Invalid depth logic: top=0.0 >= bottom=0.0
ED-0211|||Invalid depth logic: top=0.0 >= bottom=0.0
ED-0212|||Invalid depth logic: top=0.0 >= bottom=0.0
ED-0213|||Invalid depth logic: top=0.0 >= bottom=0.0
ED-0214|||Invalid depth logic: top=0.0 >= bottom=0.0
ED-0215|||Invalid depth logic: top=0.0 >= bottom=0.0
ED-0216|||Invalid depth logic: top=0.0 >= bottom=0.0
ED-0217|||Invalid depth logic: top=0.0 >= bottom=0.0
ED-0218|||Invalid depth logic: top=0.0 >= bottom=0.0
ED-0219|||Invalid depth logic: top=0.0 >= bottom=0.0
ED-0220|||Invalid depth logic: top=0.0 >= bottom=0.0
ED-0221|||Invalid depth logic: top=0.0 >= bottom=0.0
ED-0222|||Invalid depth logic: top=0.0 >= bottom=0.0
ED-0223|||Invalid depth logic: top=0.0 >= bottom=0.0
ED-0224|||Invalid depth logic: top=0.0 >= bottom=0.0
ED-0225|||Invalid depth logic: top=0.0 >= bottom=0.0
ED-0226|||Invalid depth logic: top=0.0 >= bottom=0.0
ED-0227|||Invalid depth logic: top=0.0 >= bottom=0.0
ED-0228|||Invalid depth logic: top=0.0 >= bottom=0.0
ED-0229|||Invalid depth logic: top=0.0 >= bottom=0.0
ED-0230|||Invalid depth logic: top=0.0 >= bottom=0.0
ED-0231|||Invalid depth logic: top=0.0 >= bottom=0.0
ED-0232|||Invalid depth logic: top=0.0 >= bottom=0.0
ED-0233|||Invalid depth logic: top=0.0 >= bottom=0.0
ED-0234|||Invalid depth logic: top=0.0 >= bottom=0.0
ED-0235|||Invalid depth logic: top=0.0 >= bottom=0.0
ED-0235|||Invalid depth logic: top=0.0 >= bottom=0.0
ED-0236|||Invalid depth logic: top=0.0 >= bottom=0.0
ED-0237|||Invalid depth logic: top=0.0 >= bottom=0.0
ED-0238|||Invalid depth logic: top=0.0 >= bottom=0.0
ED-0239|||Invalid depth logic: top=0.0 >= bottom=0.0
ED-0240|||Invalid depth logic: top=0.0 >= bottom=0.0
ED-0241|||Invalid depth logic: top=0.0 >= bottom=0.0
ED-0242|||Invalid depth logic: top=0.0 >= bottom=0.0
ED-0243|||Invalid depth logic: top=0.0 >= bottom=0.0
ED-0244|||Invalid depth logic: top=0.0 >= bottom=0.0
ED-0245|||Invalid depth logic: top=0.0 >= bottom=0.0
ED-0246|||Invalid depth logic: top=0.0 >= bottom=0.0
ED-0247|||Invalid depth logic: top=0.0 >= bottom=0.0
ED-0247|||Invalid depth logic: top=0.0 >= bottom=0.0
ED-0248|||Invalid depth logic: top=0.0 >= bottom=0.0
ED-0249|||Invalid depth logic: top=0.0 >= bottom=0.0
ED-0250|||Invalid depth logic: top=0.0 >= bottom=0.0
ED-0251|||Invalid depth logic: top=0.0 >= bottom=0.0
ED-0252|||Invalid depth logic: top=0.0 >= bottom=0.0
ED-0253|||Invalid depth logic: top=0.0 >= bottom=0.0
ED-0254|||Invalid depth logic: top=0.0 >= bottom=0.0
ED-0255|||Invalid depth logic: top=0.0 >= bottom=0.0
ED-0256|||Invalid depth logic: top=0.0 >= bottom=0.0
ED-0257|||Invalid depth logic: top=0.0 >= bottom=0.0
ED-0258|||Invalid depth logic: top=0.0 >= bottom=0.0
ED-0259|||Invalid depth logic: top=0.0 >= bottom=0.0
ED-0260|||Invalid depth logic: top=0.0 >= bottom=0.0
ED-0261|||Invalid depth logic: top=0.0 >= bottom=0.0
ED-0262|||Invalid depth logic: top=0.0 >= bottom=0.0
ED-0263|||Invalid depth logic: top=0.0 >= bottom=0.0
ED-0264|||Invalid depth logic: top=0.0 >= bottom=0.0
ED-0265|||Invalid depth logic: top=0.0 >= bottom=0.0
ED-0266|||Invalid depth logic: top=0.0 >= bottom=0.0
ED-0267|||Invalid depth logic: top=0.0 >= bottom=0.0
ED-0268|||Invalid depth logic: top=0.0 >= bottom=0.0
ED-0269|||Invalid depth logic: top=0.0 >= bottom=0.0
ED-0270|||Invalid depth logic: top=0.0 >= bottom=0.0
ED-0271|||Invalid depth logic: top=0.0 >= bottom=0.0
ED-0272|||Invalid depth logic: top=0.0 >= bottom=0.0
ED-0273|||Invalid depth logic: top=0.0 >= bottom=0.0
ED-0274|||Invalid depth logic: top=0.0 >= bottom=0.0
ED-0275|||Invalid depth logic: top=0.0 >= bottom=0.0
ED-0276|||Invalid depth logic: top=0.0 >= bottom=0.0
ED-0277|||Invalid depth logic: top=0.0 >= bottom=0.0
ED-0278|||Invalid depth logic: top=0.0 >= bottom=0.0
ED-0279|||Invalid depth logic: top=0.0 >= bottom=0.0
ED-0280|||Invalid depth logic: top=0.0 >= bottom=0.0
ED-0281|||Invalid depth logic: top=0.0 >= bottom=0.0
ED-0282|||Invalid depth logic: top=0.0 >= bottom=0.0
ED-0283|||Invalid depth logic: top=0.0 >= bottom=0.0
ED-0284|||Invalid depth logic: top=0.0 >= bottom=0.0
ED-0285|||Invalid depth logic: top=0.0 >= bottom=0.0
ED-0286|||Invalid depth logic: top=0.0 >= bottom=0.0
ED-0287|||Invalid depth logic: top=0.0 >= bottom=0.0
ED-0288|||Invalid depth logic: top=0.0 >= bottom=0.0
ED-0289|||Invalid depth logic: top=0.0 >= bottom=0.0
ED-0290|||Invalid depth logic: top=0.0 >= bottom=0.0
ED-0291|||Invalid depth logic: top=0.0 >= bottom=0.0
ED-0292|||Invalid depth logic: top=0.0 >= bottom=0.0
ED-0293|||Invalid depth logic: top=0.0 >= bottom=0.0
ED-0294|||Invalid depth logic: top=0.0 >= bottom=0.0
ED-0295|||Invalid depth logic: top=0.0 >= bottom=0.0
ED-0296|||Invalid depth logic: top=0.0 >= bottom=0.0
ED-0297|||Invalid depth logic: top=0.0 >= bottom=0.0
ED-0298|||Invalid depth logic: top=0.0 >= bottom=0.0
ED-0299|||Invalid depth logic: top=0.0 >= bottom=0.0
ED-0300|||Invalid depth logic: top=0.0 >= bottom=0.0
ED-0301|||Invalid depth logic: top=0.0 >= bottom=0.0
ED-0302|||Invalid depth logic: top=0.0 >= bottom=0.0
ED-0303|||Invalid depth logic: top=0.0 >= bottom=0.0
ED-0304|||Invalid depth logic: top=0.0 >= bottom=0.0
ED-0305|||Invalid depth logic: top=0.0 >= bottom=0.0
ED-0306|||Invalid depth logic: top=0.0 >= bottom=0.0
ED-0307|||Invalid depth logic: top=0.0 >= bottom=0.0
ED-0308|||Invalid depth logic: top=0.0 >= bottom=0.0
ED-0309|||Invalid depth logic: top=0.0 >= bottom=0.0
ED-0309|||Invalid depth logic: top=0.0 >= bottom=0.0
ED-0310|||Invalid depth logic: top=0.0 >= bottom=0.0
ED-0311|||Invalid depth logic: top=0.0 >= bottom=0.0
ED-0312|||Invalid depth logic: top=0.0 >= bottom=0.0
ED-0313|||Invalid depth logic: top=0.0 >= bottom=0.0
ED-0314|||Invalid depth logic: top=0.0 >= bottom=0.0
ED-0315|||Invalid depth logic: top=0.0 >= bottom=0.0
ED-0316|||Invalid depth logic: top=0.0 >= bottom=0.0
ED-0317|||Invalid depth logic: top=0.0 >= bottom=0.0
ED-0318|||Invalid depth logic: top=0.0 >= bottom=0.0
ED-0319|||Invalid depth logic: top=0.0 >= bottom=0.0
ED-0320|||Invalid depth logic: top=0.0 >= bottom=0.0
ED-0321|||Invalid depth logic: top=0.0 >= bottom=0.0
ED-0322|||Invalid depth logic: top=0.0 >= bottom=0.0
ED-0323|||Invalid depth logic: top=0.0 >= bottom=0.0
ED-0324|||Invalid depth logic: top=0.0 >= bottom=0.0
ED-0325|||Invalid depth logic: top=0.0 >= bottom=0.0
ED-0326|||Invalid depth logic: top=0.0 >= bottom=0.0
ED-0327|||Invalid depth logic: top=0.0 >= bottom=0.0
ED-0328|||Invalid depth logic: top=0.0 >= bottom=0.0
ED-0329|||Invalid depth logic: top=0.0 >= bottom=0.0
ED-0330|||Invalid depth logic: top=0.0 >= bottom=0.0
ED-0331|||Invalid depth logic: top=0.0 >= bottom=0.0
ED-0332|||Invalid depth logic: top=0.0 >= bottom=0.0
ED-0333|||Invalid depth logic: top=0.0 >= bottom=0.0
ED-0334|||Invalid depth logic: top=0.0 >= bottom=0.0
ED-0335|||Invalid depth logic: top=0.0 >= bottom=0.0
ED-0336|||Invalid depth logic: top=0.0 >= bottom=0.0
ED-0337|||Invalid depth logic: top=0.0 >= bottom=0.0
ED-0337|||Invalid depth logic: top=0.0 >= bottom=0.0
ED-0338|||Invalid depth logic: top=0.0 >= bottom=0.0
ED-0339|||Invalid depth logic: top=0.0 >= bottom=0.0
ED-0340|||Invalid depth logic: top=0.0 >= bottom=0.0
ED-0341|||Invalid depth logic: top=0.0 >= bottom=0.0
ED-0342|||Invalid depth logic: top=0.0 >= bottom=0.0
ED-0343|||Invalid depth logic: top=0.0 >= bottom=0.0
ED-0344|||Invalid depth logic: top=0.0 >= bottom=0.0
ED-0345|||Invalid depth logic: top=0.0 >= bottom=0.0
ED-0346|||Invalid depth logic: top=0.0 >= bottom=0.0
ED-0347|||Invalid depth logic: top=0.0 >= bottom=0.0
ED-0348|||Invalid depth logic: top=0.0 >= bottom=0.0
ED-0349|||Invalid depth logic: top=0.0 >= bottom=0.0
ED-0350|||Invalid depth logic: top=0.0 >= bottom=0.0
ED-0351|||Invalid depth logic: top=0.0 >= bottom=0.0
ED-0352|||Invalid depth logic: top=0.0 >= bottom=0.0
ED-0352|||Invalid depth logic: top=0.0 >= bottom=0.0
ED-0353|||Invalid depth logic: top=0.0 >= bottom=0.0
ED-0354|||Invalid depth logic: top=0.0 >= bottom=0.0
ED-0354|||Invalid depth logic: top=0.0 >= bottom=0.0
ED-0354|||Invalid depth logic: top=0.0 >= bottom=0.0
ED-0355|||Invalid depth logic: top=0.0 >= bottom=0.0
ED-0356|||Invalid depth logic: top=0.0 >= bottom=0.0
ED-0357|||Invalid depth logic: top=0.0 >= bottom=0.0
ED-0358|||Invalid depth logic: top=0.0 >= bottom=0.0
ED-0359|||Invalid depth logic: top=0.0 >= bottom=0.0
ED-0360|||Invalid depth logic: top=0.0 >= bottom=0.0
ED-0361|||Invalid depth logic: top=0.0 >= bottom=0.0
ED-0362|||Invalid depth logic: top=0.0 >= bottom=0.0
ED-0363|||Invalid depth logic: top=0.0 >= bottom=0.0
ED-0364|||Invalid depth logic: top=0.0 >= bottom=0.0
ED-0365|||Invalid depth logic: top=0.0 >= bottom=0.0
ED-0366|||Invalid depth logic: top=0.0 >= bottom=0.0
ED-0367|||Invalid depth logic: top=0.0 >= bottom=0.0
ED-0368|||Invalid depth logic: top=0.0 >= bottom=0.0
ED-0369|||Invalid depth logic: top=0.0 >= bottom=0.0
ED-0370|||Invalid depth logic: top=0.0 >= bottom=0.0
ED-0371|||Invalid depth logic: top=0.0 >= bottom=0.0
ED-0372|||Invalid depth logic: top=0.0 >= bottom=0.0
ED-0373|||Invalid depth logic: top=0.0 >= bottom=0.0
ED-0374|||Invalid depth logic: top=0.0 >= bottom=0.0
GT-002|||Missing UnitIdentifier
GT-002|||Missing UnitIdentifier
GT-002|||Missing UnitIdentifier
GT-002|||Missing UnitIdentifier
GT-002|||Missing UnitIdentifier
GT-002|||Missing UnitIdentifier
GT-002|||Missing UnitIdentifier
GT-002|||Missing UnitIdentifier
GT-002|||Missing UnitIdentifier
GT-002|||Missing UnitIdentifier
GT-002|||Missing UnitIdentifier
GT-002|||Missing UnitIdentifier
GT-002|||Missing UnitIdentifier
GT-002|||Missing UnitIdentifier
GT-002|||Missing UnitIdentifier
GT-002|||Missing UnitIdentifier
GT-002|||Missing UnitIdentifier
GT-002|||Missing UnitIdentifier
GT-002|||Missing UnitIdentifier
GT-004|||Missing UnitIdentifier
GT-004|||Missing UnitIdentifier
GT-004|||Missing UnitIdentifier
GT-004|||Missing UnitIdentifier
GT-004|||Missing UnitIdentifier
GT-014|||Missing UnitIdentifier
GT-014|||Missing UnitIdentifier
GT-014|||Missing UnitIdentifier
GT-015|||Missing UnitIdentifier
GT-015|||Missing UnitIdentifier
MG-030|||Missing UnitIdentifier
MG-030|||Missing UnitIdentifier
MG-030|||Missing UnitIdentifier
MG-030|||Missing UnitIdentifier
MG-030|||Missing UnitIdentifier
MG-030|||Missing UnitIdentifier
MG-030|||Missing UnitIdentifier
MI-0002|||Invalid depth logic: top=0.0 >= bottom=0.0
MI-0004|||Invalid depth logic: top=0.0 >= bottom=0.0
MI-0005|||Invalid depth logic: top=0.0 >= bottom=0.0
MI-0006|||Invalid depth logic: top=0.0 >= bottom=0.0
MI-0007|||Invalid depth logic: top=0.0 >= bottom=0.0
MI-0008|||Invalid depth logic: top=0.0 >= bottom=0.0
MI-0009|||Invalid depth logic: top=0.0 >= bottom=0.0
MI-0010|||Invalid depth logic: top=0.0 >= bottom=0.0
MI-0011|||Invalid depth logic: top=0.0 >= bottom=0.0
MI-0012|||Invalid depth logic: top=0.0 >= bottom=0.0
MI-0013|||Invalid depth logic: top=0.0 >= bottom=0.0
MI-0014|||Invalid depth logic: top=0.0 >= bottom=0.0
MI-0015|||Invalid depth logic: top=0.0 >= bottom=0.0
MI-0016|||Invalid depth logic: top=0.0 >= bottom=0.0
MI-0017|||Invalid depth logic: top=0.0 >= bottom=0.0
MI-0018|||Invalid depth logic: top=0.0 >= bottom=0.0
MI-0019|||Invalid depth logic: top=0.0 >= bottom=0.0
MI-0020|||Invalid depth logic: top=0.0 >= bottom=0.0
MI-0021|||Invalid depth logic: top=0.0 >= bottom=0.0
MI-0022|||Invalid depth logic: top=0.0 >= bottom=0.0
MI-0023|||Invalid depth logic: top=0.0 >= bottom=0.0
MI-0025|||Invalid depth logic: top=0.0 >= bottom=0.0
MI-0026|||Invalid depth logic: top=0.0 >= bottom=0.0
MI-0027|||Invalid depth logic: top=0.0 >= bottom=0.0
MI-0028|||Invalid depth logic: top=0.0 >= bottom=0.0
MI-0029|||Invalid depth logic: top=0.0 >= bottom=0.0
MI-0030|||Invalid depth logic: top=0.0 >= bottom=0.0
MI-0031|||Invalid depth logic: top=0.0 >= bottom=0.0
MI-0032|||Invalid depth logic: top=0.0 >= bottom=0.0
MI-0033|||Invalid depth logic: top=0.0 >= bottom=0.0
MI-0034|||Invalid depth logic: top=0.0 >= bottom=0.0
MI-0035|||Invalid depth logic: top=0.0 >= bottom=0.0
MI-0036|||Invalid depth logic: top=0.0 >= bottom=0.0
MI-0037|||Invalid depth logic: top=0.0 >= bottom=0.0
MI-0038|||Invalid depth logic: top=0.0 >= bottom=0.0
MI-0039|||Invalid depth logic: top=0.0 >= bottom=0.0
MI-0040|||Invalid depth logic: top=0.0 >= bottom=0.0
MI-0041|||Invalid depth logic: top=0.0 >= bottom=0.0
MI-0042|||Invalid depth logic: top=0.0 >= bottom=0.0
MI-0043|||Invalid depth logic: top=0.0 >= bottom=0.0
MI-0044|||Invalid depth logic: top=0.0 >= bottom=0.0
MI-0045|||Invalid depth logic: top=0.0 >= bottom=0.0
MI-0046|||Invalid depth logic: top=0.0 >= bottom=0.0
MI-0047|||Invalid depth logic: top=0.0 >= bottom=0.0
MI-0048|||Invalid depth logic: top=0.0 >= bottom=0.0
MI-0049|||Invalid depth logic: top=0.0 >= bottom=0.0
MI-0050|||Invalid depth logic: top=0.0 >= bottom=0.0
MI-0052|||Invalid depth logic: top=0.0 >= bottom=0.0
MI-0053|||Invalid depth logic: top=0.0 >= bottom=0.0
MI-0054|||Invalid depth logic: top=0.0 >= bottom=0.0
MI-0055|||Invalid depth logic: top=0.0 >= bottom=0.0
MI-0057|||Invalid depth logic: top=0.0 >= bottom=0.0
MI-0058|||Invalid depth logic: top=0.0 >= bottom=0.0
MI-0059|||Invalid depth logic: top=0.0 >= bottom=0.0
MI-0060|||Invalid depth logic: top=0.0 >= bottom=0.0
MI-0061|||Invalid depth logic: top=0.0 >= bottom=0.0
MI-0062|||Invalid depth logic: top=0.0 >= bottom=0.0
MI-0063|||Invalid depth logic: top=0.0 >= bottom=0.0
MI-0064|||Invalid depth logic: top=0.0 >= bottom=0.0
MI-0065|||Invalid depth logic: top=0.0 >= bottom=0.0
MI-0066|||Invalid depth logic: top=0.0 >= bottom=0.0
MI-0067|||Invalid depth logic: top=0.0 >= bottom=0.0
MI-0068|||Invalid depth logic: top=0.0 >= bottom=0.0
MI-0069|||Invalid depth logic: top=0.0 >= bottom=0.0
MI-0070|||Invalid depth logic: top=0.0 >= bottom=0.0
MI-0071|||Invalid depth logic: top=0.0 >= bottom=0.0
MI-0072|||Invalid depth logic: top=0.0 >= bottom=0.0
MI-0073|||Invalid depth logic: top=0.0 >= bottom=0.0
MI-0074|||Invalid depth logic: top=0.0 >= bottom=0.0
MI-0075|||Invalid depth logic: top=0.0 >= bottom=0.0
MI-0076|||Invalid depth logic: top=0.0 >= bottom=0.0
MI-0077|||Invalid depth logic: top=0.0 >= bottom=0.0
MI-0078|||Invalid depth logic: top=0.0 >= bottom=0.0
MI-0079|||Invalid depth logic: top=0.0 >= bottom=0.0
MI-0080|||Invalid depth logic: top=0.0 >= bottom=0.0
MI-0081|||Invalid depth logic: top=0.0 >= bottom=0.0
MI-0082|||Invalid depth logic: top=0.0 >= bottom=0.0
MI-0083|||Invalid depth logic: top=0.0 >= bottom=0.0
MI-0084|||Invalid depth logic: top=0.0 >= bottom=0.0
MI-0085|||Invalid depth logic: top=0.0 >= bottom=0.0
MI-0086|||Invalid depth logic: top=0.0 >= bottom=0.0
MI-0087|||Invalid depth logic: top=0.0 >= bottom=0.0
MI-0088|||Invalid depth logic: top=0.0 >= bottom=0.0
MI-0089|||Invalid depth logic: top=0.0 >= bottom=0.0
MI-0090|||Invalid depth logic: top=0.0 >= bottom=0.0
MI-0091|||Invalid depth logic: top=0.0 >= bottom=0.0
MI-0092|||Invalid depth logic: top=0.0 >= bottom=0.0
MI-0093|||Invalid depth logic: top=0.0 >= bottom=0.0
MI-0094|||Invalid depth logic: top=0.0 >= bottom=0.0
MI-0095|||Invalid depth logic: top=0.0 >= bottom=0.0
MI-0096|||Invalid depth logic: top=0.0 >= bottom=0.0
MI-0097|||Invalid depth logic: top=0.0 >= bottom=0.0
MI-0098|||Invalid depth logic: top=0.0 >= bottom=0.0
MI-0099|||Invalid depth logic: top=0.0 >= bottom=0.0
MI-0099|||Invalid depth logic: top=0.0 >= bottom=0.0
MI-0100|||Invalid depth logic: top=0.0 >= bottom=0.0
MI-0101|||Invalid depth logic: top=0.0 >= bottom=0.0
MI-0102|||Invalid depth logic: top=0.0 >= bottom=0.0
MI-0103|||Invalid depth logic: top=0.0 >= bottom=0.0
MI-0104|||Invalid depth logic: top=0.0 >= bottom=0.0
MI-0105|||Invalid depth logic: top=0.0 >= bottom=0.0
MI-0106|||Invalid depth logic: top=0.0 >= bottom=0.0
MI-0107|||Invalid depth logic: top=0.0 >= bottom=0.0
MI-0108|||Invalid depth logic: top=0.0 >= bottom=0.0
MI-0109|||Invalid depth logic: top=0.0 >= bottom=0.0
MI-0110|||Invalid depth logic: top=0.0 >= bottom=0.0
MI-0111|||Invalid depth logic: top=0.0 >= bottom=0.0
MI-0112|||Invalid depth logic: top=0.0 >= bottom=0.0
MI-0113|||Invalid depth logic: top=0.0 >= bottom=0.0
MI-0114|||Invalid depth logic: top=0.0 >= bottom=0.0
MI-0115|||Invalid depth logic: top=0.0 >= bottom=0.0
MI-0116|||Invalid depth logic: top=0.0 >= bottom=0.0
MI-0117|||Invalid depth logic: top=0.0 >= bottom=0.0
MI-0118|||Invalid depth logic: top=0.0 >= bottom=0.0
MI-0119|||Invalid depth logic: top=0.0 >= bottom=0.0
MI-0120|||Invalid depth logic: top=0.0 >= bottom=0.0
MI-0121|||Invalid depth logic: top=0.0 >= bottom=0.0
MI-0122|||Invalid depth logic: top=0.0 >= bottom=0.0
MI-0123|||Invalid depth logic: top=0.0 >= bottom=0.0
MI-0123|||Invalid depth logic: top=0.0 >= bottom=0.0
MI-0124|||Invalid depth logic: top=0.0 >= bottom=0.0
MI-0124|||Invalid depth logic: top=0.0 >= bottom=0.0
MI-0125|||Invalid depth logic: top=0.0 >= bottom=0.0
MI-0126|||Invalid depth logic: top=0.0 >= bottom=0.0
MI-0127|||Invalid depth logic: top=0.0 >= bottom=0.0
MI-0128|||Invalid depth logic: top=0.0 >= bottom=0.0
MI-0129|||Invalid depth logic: top=0.0 >= bottom=0.0
MI-0130|||Invalid depth logic: top=0.0 >= bottom=0.0
MI-0131|||Invalid depth logic: top=0.0 >= bottom=0.0
MI-0132|||Invalid depth logic: top=0.0 >= bottom=0.0
MI-0132|||Invalid depth logic: top=0.0 >= bottom=0.0
MI-0133|||Invalid depth logic: top=0.0 >= bottom=0.0
MI-0133|||Invalid depth logic: top=0.0 >= bottom=0.0
MI-0134|||Invalid depth logic: top=0.0 >= bottom=0.0
MI-0134|||Invalid depth logic: top=0.0 >= bottom=0.0
MI-0135|||Invalid depth logic: top=0.0 >= bottom=0.0
MI-0135|||Invalid depth logic: top=0.0 >= bottom=0.0
MI-0136|||Invalid depth logic: top=0.0 >= bottom=0.0
MI-0137|||Invalid depth logic: top=0.0 >= bottom=0.0
MI-0138|||Invalid depth logic: top=0.0 >= bottom=0.0
MI-0139|||Invalid depth logic: top=0.0 >= bottom=0.0
MI-0139|||Invalid depth logic: top=0.0 >= bottom=0.0
MI-0140|||Invalid depth logic: top=0.0 >= bottom=0.0
MI-0140|||Invalid depth logic: top=0.0 >= bottom=0.0
MI-0141|||Invalid depth logic: top=0.0 >= bottom=0.0
MI-0141|||Invalid depth logic: top=0.0 >= bottom=0.0
MI-0142|||Invalid depth logic: top=0.0 >= bottom=0.0
MI-0142|||Invalid depth logic: top=0.0 >= bottom=0.0
MI-0143|||Invalid depth logic: top=0.0 >= bottom=0.0
MI-0143|||Invalid depth logic: top=0.0 >= bottom=0.0
MI-0144|||Invalid depth logic: top=0.0 >= bottom=0.0
MI-0144|||Invalid depth logic: top=0.0 >= bottom=0.0
MI-0145|||Invalid depth logic: top=0.0 >= bottom=0.0
MI-0145|||Invalid depth logic: top=0.0 >= bottom=0.0
MI-0146|||Invalid depth logic: top=0.0 >= bottom=0.0
MI-0146|||Invalid depth logic: top=0.0 >= bottom=0.0
MI-0147|||Invalid depth logic: top=0.0 >= bottom=0.0
MI-0147|||Invalid depth logic: top=0.0 >= bottom=0.0
MI-0148|||Invalid depth logic: top=0.0 >= bottom=0.0
MI-0148|||Invalid depth logic: top=0.0 >= bottom=0.0
MI-0149|||Invalid depth logic: top=0.0 >= bottom=0.0
MI-0149|||Invalid depth logic: top=0.0 >= bottom=0.0
MI-0150|||Invalid depth logic: top=0.0 >= bottom=0.0
MI-0150|||Invalid depth logic: top=0.0 >= bottom=0.0
MI-0151|||Invalid depth logic: top=0.0 >= bottom=0.0
MI-0151|||Invalid depth logic: top=0.0 >= bottom=0.0
MI-0152|||Invalid depth logic: top=0.0 >= bottom=0.0
MI-0152|||Invalid depth logic: top=0.0 >= bottom=0.0
MI-0152|||Invalid depth logic: top=0.0 >= bottom=0.0
MI-0153|||Invalid depth logic: top=0.0 >= bottom=0.0
MI-0154|||Invalid depth logic: top=0.0 >= bottom=0.0
MI-0155|||Invalid depth logic: top=0.0 >= bottom=0.0
MI-0156|||Invalid depth logic: top=0.0 >= bottom=0.0
MI-0157|||Invalid depth logic: top=0.0 >= bottom=0.0
MI-0159|||Invalid depth logic: top=0.0 >= bottom=0.0
MI-0160|||Invalid depth logic: top=0.0 >= bottom=0.0
MI-0161|||Invalid depth logic: top=0.0 >= bottom=0.0
MI-0162|||Invalid depth logic: top=0.0 >= bottom=0.0
MI-0163|||Invalid depth logic: top=0.0 >= bottom=0.0
MI-0164|||Invalid depth logic: top=0.0 >= bottom=0.0
MI-0165|||Invalid depth logic: top=0.0 >= bottom=0.0
MI-0166|||Invalid depth logic: top=0.0 >= bottom=0.0
MI-0167|||Invalid depth logic: top=0.0 >= bottom=0.0
MI-0168|||Invalid depth logic: top=0.0 >= bottom=0.0
MI-0169|||Invalid depth logic: top=0.0 >= bottom=0.0
MI-0170|||Invalid depth logic: top=0.0 >= bottom=0.0
MI-0171|||Invalid depth logic: top=0.0 >= bottom=0.0
MI-0172|||Invalid depth logic: top=0.0 >= bottom=0.0
MI-0173|||Invalid depth logic: top=0.0 >= bottom=0.0
MI-0174|||Invalid depth logic: top=0.0 >= bottom=0.0
MI-0175|||Invalid depth logic: top=0.0 >= bottom=0.0
MI-0176|||Invalid depth logic: top=0.0 >= bottom=0.0
MI-0177|||Invalid depth logic: top=0.0 >= bottom=0.0
MI-0178|||Invalid depth logic: top=0.0 >= bottom=0.0
MI-0181|||Invalid depth logic: top=0.0 >= bottom=0.0
MI-0182|||Invalid depth logic: top=0.0 >= bottom=0.0
MI-0182|||Invalid depth logic: top=0.0 >= bottom=0.0
MI-0183|||Invalid depth logic: top=0.0 >= bottom=0.0
MI-0183|||Invalid depth logic: top=0.0 >= bottom=0.0
MI-0184|||Invalid depth logic: top=0.0 >= bottom=0.0
MI-0185|||Invalid depth logic: top=0.0 >= bottom=0.0
MI-0186|||Invalid depth logic: top=0.0 >= bottom=0.0
MI-0187|||Invalid depth logic: top=0.0 >= bottom=0.0
MI-0188|||Invalid depth logic: top=0.0 >= bottom=0.0
MI-0189|||Invalid depth logic: top=0.0 >= bottom=0.0
MI-0190|||Invalid depth logic: top=0.0 >= bottom=0.0
MI-0190|||Invalid depth logic: top=0.0 >= bottom=0.0
MI-0190|||Invalid depth logic: top=0.0 >= bottom=0.0
MI-0191|||Invalid depth logic: top=0.0 >= bottom=0.0
MI-0191|||Invalid depth logic: top=0.0 >= bottom=0.0
MI-0191|||Invalid depth logic: top=0.0 >= bottom=0.0
MI-0192|||Invalid depth logic: top=0.0 >= bottom=0.0
MI-0193|||Invalid depth logic: top=0.0 >= bottom=0.0
MI-0194|||Invalid depth logic: top=0.0 >= bottom=0.0
MI-0195|||Invalid depth logic: top=0.0 >= bottom=0.0
MI-0195|||Invalid depth logic: top=0.0 >= bottom=0.0
MI-0196|||Invalid depth logic: top=0.0 >= bottom=0.0
MI-0196|||Invalid depth logic: top=0.0 >= bottom=0.0
MI-0198|||Invalid depth logic: top=0.0 >= bottom=0.0
MI-0198|||Invalid depth logic: top=0.0 >= bottom=0.0
MI-0199|||Invalid depth logic: top=0.0 >= bottom=0.0
MI-0199|||Invalid depth logic: top=0.0 >= bottom=0.0
MI-0200|||Invalid depth logic: top=0.0 >= bottom=0.0
MI-0200|||Invalid depth logic: top=0.0 >= bottom=0.0
MI-0201|||Invalid depth logic: top=0.0 >= bottom=0.0
MI-0201|||Invalid depth logic: top=0.0 >= bottom=0.0
MI-0202|||Invalid depth logic: top=0.0 >= bottom=0.0
MI-0203|||Invalid depth logic: top=0.0 >= bottom=0.0
MI-0203|||Invalid depth logic: top=0.0 >= bottom=0.0
MI-0204|||Invalid depth logic: top=0.0 >= bottom=0.0
MI-0204|||Invalid depth logic: top=0.0 >= bottom=0.0
MI-0205|||Invalid depth logic: top=0.0 >= bottom=0.0
MI-0205|||Invalid depth logic: top=0.0 >= bottom=0.0
MI-0206|||Invalid depth logic: top=0.0 >= bottom=0.0
MI-0206|||Invalid depth logic: top=0.0 >= bottom=0.0
MI-0207|||Invalid depth logic: top=0.0 >= bottom=0.0
MI-0207|||Invalid depth logic: top=0.0 >= bottom=0.0
MI-0208|||Invalid depth logic: top=0.0 >= bottom=0.0
MI-0208|||Invalid depth logic: top=0.0 >= bottom=0.0
MI-0209|||Invalid depth logic: top=0.0 >= bottom=0.0
MI-0209|||Invalid depth logic: top=0.0 >= bottom=0.0
MI-0210|||Invalid depth logic: top=0.0 >= bottom=0.0
MI-0210|||Invalid depth logic: top=0.0 >= bottom=0.0
MI-0211|||Invalid depth logic: top=0.0 >= bottom=0.0
MI-0211|||Invalid depth logic: top=0.0 >= bottom=0.0
MI-0212|||Invalid depth logic: top=0.0 >= bottom=0.0
MI-0213|||Invalid depth logic: top=0.0 >= bottom=0.0
MI-0214|||Invalid depth logic: top=0.0 >= bottom=0.0
MI-0215|||Invalid depth logic: top=0.0 >= bottom=0.0
MI-0216|||Invalid depth logic: top=0.0 >= bottom=0.0
MI-0217|||Invalid depth logic: top=0.0 >= bottom=0.0
MI-0218|||Invalid depth logic: top=0.0 >= bottom=0.0
MI-0218|||Invalid depth logic: top=0.0 >= bottom=0.0
MI-0219|||Invalid depth logic: top=0.0 >= bottom=0.0
MI-0220|||Invalid depth logic: top=0.0 >= bottom=0.0
MI-0221|||Invalid depth logic: top=0.0 >= bottom=0.0
MI-0222|||Invalid depth logic: top=0.0 >= bottom=0.0
MI-0222|||Invalid depth logic: top=0.0 >= bottom=0.0
MI-0223|||Invalid depth logic: top=0.0 >= bottom=0.0
MI-0223|||Invalid depth logic: top=0.0 >= bottom=0.0
MI-0224|||Invalid depth logic: top=0.0 >= bottom=0.0
MI-0225|||Invalid depth logic: top=0.0 >= bottom=0.0
MI-0225|||Invalid depth logic: top=0.0 >= bottom=0.0
MI-0226|||Invalid depth logic: top=0.0 >= bottom=0.0
MI-0226|||Invalid depth logic: top=0.0 >= bottom=0.0
MI-0227|||Invalid depth logic: top=0.0 >= bottom=0.0
MI-0227|||Invalid depth logic: top=0.0 >= bottom=0.0
MI-0228|||Invalid depth logic: top=0.0 >= bottom=0.0
MI-0229|||Invalid depth logic: top=0.0 >= bottom=0.0
MI-0229|||Invalid depth logic: top=0.0 >= bottom=0.0
MI-0230|||Invalid depth logic: top=0.0 >= bottom=0.0
MI-0230|||Invalid depth logic: top=0.0 >= bottom=0.0
MI-0230|||Invalid depth logic: top=0.0 >= bottom=0.0
MI-0231|||Invalid depth logic: top=0.0 >= bottom=0.0
MI-0232|||Invalid depth logic: top=0.0 >= bottom=0.0
MI-0233|||Invalid depth logic: top=0.0 >= bottom=0.0
MI-0234|||Invalid depth logic: top=0.0 >= bottom=0.0
MI-0235|||Invalid depth logic: top=0.0 >= bottom=0.0
MI-0236|||Invalid depth logic: top=0.0 >= bottom=0.0
MI-0237|||Invalid depth logic: top=0.0 >= bottom=0.0
MI-0238|||Invalid depth logic: top=0.0 >= bottom=0.0
MI-0238|||Invalid depth logic: top=0.0 >= bottom=0.0
MI-0238|||Invalid depth logic: top=0.0 >= bottom=0.0
MI-0239|||Invalid depth logic: top=0.0 >= bottom=0.0
MI-0240|||Invalid depth logic: top=0.0 >= bottom=0.0
MI-0240|||Invalid depth logic: top=0.0 >= bottom=0.0
MI-0240|||Invalid depth logic: top=0.0 >= bottom=0.0
MI-0240|||Invalid depth logic: top=0.0 >= bottom=0.0
MI-0241|||Invalid depth logic: top=0.0 >= bottom=0.0
MI-0242|||Invalid depth logic: top=0.0 >= bottom=0.0
MI-0243|||Invalid depth logic: top=0.0 >= bottom=0.0
MI-0243|||Invalid depth logic: top=0.0 >= bottom=0.0
MI-0243|||Invalid depth logic: top=0.0 >= bottom=0.0
MI-0244|||Invalid depth logic: top=0.0 >= bottom=0.0
MI-0244|||Invalid depth logic: top=0.0 >= bottom=0.0
MI-0244|||Invalid depth logic: top=0.0 >= bottom=0.0
MI-0245|||Invalid depth logic: top=0.0 >= bottom=0.0
MI-0245|||Invalid depth logic: top=0.0 >= bottom=0.0
MI-0245|||Invalid depth logic: top=0.0 >= bottom=0.0
MI-0247|||Invalid depth logic: top=0.0 >= bottom=0.0
MI-0247|||Invalid depth logic: top=0.0 >= bottom=0.0
MI-0248|||Invalid depth logic: top=0.0 >= bottom=0.0
MI-0248|||Invalid depth logic: top=0.0 >= bottom=0.0
MI-0249|||Invalid depth logic: top=0.0 >= bottom=0.0
MI-0250|||Invalid depth logic: top=0.0 >= bottom=0.0
MI-0252|||Invalid depth logic: top=0.0 >= bottom=0.0
MI-0252|||Invalid depth logic: top=0.0 >= bottom=0.0
MI-0253|||Invalid depth logic: top=0.0 >= bottom=0.0
MI-0253|||Invalid depth logic: top=0.0 >= bottom=0.0
MI-0254|||Invalid depth logic: top=0.0 >= bottom=0.0
MI-0254|||Invalid depth logic: top=0.0 >= bottom=0.0
MI-0256|||Invalid depth logic: top=0.0 >= bottom=0.0
MI-0256|||Invalid depth logic: top=0.0 >= bottom=0.0
MI-0257|||Invalid depth logic: top=0.0 >= bottom=0.0
MI-0258|||Invalid depth logic: top=0.0 >= bottom=0.0
MI-0259|||Invalid depth logic: top=0.0 >= bottom=0.0
MI-0260|||Invalid depth logic: top=0.0 >= bottom=0.0
MI-0261|||Invalid depth logic: top=0.0 >= bottom=0.0
MI-0262|||Invalid depth logic: top=0.0 >= bottom=0.0
MI-0263|||Invalid depth logic: top=0.0 >= bottom=0.0
MI-0264|||Invalid depth logic: top=0.0 >= bottom=0.0
MI-0265|||Invalid depth logic: top=0.0 >= bottom=0.0
MI-0266|||Invalid depth logic: top=0.0 >= bottom=0.0
MI-0267|||Invalid depth logic: top=0.0 >= bottom=0.0
MI-0268|||Invalid depth logic: top=0.0 >= bottom=0.0
MI-0269|||Invalid depth logic: top=0.0 >= bottom=0.0
MI-0270|||Invalid depth logic: top=0.0 >= bottom=0.0
MI-0272|||Invalid depth logic: top=0.0 >= bottom=0.0
MI-0273|||Invalid depth logic: top=0.0 >= bottom=0.0
MI-0274|||Invalid depth logic: top=0.0 >= bottom=0.0
MI-0276|||Invalid depth logic: top=0.0 >= bottom=0.0
MI-0277|||Invalid depth logic: top=0.0 >= bottom=0.0
MI-0278|||Invalid depth logic: top=0.0 >= bottom=0.0
MI-0279|||Invalid depth logic: top=0.0 >= bottom=0.0
MI-0281|||Invalid depth logic: top=0.0 >= bottom=0.0
MI-0281|||Invalid depth logic: top=0.0 >= bottom=0.0
MI-0281|||Invalid depth logic: top=0.0 >= bottom=0.0
MI-0282|||Invalid depth logic: top=0.0 >= bottom=0.0
MI-0282|||Invalid depth logic: top=0.0 >= bottom=0.0
MI-0283|||Invalid depth logic: top=0.0 >= bottom=0.0
MI-0283|||Invalid depth logic: top=0.0 >= bottom=0.0
MI-0284|||Invalid depth logic: top=0.0 >= bottom=0.0
MI-0285|||Invalid depth logic: top=0.0 >= bottom=0.0
MI-0285|||Invalid depth logic: top=0.0 >= bottom=0.0
MI-0286|||Invalid depth logic: top=0.0 >= bottom=0.0
MI-0286|||Invalid depth logic: top=0.0 >= bottom=0.0
MI-0287|||Invalid depth logic: top=0.0 >= bottom=0.0
MI-0288|||Invalid depth logic: top=0.0 >= bottom=0.0
MI-0289|||Invalid depth logic: top=0.0 >= bottom=0.0
MI-0289|||Invalid depth logic: top=0.0 >= bottom=0.0
MI-0290|||Invalid depth logic: top=0.0 >= bottom=0.0
MI-0290|||Invalid depth logic: top=0.0 >= bottom=0.0
MI-0291|||Invalid depth logic: top=0.0 >= bottom=0.0
MI-0292|||Invalid depth logic: top=0.0 >= bottom=0.0
MI-0293|||Invalid depth logic: top=0.0 >= bottom=0.0
MI-0293|||Invalid depth logic: top=0.0 >= bottom=0.0
MI-0294|||Invalid depth logic: top=0.0 >= bottom=0.0
MI-0295|||Invalid depth logic: top=0.0 >= bottom=0.0
MI-0296|||Invalid depth logic: top=0.0 >= bottom=0.0
MI-0297|||Invalid depth logic: top=0.0 >= bottom=0.0
MI-0299|||Invalid depth logic: top=0.0 >= bottom=0.0
NM-23292|||Missing UnitIdentifier
NM-23292|||Missing UnitIdentifier
NM-23292|||Missing UnitIdentifier
NM-23292|||Missing UnitIdentifier
NM-23292|||Missing UnitIdentifier
NM-23292|||Missing UnitIdentifier
NM-23292|||Missing UnitIdentifier
NM-23292|||Missing UnitIdentifier
NM-23292|||Missing UnitIdentifier
NM-23292|||Missing UnitIdentifier
OG-0043|||Missing UnitIdentifier
QU-004|||Missing UnitIdentifier
QU-004|||Missing UnitIdentifier
QU-004|||Missing UnitIdentifier
QU-004|||Missing UnitIdentifier
QU-004|||Missing UnitIdentifier
QU-004|||Missing UnitIdentifier
QU-004|||Missing UnitIdentifier
QU-004|||Missing UnitIdentifier
QU-004|||Missing UnitIdentifier
QU-004|||Missing UnitIdentifier
QU-004|||Missing UnitIdentifier
QU-004|||Missing UnitIdentifier
QU-004|||Missing UnitIdentifier
QU-004|||Missing UnitIdentifier
QU-004|||Missing UnitIdentifier
QU-004|||Missing UnitIdentifier
QU-004|||Missing UnitIdentifier
QU-004|||Missing UnitIdentifier
QU-004|||Missing UnitIdentifier
QU-004|||Missing UnitIdentifier
QU-004|||Missing UnitIdentifier
QU-004|||Missing UnitIdentifier
QU-100|||Missing UnitIdentifier
QU-100|||Missing UnitIdentifier
QU-100|||Missing UnitIdentifier
QU-101|||Missing UnitIdentifier
QU-101|||Missing UnitIdentifier
QU-101|||Missing UnitIdentifier
QU-101|||Missing UnitIdentifier
QU-101|||Missing UnitIdentifier
QU-101|||Missing UnitIdentifier
QU-101|||Missing UnitIdentifier
QU-101|||Missing UnitIdentifier
QU-101|||Missing UnitIdentifier
QU-101|||Missing UnitIdentifier
QU-101|||Missing UnitIdentifier
QU-101|||Missing UnitIdentifier
QY-0001|||Invalid depth logic: top=0.0 >= bottom=0.0
QY-0002|||Invalid depth logic: top=0.0 >= bottom=0.0
QY-0003|||Invalid depth logic: top=0.0 >= bottom=0.0
QY-0004|||Invalid depth logic: top=0.0 >= bottom=0.0
QY-0005|||Invalid depth logic: top=0.0 >= bottom=0.0
QY-0006|||Invalid depth logic: top=0.0 >= bottom=0.0
QY-0007|||Invalid depth logic: top=0.0 >= bottom=0.0
QY-0008|||Invalid depth logic: top=0.0 >= bottom=0.0
QY-0009|||Invalid depth logic: top=0.0 >= bottom=0.0
QY-0010|||Invalid depth logic: top=0.0 >= bottom=0.0
QY-0011|||Invalid depth logic: top=0.0 >= bottom=0.0
QY-0012|||Invalid depth logic: top=0.0 >= bottom=0.0
QY-0013|||Invalid depth logic: top=0.0 >= bottom=0.0
QY-0014|||Invalid depth logic: top=0.0 >= bottom=0.0
QY-0015|||Invalid depth logic: top=0.0 >= bottom=0.0
QY-0015|||Invalid depth logic: top=0.0 >= bottom=0.0
QY-0016|||Invalid depth logic: top=0.0 >= bottom=0.0
QY-0017|||Invalid depth logic: top=0.0 >= bottom=0.0
QY-0018|||Invalid depth logic: top=0.0 >= bottom=0.0
QY-0019|||Invalid depth logic: top=0.0 >= bottom=0.0
QY-0020|||Invalid depth logic: top=0.0 >= bottom=0.0
QY-0021|||Invalid depth logic: top=0.0 >= bottom=0.0
QY-0022|||Invalid depth logic: top=0.0 >= bottom=0.0
QY-0023|||Invalid depth logic: top=0.0 >= bottom=0.0
QY-0024|||Invalid depth logic: top=0.0 >= bottom=0.0
QY-0025|||Invalid depth logic: top=0.0 >= bottom=0.0
QY-0025|||Invalid depth logic: top=0.0 >= bottom=0.0
QY-0026|||Invalid depth logic: top=0.0 >= bottom=0.0
QY-0027|||Invalid depth logic: top=0.0 >= bottom=0.0
QY-0028|||Invalid depth logic: top=0.0 >= bottom=0.0
QY-0028|||Invalid depth logic: top=0.0 >= bottom=0.0
QY-0029|||Invalid depth logic: top=0.0 >= bottom=0.0
QY-0030|||Invalid depth logic: top=0.0 >= bottom=0.0
QY-0031|||Invalid depth logic: top=0.0 >= bottom=0.0
QY-0032|||Invalid depth logic: top=0.0 >= bottom=0.0
QY-0033|||Invalid depth logic: top=0.0 >= bottom=0.0
QY-0034|||Invalid depth logic: top=0.0 >= bottom=0.0
QY-0035|||Invalid depth logic: top=0.0 >= bottom=0.0
QY-0036|||Invalid depth logic: top=0.0 >= bottom=0.0
QY-0037|||Invalid depth logic: top=0.0 >= bottom=0.0
QY-0038|||Invalid depth logic: top=0.0 >= bottom=0.0
QY-0039|||Invalid depth logic: top=0.0 >= bottom=0.0
QY-0040|||Invalid depth logic: top=0.0 >= bottom=0.0
QY-0041|||Invalid depth logic: top=0.0 >= bottom=0.0
QY-0042|||Invalid depth logic: top=0.0 >= bottom=0.0
QY-0043|||Invalid depth logic: top=0.0 >= bottom=0.0
QY-0044|||Invalid depth logic: top=0.0 >= bottom=0.0
QY-0045|||Invalid depth logic: top=0.0 >= bottom=0.0
QY-0046|||Invalid depth logic: top=0.0 >= bottom=0.0
QY-0047|||Invalid depth logic: top=0.0 >= bottom=0.0
QY-0048|||Invalid depth logic: top=0.0 >= bottom=0.0
QY-0049|||Invalid depth logic: top=0.0 >= bottom=0.0
QY-0050|||Invalid depth logic: top=0.0 >= bottom=0.0
QY-0051|||Invalid depth logic: top=0.0 >= bottom=0.0
QY-0052|||Invalid depth logic: top=0.0 >= bottom=0.0
QY-0052|||Invalid depth logic: top=0.0 >= bottom=0.0
QY-0053|||Invalid depth logic: top=0.0 >= bottom=0.0
QY-0053|||Invalid depth logic: top=0.0 >= bottom=0.0
QY-0054|||Invalid depth logic: top=0.0 >= bottom=0.0
QY-0055|||Invalid depth logic: top=0.0 >= bottom=0.0
QY-0056|||Invalid depth logic: top=0.0 >= bottom=0.0
QY-0057|||Invalid depth logic: top=0.0 >= bottom=0.0
QY-0058|||Invalid depth logic: top=0.0 >= bottom=0.0
QY-0059|||Invalid depth logic: top=0.0 >= bottom=0.0
QY-0060|||Invalid depth logic: top=0.0 >= bottom=0.0
QY-0061|||Invalid depth logic: top=0.0 >= bottom=0.0
QY-0062|||Invalid depth logic: top=0.0 >= bottom=0.0
QY-0063|||Invalid depth logic: top=0.0 >= bottom=0.0
QY-0064|||Invalid depth logic: top=0.0 >= bottom=0.0
QY-0065|||Invalid depth logic: top=0.0 >= bottom=0.0
QY-0066|||Invalid depth logic: top=0.0 >= bottom=0.0
QY-0067|||Invalid depth logic: top=0.0 >= bottom=0.0
QY-0068|||Invalid depth logic: top=0.0 >= bottom=0.0
QY-0069|||Invalid depth logic: top=0.0 >= bottom=0.0
QY-0070|||Invalid depth logic: top=0.0 >= bottom=0.0
QY-0071|||Invalid depth logic: top=0.0 >= bottom=0.0
QY-0072|||Invalid depth logic: top=0.0 >= bottom=0.0
QY-0073|||Invalid depth logic: top=0.0 >= bottom=0.0
QY-0074|||Invalid depth logic: top=0.0 >= bottom=0.0
QY-0075|||Invalid depth logic: top=0.0 >= bottom=0.0
QY-0076|||Invalid depth logic: top=0.0 >= bottom=0.0
QY-0077|||Invalid depth logic: top=0.0 >= bottom=0.0
QY-0078|||Invalid depth logic: top=0.0 >= bottom=0.0
QY-0079|||Invalid depth logic: top=0.0 >= bottom=0.0
QY-0080|||Invalid depth logic: top=0.0 >= bottom=0.0
QY-0081|||Invalid depth logic: top=0.0 >= bottom=0.0
QY-0082|||Invalid depth logic: top=0.0 >= bottom=0.0
QY-0083|||Invalid depth logic: top=0.0 >= bottom=0.0
QY-0083|||Invalid depth logic: top=0.0 >= bottom=0.0
QY-0084|||Invalid depth logic: top=0.0 >= bottom=0.0
QY-0085|||Invalid depth logic: top=0.0 >= bottom=0.0
QY-0086|||Invalid depth logic: top=0.0 >= bottom=0.0
QY-0087|||Invalid depth logic: top=0.0 >= bottom=0.0
QY-0088|||Invalid depth logic: top=0.0 >= bottom=0.0
QY-0089|||Invalid depth logic: top=0.0 >= bottom=0.0
QY-0090|||Invalid depth logic: top=0.0 >= bottom=0.0
QY-0091|||Invalid depth logic: top=0.0 >= bottom=0.0
QY-0093|||Invalid depth logic: top=0.0 >= bottom=0.0
QY-0094|||Invalid depth logic: top=0.0 >= bottom=0.0
QY-0095|||Invalid depth logic: top=0.0 >= bottom=0.0
QY-0096|||Invalid depth logic: top=0.0 >= bottom=0.0
QY-0097|||Invalid depth logic: top=0.0 >= bottom=0.0
QY-0098|||Invalid depth logic: top=0.0 >= bottom=0.0
QY-0099|||Invalid depth logic: top=0.0 >= bottom=0.0
QY-0100|||Invalid depth logic: top=0.0 >= bottom=0.0
QY-0101|||Invalid depth logic: top=0.0 >= bottom=0.0
QY-0102|||Invalid depth logic: top=0.0 >= bottom=0.0
QY-0103|||Invalid depth logic: top=0.0 >= bottom=0.0
QY-0104|||Invalid depth logic: top=0.0 >= bottom=0.0
QY-0105|||Invalid depth logic: top=0.0 >= bottom=0.0
QY-0106|||Invalid depth logic: top=0.0 >= bottom=0.0
QY-0107|||Invalid depth logic: top=0.0 >= bottom=0.0
QY-0108|||Invalid depth logic: top=0.0 >= bottom=0.0
QY-0109|||Invalid depth logic: top=0.0 >= bottom=0.0
QY-0110|||Invalid depth logic: top=0.0 >= bottom=0.0
QY-0111|||Invalid depth logic: top=0.0 >= bottom=0.0
QY-0113|||Invalid depth logic: top=0.0 >= bottom=0.0
QY-0114|||Invalid depth logic: top=0.0 >= bottom=0.0
QY-0115|||Invalid depth logic: top=0.0 >= bottom=0.0
QY-0115|||Invalid depth logic: top=0.0 >= bottom=0.0
QY-0116|||Invalid depth logic: top=0.0 >= bottom=0.0
QY-0117|||Invalid depth logic: top=0.0 >= bottom=0.0
QY-0118|||Invalid depth logic: top=0.0 >= bottom=0.0
QY-0119|||Invalid depth logic: top=0.0 >= bottom=0.0
QY-0120|||Invalid depth logic: top=0.0 >= bottom=0.0
QY-0121|||Invalid depth logic: top=0.0 >= bottom=0.0
QY-0122|||Invalid depth logic: top=0.0 >= bottom=0.0
QY-0123|||Invalid depth logic: top=0.0 >= bottom=0.0
QY-0124|||Invalid depth logic: top=0.0 >= bottom=0.0
QY-0125|||Invalid depth logic: top=0.0 >= bottom=0.0
QY-0126|||Invalid depth logic: top=0.0 >= bottom=0.0
QY-0127|||Invalid depth logic: top=0.0 >= bottom=0.0
QY-0128|||Invalid depth logic: top=0.0 >= bottom=0.0
QY-0129|||Invalid depth logic: top=0.0 >= bottom=0.0
QY-0130|||Invalid depth logic: top=0.0 >= bottom=0.0
QY-0131|||Invalid depth logic: top=0.0 >= bottom=0.0
QY-0132|||Invalid depth logic: top=0.0 >= bottom=0.0
QY-0133|||Invalid depth logic: top=0.0 >= bottom=0.0
QY-0134|||Invalid depth logic: top=0.0 >= bottom=0.0
QY-0135|||Invalid depth logic: top=0.0 >= bottom=0.0
QY-0136|||Invalid depth logic: top=0.0 >= bottom=0.0
QY-0137|||Invalid depth logic: top=0.0 >= bottom=0.0
QY-0138|||Invalid depth logic: top=0.0 >= bottom=0.0
QY-0139|||Invalid depth logic: top=0.0 >= bottom=0.0
QY-0140|||Invalid depth logic: top=0.0 >= bottom=0.0
QY-0141|||Invalid depth logic: top=0.0 >= bottom=0.0
QY-0142|||Invalid depth logic: top=0.0 >= bottom=0.0
QY-0143|||Invalid depth logic: top=0.0 >= bottom=0.0
QY-0144|||Invalid depth logic: top=0.0 >= bottom=0.0
QY-0146|||Invalid depth logic: top=0.0 >= bottom=0.0
QY-0146|||Invalid depth logic: top=0.0 >= bottom=0.0
QY-0147|||Invalid depth logic: top=0.0 >= bottom=0.0
QY-0148|||Invalid depth logic: top=0.0 >= bottom=0.0
QY-0149|||Invalid depth logic: top=0.0 >= bottom=0.0
QY-0150|||Invalid depth logic: top=0.0 >= bottom=0.0
QY-0151|||Invalid depth logic: top=0.0 >= bottom=0.0
QY-0152|||Invalid depth logic: top=0.0 >= bottom=0.0
QY-0153|||Invalid depth logic: top=0.0 >= bottom=0.0
QY-0154|||Invalid depth logic: top=0.0 >= bottom=0.0
QY-0155|||Invalid depth logic: top=0.0 >= bottom=0.0
QY-0156|||Invalid depth logic: top=0.0 >= bottom=0.0
QY-0157|||Invalid depth logic: top=0.0 >= bottom=0.0
QY-0158|||Invalid depth logic: top=0.0 >= bottom=0.0
QY-0158|||Invalid depth logic: top=0.0 >= bottom=0.0
QY-0159|||Invalid depth logic: top=0.0 >= bottom=0.0
QY-0160|||Invalid depth logic: top=0.0 >= bottom=0.0
QY-0161|||Invalid depth logic: top=0.0 >= bottom=0.0
QY-0161|||Invalid depth logic: top=0.0 >= bottom=0.0
QY-0162|||Invalid depth logic: top=0.0 >= bottom=0.0
QY-0163|||Invalid depth logic: top=0.0 >= bottom=0.0
QY-0164|||Invalid depth logic: top=0.0 >= bottom=0.0
QY-0165|||Invalid depth logic: top=0.0 >= bottom=0.0
QY-0166|||Invalid depth logic: top=0.0 >= bottom=0.0
QY-0167|||Invalid depth logic: top=0.0 >= bottom=0.0
QY-0167|||Invalid depth logic: top=0.0 >= bottom=0.0
QY-0168|||Invalid depth logic: top=0.0 >= bottom=0.0
QY-0169|||Invalid depth logic: top=0.0 >= bottom=0.0
QY-0170|||Invalid depth logic: top=0.0 >= bottom=0.0
QY-0171|||Invalid depth logic: top=0.0 >= bottom=0.0
QY-0172|||Invalid depth logic: top=0.0 >= bottom=0.0
QY-0173|||Invalid depth logic: top=0.0 >= bottom=0.0
QY-0174|||Invalid depth logic: top=0.0 >= bottom=0.0
QY-0175|||Invalid depth logic: top=0.0 >= bottom=0.0
QY-0176|||Invalid depth logic: top=0.0 >= bottom=0.0
QY-0177|||Invalid depth logic: top=0.0 >= bottom=0.0
QY-0178|||Invalid depth logic: top=0.0 >= bottom=0.0
QY-0179|||Invalid depth logic: top=0.0 >= bottom=0.0
QY-0180|||Invalid depth logic: top=0.0 >= bottom=0.0
QY-0180|||Invalid depth logic: top=0.0 >= bottom=0.0
QY-0181|||Invalid depth logic: top=0.0 >= bottom=0.0
QY-0181|||Invalid depth logic: top=0.0 >= bottom=0.0
QY-0182|||Invalid depth logic: top=0.0 >= bottom=0.0
QY-0182|||Invalid depth logic: top=0.0 >= bottom=0.0
QY-0183|||Invalid depth logic: top=0.0 >= bottom=0.0
QY-0183|||Invalid depth logic: top=0.0 >= bottom=0.0
QY-0184|||Invalid depth logic: top=0.0 >= bottom=0.0
QY-0184|||Invalid depth logic: top=0.0 >= bottom=0.0
QY-0185|||Invalid depth logic: top=0.0 >= bottom=0.0
QY-0185|||Invalid depth logic: top=0.0 >= bottom=0.0
QY-0193|||Invalid depth logic: top=0.0 >= bottom=0.0
QY-0196|||Invalid depth logic: top=0.0 >= bottom=0.0
QY-0197|||Invalid depth logic: top=0.0 >= bottom=0.0
QY-0198|||Invalid depth logic: top=0.0 >= bottom=0.0
QY-0199|||Invalid depth logic: top=0.0 >= bottom=0.0
QY-0199|||Invalid depth logic: top=0.0 >= bottom=0.0
QY-0200|||Invalid depth logic: top=0.0 >= bottom=0.0
QY-0200|||Invalid depth logic: top=0.0 >= bottom=0.0
QY-0201|||Invalid depth logic: top=0.0 >= bottom=0.0
QY-0201|||Invalid depth logic: top=0.0 >= bottom=0.0
QY-0203|||Invalid depth logic: top=0.0 >= bottom=0.0
QY-0204|||Invalid depth logic: top=0.0 >= bottom=0.0
QY-0205|||Invalid depth logic: top=0.0 >= bottom=0.0
QY-0206|||Invalid depth logic: top=0.0 >= bottom=0.0
QY-0207|||Invalid depth logic: top=0.0 >= bottom=0.0
QY-0208|||Invalid depth logic: top=0.0 >= bottom=0.0
QY-0209|||Invalid depth logic: top=0.0 >= bottom=0.0
QY-0210|||Invalid depth logic: top=0.0 >= bottom=0.0
QY-0211|||Invalid depth logic: top=0.0 >= bottom=0.0
QY-0212|||Invalid depth logic: top=0.0 >= bottom=0.0
QY-0213|||Invalid depth logic: top=0.0 >= bottom=0.0
QY-0214|||Invalid depth logic: top=0.0 >= bottom=0.0
QY-0215|||Invalid depth logic: top=0.0 >= bottom=0.0
QY-0216|||Invalid depth logic: top=0.0 >= bottom=0.0
QY-0217|||Invalid depth logic: top=0.0 >= bottom=0.0
QY-0217|||Invalid depth logic: top=0.0 >= bottom=0.0
QY-0218|||Invalid depth logic: top=0.0 >= bottom=0.0
QY-0218|||Invalid depth logic: top=0.0 >= bottom=0.0
QY-0219|||Invalid depth logic: top=0.0 >= bottom=0.0
QY-0220|||Invalid depth logic: top=0.0 >= bottom=0.0
QY-0221|||Invalid depth logic: top=0.0 >= bottom=0.0
QY-0222|||Invalid depth logic: top=0.0 >= bottom=0.0
QY-0223|||Invalid depth logic: top=0.0 >= bottom=0.0
QY-0224|||Invalid depth logic: top=0.0 >= bottom=0.0
QY-0225|||Invalid depth logic: top=0.0 >= bottom=0.0
QY-0225|||Invalid depth logic: top=0.0 >= bottom=0.0
QY-0226|||Invalid depth logic: top=0.0 >= bottom=0.0
QY-0227|||Invalid depth logic: top=0.0 >= bottom=0.0
QY-0228|||Invalid depth logic: top=0.0 >= bottom=0.0
QY-0229|||Invalid depth logic: top=0.0 >= bottom=0.0
QY-0230|||Invalid depth logic: top=0.0 >= bottom=0.0
QY-0230|||Invalid depth logic: top=0.0 >= bottom=0.0
QY-0231|||Invalid depth logic: top=0.0 >= bottom=0.0
QY-0231|||Invalid depth logic: top=0.0 >= bottom=0.0
QY-0232|||Invalid depth logic: top=0.0 >= bottom=0.0
QY-0233|||Invalid depth logic: top=0.0 >= bottom=0.0
QY-0234|||Invalid depth logic: top=0.0 >= bottom=0.0
QY-0234|||Invalid depth logic: top=0.0 >= bottom=0.0
QY-0235|||Invalid depth logic: top=0.0 >= bottom=0.0
QY-0236|||Invalid depth logic: top=0.0 >= bottom=0.0
QY-0236|||Invalid depth logic: top=0.0 >= bottom=0.0
QY-0237|||Invalid depth logic: top=0.0 >= bottom=0.0
QY-0238|||Invalid depth logic: top=0.0 >= bottom=0.0
QY-0239|||Invalid depth logic: top=0.0 >= bottom=0.0
QY-0240|||Invalid depth logic: top=0.0 >= bottom=0.0
QY-0241|||Invalid depth logic: top=0.0 >= bottom=0.0
QY-0242|||Invalid depth logic: top=0.0 >= bottom=0.0
QY-0243|||Invalid depth logic: top=0.0 >= bottom=0.0
QY-0244|||Invalid depth logic: top=0.0 >= bottom=0.0
QY-0245|||Invalid depth logic: top=0.0 >= bottom=0.0
QY-0246|||Invalid depth logic: top=0.0 >= bottom=0.0
QY-0247|||Invalid depth logic: top=0.0 >= bottom=0.0
QY-0248|||Invalid depth logic: top=0.0 >= bottom=0.0
QY-0249|||Invalid depth logic: top=0.0 >= bottom=0.0
QY-0250|||Invalid depth logic: top=0.0 >= bottom=0.0
QY-0251|||Invalid depth logic: top=0.0 >= bottom=0.0
QY-0251|||Invalid depth logic: top=0.0 >= bottom=0.0
QY-0252|||Invalid depth logic: top=0.0 >= bottom=0.0
QY-0253|||Invalid depth logic: top=0.0 >= bottom=0.0
QY-0255|||Invalid depth logic: top=0.0 >= bottom=0.0
QY-0256|||Invalid depth logic: top=0.0 >= bottom=0.0
QY-0257|||Invalid depth logic: top=0.0 >= bottom=0.0
QY-0258|||Invalid depth logic: top=0.0 >= bottom=0.0
QY-0259|||Invalid depth logic: top=0.0 >= bottom=0.0
QY-0260|||Invalid depth logic: top=0.0 >= bottom=0.0
QY-0261|||Invalid depth logic: top=0.0 >= bottom=0.0
QY-0262|||Invalid depth logic: top=0.0 >= bottom=0.0
QY-0263|||Invalid depth logic: top=0.0 >= bottom=0.0
QY-0264|||Invalid depth logic: top=0.0 >= bottom=0.0
QY-0264|||Invalid depth logic: top=0.0 >= bottom=0.0
QY-0265|||Invalid depth logic: top=0.0 >= bottom=0.0
QY-0266|||Invalid depth logic: top=0.0 >= bottom=0.0
QY-0267|||Invalid depth logic: top=0.0 >= bottom=0.0
QY-0268|||Invalid depth logic: top=0.0 >= bottom=0.0
QY-0269|||Invalid depth logic: top=0.0 >= bottom=0.0
QY-0270|||Invalid depth logic: top=0.0 >= bottom=0.0
QY-0271|||Invalid depth logic: top=0.0 >= bottom=0.0
QY-0271|||Invalid depth logic: top=0.0 >= bottom=0.0
QY-0272|||Invalid depth logic: top=0.0 >= bottom=0.0
QY-0273|||Invalid depth logic: top=0.0 >= bottom=0.0
QY-0275|||Invalid depth logic: top=0.0 >= bottom=0.0
QY-0276|||Invalid depth logic: top=0.0 >= bottom=0.0
QY-0277|||Invalid depth logic: top=0.0 >= bottom=0.0
QY-0278|||Invalid depth logic: top=0.0 >= bottom=0.0
QY-0279|||Invalid depth logic: top=0.0 >= bottom=0.0
QY-0280|||Invalid depth logic: top=0.0 >= bottom=0.0
QY-0281|||Invalid depth logic: top=0.0 >= bottom=0.0
QY-0282|||Invalid depth logic: top=0.0 >= bottom=0.0
QY-0283|||Invalid depth logic: top=0.0 >= bottom=0.0
QY-0284|||Invalid depth logic: top=0.0 >= bottom=0.0
QY-0285|||Invalid depth logic: top=0.0 >= bottom=0.0
QY-0286|||Invalid depth logic: top=0.0 >= bottom=0.0
QY-0287|||Invalid depth logic: top=0.0 >= bottom=0.0
QY-0289|||Invalid depth logic: top=0.0 >= bottom=0.0
QY-0290|||Invalid depth logic: top=0.0 >= bottom=0.0
QY-0291|||Invalid depth logic: top=0.0 >= bottom=0.0
QY-0292|||Invalid depth logic: top=0.0 >= bottom=0.0
QY-0293|||Invalid depth logic: top=0.0 >= bottom=0.0
QY-0294|||Invalid depth logic: top=0.0 >= bottom=0.0
QY-0295|||Invalid depth logic: top=0.0 >= bottom=0.0
QY-0296|||Invalid depth logic: top=0.0 >= bottom=0.0
QY-0297|||Invalid depth logic: top=0.0 >= bottom=0.0
QY-0298|||Invalid depth logic: top=0.0 >= bottom=0.0
QY-0299|||Invalid depth logic: top=0.0 >= bottom=0.0
QY-0300|||Invalid depth logic: top=0.0 >= bottom=0.0
QY-0301|||Invalid depth logic: top=0.0 >= bottom=0.0
QY-0302|||Invalid depth logic: top=0.0 >= bottom=0.0
QY-0303|||Invalid depth logic: top=0.0 >= bottom=0.0
QY-0304|||Invalid depth logic: top=0.0 >= bottom=0.0
QY-0305|||Invalid depth logic: top=0.0 >= bottom=0.0
QY-0306|||Invalid depth logic: top=0.0 >= bottom=0.0
QY-0307|||Invalid depth logic: top=0.0 >= bottom=0.0
QY-0308|||Invalid depth logic: top=0.0 >= bottom=0.0
QY-0309|||Invalid depth logic: top=0.0 >= bottom=0.0
QY-0310|||Invalid depth logic: top=0.0 >= bottom=0.0
QY-0311|||Invalid depth logic: top=0.0 >= bottom=0.0
QY-0312|||Invalid depth logic: top=0.0 >= bottom=0.0
QY-0313|||Invalid depth logic: top=0.0 >= bottom=0.0
QY-0314|||Invalid depth logic: top=0.0 >= bottom=0.0
QY-0315|||Invalid depth logic: top=0.0 >= bottom=0.0
QY-0316|||Invalid depth logic: top=0.0 >= bottom=0.0
QY-0317|||Invalid depth logic: top=0.0 >= bottom=0.0
QY-0318|||Invalid depth logic: top=0.0 >= bottom=0.0
QY-0319|||Invalid depth logic: top=0.0 >= bottom=0.0
QY-0320|||Invalid depth logic: top=0.0 >= bottom=0.0
QY-0321|||Invalid depth logic: top=0.0 >= bottom=0.0
QY-0322|||Invalid depth logic: top=0.0 >= bottom=0.0
QY-0323|||Invalid depth logic: top=0.0 >= bottom=0.0
QY-0324|||Invalid depth logic: top=0.0 >= bottom=0.0
QY-0325|||Invalid depth logic: top=0.0 >= bottom=0.0
QY-0326|||Invalid depth logic: top=0.0 >= bottom=0.0
QY-0327|||Invalid depth logic: top=0.0 >= bottom=0.0
QY-0328|||Invalid depth logic: top=0.0 >= bottom=0.0
QY-0329|||Invalid depth logic: top=0.0 >= bottom=0.0
QY-0330|||Invalid depth logic: top=0.0 >= bottom=0.0
QY-0331|||Invalid depth logic: top=0.0 >= bottom=0.0
QY-0332|||Invalid depth logic: top=0.0 >= bottom=0.0
QY-0333|||Invalid depth logic: top=0.0 >= bottom=0.0
QY-0334|||Invalid depth logic: top=0.0 >= bottom=0.0
QY-0335|||Invalid depth logic: top=0.0 >= bottom=0.0
QY-0336|||Invalid depth logic: top=0.0 >= bottom=0.0
QY-0337|||Invalid depth logic: top=0.0 >= bottom=0.0
QY-0338|||Invalid depth logic: top=0.0 >= bottom=0.0
QY-0339|||Invalid depth logic: top=0.0 >= bottom=0.0
QY-0340|||Invalid depth logic: top=0.0 >= bottom=0.0
QY-0341|||Invalid depth logic: top=0.0 >= bottom=0.0
QY-0342|||Invalid depth logic: top=0.0 >= bottom=0.0
QY-0343|||Invalid depth logic: top=0.0 >= bottom=0.0
QY-0344|||Invalid depth logic: top=0.0 >= bottom=0.0
QY-0345|||Invalid depth logic: top=0.0 >= bottom=0.0
QY-0346|||Invalid depth logic: top=0.0 >= bottom=0.0
QY-0347|||Invalid depth logic: top=0.0 >= bottom=0.0
QY-0348|||Invalid depth logic: top=0.0 >= bottom=0.0
QY-0349|||Invalid depth logic: top=0.0 >= bottom=0.0
QY-0350|||Invalid depth logic: top=0.0 >= bottom=0.0
QY-0351|||Invalid depth logic: top=0.0 >= bottom=0.0
QY-0352|||Invalid depth logic: top=0.0 >= bottom=0.0
QY-0353|||Invalid depth logic: top=0.0 >= bottom=0.0
QY-0354|||Invalid depth logic: top=0.0 >= bottom=0.0
QY-0355|||Invalid depth logic: top=0.0 >= bottom=0.0
QY-0356|||Invalid depth logic: top=0.0 >= bottom=0.0
QY-0357|||Invalid depth logic: top=0.0 >= bottom=0.0
QY-0358|||Invalid depth logic: top=0.0 >= bottom=0.0
QY-0359|||Invalid depth logic: top=0.0 >= bottom=0.0
QY-0360|||Invalid depth logic: top=0.0 >= bottom=0.0
QY-0361|||Invalid depth logic: top=0.0 >= bottom=0.0
QY-0362|||Invalid depth logic: top=0.0 >= bottom=0.0
QY-0363|||Invalid depth logic: top=0.0 >= bottom=0.0
QY-0364|||Invalid depth logic: top=0.0 >= bottom=0.0
QY-0365|||Invalid depth logic: top=0.0 >= bottom=0.0
QY-0366|||Invalid depth logic: top=0.0 >= bottom=0.0
QY-0368|||Invalid depth logic: top=0.0 >= bottom=0.0
QY-0369|||Invalid depth logic: top=0.0 >= bottom=0.0
QY-0370|||Invalid depth logic: top=0.0 >= bottom=0.0
QY-0371|||Invalid depth logic: top=0.0 >= bottom=0.0
QY-0372|||Invalid depth logic: top=0.0 >= bottom=0.0
QY-0373|||Invalid depth logic: top=0.0 >= bottom=0.0
QY-0374|||Invalid depth logic: top=0.0 >= bottom=0.0
QY-0375|||Invalid depth logic: top=0.0 >= bottom=0.0
QY-0376|||Invalid depth logic: top=0.0 >= bottom=0.0
QY-0377|||Invalid depth logic: top=0.0 >= bottom=0.0
QY-0378|||Invalid depth logic: top=0.0 >= bottom=0.0
QY-0379|||Invalid depth logic: top=0.0 >= bottom=0.0
QY-0380|||Invalid depth logic: top=0.0 >= bottom=0.0
QY-0381|||Invalid depth logic: top=0.0 >= bottom=0.0
QY-0382|||Invalid depth logic: top=0.0 >= bottom=0.0
QY-0383|||Invalid depth logic: top=0.0 >= bottom=0.0
QY-0384|||Invalid depth logic: top=0.0 >= bottom=0.0
QY-0385|||Invalid depth logic: top=0.0 >= bottom=0.0
QY-0386|||Invalid depth logic: top=0.0 >= bottom=0.0
QY-0387|||Invalid depth logic: top=0.0 >= bottom=0.0
QY-0388|||Invalid depth logic: top=0.0 >= bottom=0.0
QY-0389|||Invalid depth logic: top=0.0 >= bottom=0.0
QY-0390|||Invalid depth logic: top=0.0 >= bottom=0.0
QY-0391|||Invalid depth logic: top=0.0 >= bottom=0.0
QY-0392|||Invalid depth logic: top=0.0 >= bottom=0.0
QY-0393|||Invalid depth logic: top=0.0 >= bottom=0.0
QY-0394|||Invalid depth logic: top=0.0 >= bottom=0.0
QY-0395|||Invalid depth logic: top=0.0 >= bottom=0.0
QY-0395|||Invalid depth logic: top=0.0 >= bottom=0.0
QY-0396|||Invalid depth logic: top=0.0 >= bottom=0.0
QY-0396|||Invalid depth logic: top=0.0 >= bottom=0.0
QY-0397|||Invalid depth logic: top=0.0 >= bottom=0.0
QY-0398|||Invalid depth logic: top=0.0 >= bottom=0.0
QY-0399|||Invalid depth logic: top=0.0 >= bottom=0.0
QY-0400|||Invalid depth logic: top=0.0 >= bottom=0.0
QY-0401|||Invalid depth logic: top=0.0 >= bottom=0.0
QY-0402|||Invalid depth logic: top=0.0 >= bottom=0.0
QY-0402|||Invalid depth logic: top=0.0 >= bottom=0.0
QY-0403|||Invalid depth logic: top=0.0 >= bottom=0.0
QY-0403|||Invalid depth logic: top=0.0 >= bottom=0.0
QY-0404|||Invalid depth logic: top=0.0 >= bottom=0.0
QY-0404|||Invalid depth logic: top=0.0 >= bottom=0.0
QY-0405|||Invalid depth logic: top=0.0 >= bottom=0.0
QY-0405|||Invalid depth logic: top=0.0 >= bottom=0.0
QY-0406|||Invalid depth logic: top=0.0 >= bottom=0.0
QY-0406|||Invalid depth logic: top=0.0 >= bottom=0.0
QY-0407|||Invalid depth logic: top=0.0 >= bottom=0.0
QY-0407|||Invalid depth logic: top=0.0 >= bottom=0.0
QY-0408|||Invalid depth logic: top=0.0 >= bottom=0.0
QY-0408|||Invalid depth logic: top=0.0 >= bottom=0.0
QY-0409|||Invalid depth logic: top=0.0 >= bottom=0.0
QY-0410|||Invalid depth logic: top=0.0 >= bottom=0.0
QY-0410|||Invalid depth logic: top=0.0 >= bottom=0.0
QY-0411|||Invalid depth logic: top=0.0 >= bottom=0.0
QY-0411|||Invalid depth logic: top=0.0 >= bottom=0.0
QY-0412|||Invalid depth logic: top=0.0 >= bottom=0.0
QY-0413|||Invalid depth logic: top=0.0 >= bottom=0.0
QY-0414|||Invalid depth logic: top=0.0 >= bottom=0.0
QY-0415|||Invalid depth logic: top=0.0 >= bottom=0.0
QY-0415|||Invalid depth logic: top=0.0 >= bottom=0.0
QY-0416|||Invalid depth logic: top=0.0 >= bottom=0.0
QY-0417|||Invalid depth logic: top=0.0 >= bottom=0.0
QY-0418|||Invalid depth logic: top=0.0 >= bottom=0.0
QY-0419|||Invalid depth logic: top=0.0 >= bottom=0.0
QY-0420|||Invalid depth logic: top=0.0 >= bottom=0.0
QY-0421|||Invalid depth logic: top=0.0 >= bottom=0.0
QY-0422|||Invalid depth logic: top=0.0 >= bottom=0.0
QY-0423|||Invalid depth logic: top=0.0 >= bottom=0.0
QY-0424|||Invalid depth logic: top=0.0 >= bottom=0.0
QY-0425|||Invalid depth logic: top=0.0 >= bottom=0.0
QY-0426|||Invalid depth logic: top=0.0 >= bottom=0.0
QY-0426|||Invalid depth logic: top=0.0 >= bottom=0.0
QY-0427|||Invalid depth logic: top=0.0 >= bottom=0.0
QY-0428|||Invalid depth logic: top=0.0 >= bottom=0.0
QY-0429|||Invalid depth logic: top=0.0 >= bottom=0.0
QY-0430|||Invalid depth logic: top=0.0 >= bottom=0.0
QY-0431|||Invalid depth logic: top=0.0 >= bottom=0.0
QY-0431|||Invalid depth logic: top=0.0 >= bottom=0.0
QY-0432|||Invalid depth logic: top=0.0 >= bottom=0.0
QY-0433|||Invalid depth logic: top=0.0 >= bottom=0.0
QY-0434|||Invalid depth logic: top=0.0 >= bottom=0.0
QY-0435|||Invalid depth logic: top=0.0 >= bottom=0.0
QY-0436|||Invalid depth logic: top=0.0 >= bottom=0.0
QY-0436|||Invalid depth logic: top=0.0 >= bottom=0.0
QY-0437|||Invalid depth logic: top=0.0 >= bottom=0.0
QY-0438|||Invalid depth logic: top=0.0 >= bottom=0.0
QY-0439|||Invalid depth logic: top=0.0 >= bottom=0.0
QY-0440|||Invalid depth logic: top=0.0 >= bottom=0.0
QY-0441|||Invalid depth logic: top=0.0 >= bottom=0.0
QY-0442|||Invalid depth logic: top=0.0 >= bottom=0.0
QY-0443|||Invalid depth logic: top=0.0 >= bottom=0.0
QY-0444|||Invalid depth logic: top=0.0 >= bottom=0.0
QY-0445|||Invalid depth logic: top=0.0 >= bottom=0.0
QY-0446|||Invalid depth logic: top=0.0 >= bottom=0.0
QY-0447|||Invalid depth logic: top=0.0 >= bottom=0.0
QY-0448|||Invalid depth logic: top=0.0 >= bottom=0.0
QY-0449|||Invalid depth logic: top=0.0 >= bottom=0.0
QY-0450|||Invalid depth logic: top=0.0 >= bottom=0.0
QY-0450|||Invalid depth logic: top=0.0 >= bottom=0.0
QY-0451|||Invalid depth logic: top=0.0 >= bottom=0.0
QY-0452|||Invalid depth logic: top=0.0 >= bottom=0.0
QY-0453|||Invalid depth logic: top=0.0 >= bottom=0.0
QY-0454|||Invalid depth logic: top=0.0 >= bottom=0.0
QY-0455|||Invalid depth logic: top=0.0 >= bottom=0.0
QY-0456|||Invalid depth logic: top=0.0 >= bottom=0.0
QY-0457|||Invalid depth logic: top=0.0 >= bottom=0.0
QY-0457|||Invalid depth logic: top=0.0 >= bottom=0.0
QY-0458|||Invalid depth logic: top=0.0 >= bottom=0.0
QY-0459|||Invalid depth logic: top=0.0 >= bottom=0.0
QY-0461|||Invalid depth logic: top=0.0 >= bottom=0.0
QY-0461|||Invalid depth logic: top=0.0 >= bottom=0.0
QY-0462|||Invalid depth logic: top=0.0 >= bottom=0.0
QY-0462|||Invalid depth logic: top=0.0 >= bottom=0.0
QY-0463|||Invalid depth logic: top=0.0 >= bottom=0.0
QY-0463|||Invalid depth logic: top=0.0 >= bottom=0.0
QY-0464|||Invalid depth logic: top=0.0 >= bottom=0.0
QY-0465|||Invalid depth logic: top=0.0 >= bottom=0.0
QY-0466|||Invalid depth logic: top=0.0 >= bottom=0.0
QY-0467|||Invalid depth logic: top=0.0 >= bottom=0.0
QY-0468|||Invalid depth logic: top=0.0 >= bottom=0.0
QY-0468|||Invalid depth logic: top=0.0 >= bottom=0.0
QY-0469|||Invalid depth logic: top=0.0 >= bottom=0.0
QY-0469|||Invalid depth logic: top=0.0 >= bottom=0.0
QY-0472|||Invalid depth logic: top=0.0 >= bottom=0.0
QY-0473|||Invalid depth logic: top=0.0 >= bottom=0.0
QY-0474|||Invalid depth logic: top=0.0 >= bottom=0.0
QY-0475|||Invalid depth logic: top=0.0 >= bottom=0.0
QY-0476|||Invalid depth logic: top=0.0 >= bottom=0.0
QY-0477|||Invalid depth logic: top=0.0 >= bottom=0.0
QY-0478|||Invalid depth logic: top=0.0 >= bottom=0.0
QY-0479|||Invalid depth logic: top=0.0 >= bottom=0.0
QY-0480|||Invalid depth logic: top=0.0 >= bottom=0.0
QY-0481|||Invalid depth logic: top=0.0 >= bottom=0.0
QY-0483|||Invalid depth logic: top=0.0 >= bottom=0.0
QY-0483|||Invalid depth logic: top=0.0 >= bottom=0.0
QY-0484|||Invalid depth logic: top=0.0 >= bottom=0.0
QY-0485|||Invalid depth logic: top=0.0 >= bottom=0.0
QY-0486|||Invalid depth logic: top=0.0 >= bottom=0.0
QY-0487|||Invalid depth logic: top=0.0 >= bottom=0.0
QY-0487|||Invalid depth logic: top=0.0 >= bottom=0.0
QY-0488|||Invalid depth logic: top=0.0 >= bottom=0.0
QY-0489|||Invalid depth logic: top=0.0 >= bottom=0.0
QY-0489|||Invalid depth logic: top=0.0 >= bottom=0.0
QY-0490|||Invalid depth logic: top=0.0 >= bottom=0.0
QY-0490|||Invalid depth logic: top=0.0 >= bottom=0.0
QY-0491|||Invalid depth logic: top=0.0 >= bottom=0.0
QY-0492|||Invalid depth logic: top=0.0 >= bottom=0.0
QY-0493|||Invalid depth logic: top=0.0 >= bottom=0.0
QY-0494|||Invalid depth logic: top=0.0 >= bottom=0.0
QY-0495|||Invalid depth logic: top=0.0 >= bottom=0.0
QY-0496|||Invalid depth logic: top=0.0 >= bottom=0.0
QY-0497|||Invalid depth logic: top=0.0 >= bottom=0.0
QY-0498|||Invalid depth logic: top=0.0 >= bottom=0.0
QY-0499|||Invalid depth logic: top=0.0 >= bottom=0.0
QY-0500|||Invalid depth logic: top=0.0 >= bottom=0.0
QY-0501|||Invalid depth logic: top=0.0 >= bottom=0.0
QY-0502|||Invalid depth logic: top=0.0 >= bottom=0.0
QY-0503|||Invalid depth logic: top=0.0 >= bottom=0.0
QY-0504|||Invalid depth logic: top=0.0 >= bottom=0.0
QY-0505|||Invalid depth logic: top=0.0 >= bottom=0.0
QY-0506|||Invalid depth logic: top=0.0 >= bottom=0.0
QY-0507|||Invalid depth logic: top=0.0 >= bottom=0.0
QY-0508|||Invalid depth logic: top=0.0 >= bottom=0.0
QY-0509|||Invalid depth logic: top=0.0 >= bottom=0.0
QY-0510|||Invalid depth logic: top=0.0 >= bottom=0.0
QY-0511|||Invalid depth logic: top=0.0 >= bottom=0.0
QY-0512|||Invalid depth logic: top=0.0 >= bottom=0.0
QY-0513|||Invalid depth logic: top=0.0 >= bottom=0.0
QY-0514|||Invalid depth logic: top=0.0 >= bottom=0.0
QY-0515|||Invalid depth logic: top=0.0 >= bottom=0.0
QY-0516|||Invalid depth logic: top=0.0 >= bottom=0.0
QY-0517|||Invalid depth logic: top=0.0 >= bottom=0.0
QY-0518|||Invalid depth logic: top=0.0 >= bottom=0.0
QY-0519|||Invalid depth logic: top=0.0 >= bottom=0.0
QY-0520|||Invalid depth logic: top=0.0 >= bottom=0.0
QY-0521|||Invalid depth logic: top=0.0 >= bottom=0.0
QY-0522|||Invalid depth logic: top=0.0 >= bottom=0.0
QY-0522|||Invalid depth logic: top=0.0 >= bottom=0.0
QY-0523|||Invalid depth logic: top=0.0 >= bottom=0.0
QY-0523|||Invalid depth logic: top=0.0 >= bottom=0.0
QY-0524|||Invalid depth logic: top=0.0 >= bottom=0.0
QY-0524|||Invalid depth logic: top=0.0 >= bottom=0.0
QY-0525|||Invalid depth logic: top=0.0 >= bottom=0.0
QY-0525|||Invalid depth logic: top=0.0 >= bottom=0.0
QY-0526|||Invalid depth logic: top=0.0 >= bottom=0.0
QY-0527|||Invalid depth logic: top=0.0 >= bottom=0.0
QY-0528|||Invalid depth logic: top=0.0 >= bottom=0.0
QY-0529|||Invalid depth logic: top=0.0 >= bottom=0.0
QY-0530|||Invalid depth logic: top=0.0 >= bottom=0.0
QY-0531|||Invalid depth logic: top=0.0 >= bottom=0.0
QY-0532|||Invalid depth logic: top=0.0 >= bottom=0.0
QY-0533|||Invalid depth logic: top=0.0 >= bottom=0.0
QY-0534|||Invalid depth logic: top=0.0 >= bottom=0.0
QY-0535|||Invalid depth logic: top=0.0 >= bottom=0.0
QY-0536|||Invalid depth logic: top=0.0 >= bottom=0.0
QY-0537|||Invalid depth logic: top=0.0 >= bottom=0.0
QY-0538|||Invalid depth logic: top=0.0 >= bottom=0.0
QY-0540|||Invalid depth logic: top=0.0 >= bottom=0.0
QY-0541|||Invalid depth logic: top=0.0 >= bottom=0.0
QY-0542|||Invalid depth logic: top=0.0 >= bottom=0.0
QY-0543|||Invalid depth logic: top=0.0 >= bottom=0.0
QY-0543|||Invalid depth logic: top=0.0 >= bottom=0.0
QY-0544|||Invalid depth logic: top=0.0 >= bottom=0.0
QY-0545|||Invalid depth logic: top=0.0 >= bottom=0.0
QY-0546|||Invalid depth logic: top=0.0 >= bottom=0.0
QY-0547|||Invalid depth logic: top=0.0 >= bottom=0.0
QY-0547|||Invalid depth logic: top=0.0 >= bottom=0.0
QY-0548|||Invalid depth logic: top=0.0 >= bottom=0.0
QY-0548|||Invalid depth logic: top=0.0 >= bottom=0.0
QY-0549|||Invalid depth logic: top=0.0 >= bottom=0.0
QY-0549|||Invalid depth logic: top=0.0 >= bottom=0.0
QY-0550|||Invalid depth logic: top=0.0 >= bottom=0.0
QY-0551|||Invalid depth logic: top=0.0 >= bottom=0.0
QY-0552|||Invalid depth logic: top=0.0 >= bottom=0.0
QY-0552|||Invalid depth logic: top=0.0 >= bottom=0.0
QY-0553|||Invalid depth logic: top=0.0 >= bottom=0.0
QY-0553|||Invalid depth logic: top=0.0 >= bottom=0.0
QY-0554|||Invalid depth logic: top=0.0 >= bottom=0.0
QY-0555|||Invalid depth logic: top=0.0 >= bottom=0.0
QY-0556|||Invalid depth logic: top=0.0 >= bottom=0.0
QY-0556|||Invalid depth logic: top=0.0 >= bottom=0.0
QY-0557|||Invalid depth logic: top=0.0 >= bottom=0.0
QY-0557|||Invalid depth logic: top=0.0 >= bottom=0.0
QY-0558|||Invalid depth logic: top=0.0 >= bottom=0.0
QY-0559|||Invalid depth logic: top=0.0 >= bottom=0.0
QY-0560|||Invalid depth logic: top=0.0 >= bottom=0.0
QY-0561|||Invalid depth logic: top=0.0 >= bottom=0.0
QY-0562|||Invalid depth logic: top=0.0 >= bottom=0.0
QY-0563|||Invalid depth logic: top=0.0 >= bottom=0.0
QY-0564|||Invalid depth logic: top=0.0 >= bottom=0.0
QY-0565|||Invalid depth logic: top=0.0 >= bottom=0.0
QY-0566|||Invalid depth logic: top=0.0 >= bottom=0.0
QY-0567|||Invalid depth logic: top=0.0 >= bottom=0.0
QY-0568|||Invalid depth logic: top=0.0 >= bottom=0.0
QY-0569|||Invalid depth logic: top=0.0 >= bottom=0.0
QY-0570|||Invalid depth logic: top=0.0 >= bottom=0.0
QY-0571|||Invalid depth logic: top=0.0 >= bottom=0.0
QY-0572|||Invalid depth logic: top=0.0 >= bottom=0.0
QY-0573|||Invalid depth logic: top=0.0 >= bottom=0.0
QY-0574|||Invalid depth logic: top=0.0 >= bottom=0.0
QY-0575|||Invalid depth logic: top=0.0 >= bottom=0.0
QY-0576|||Invalid depth logic: top=0.0 >= bottom=0.0
QY-0577|||Invalid depth logic: top=0.0 >= bottom=0.0
QY-0578|||Invalid depth logic: top=0.0 >= bottom=0.0
QY-0579|||Invalid depth logic: top=0.0 >= bottom=0.0
QY-0580|||Invalid depth logic: top=0.0 >= bottom=0.0
QY-0581|||Invalid depth logic: top=0.0 >= bottom=0.0
QY-0582|||Invalid depth logic: top=0.0 >= bottom=0.0
QY-0583|||Invalid depth logic: top=0.0 >= bottom=0.0
QY-0584|||Invalid depth logic: top=0.0 >= bottom=0.0
QY-0585|||Invalid depth logic: top=0.0 >= bottom=0.0
QY-0586|||Invalid depth logic: top=0.0 >= bottom=0.0
QY-0587|||Invalid depth logic: top=0.0 >= bottom=0.0
QY-0588|||Invalid depth logic: top=0.0 >= bottom=0.0
QY-0589|||Invalid depth logic: top=0.0 >= bottom=0.0
QY-0590|||Invalid depth logic: top=0.0 >= bottom=0.0
QY-0591|||Invalid depth logic: top=0.0 >= bottom=0.0
QY-0592|||Invalid depth logic: top=0.0 >= bottom=0.0
QY-0593|||Invalid depth logic: top=0.0 >= bottom=0.0
QY-0594|||Invalid depth logic: top=0.0 >= bottom=0.0
QY-0595|||Invalid depth logic: top=0.0 >= bottom=0.0
QY-0596|||Invalid depth logic: top=0.0 >= bottom=0.0
QY-0597|||Invalid depth logic: top=0.0 >= bottom=0.0
QY-0598|||Invalid depth logic: top=0.0 >= bottom=0.0
QY-0599|||Invalid depth logic: top=0.0 >= bottom=0.0
QY-0600|||Invalid depth logic: top=0.0 >= bottom=0.0
QY-0601|||Invalid depth logic: top=0.0 >= bottom=0.0
QY-0602|||Invalid depth logic: top=0.0 >= bottom=0.0
QY-0603|||Invalid depth logic: top=0.0 >= bottom=0.0
QY-0604|||Invalid depth logic: top=0.0 >= bottom=0.0
QY-0605|||Invalid depth logic: top=0.0 >= bottom=0.0
QY-0606|||Invalid depth logic: top=0.0 >= bottom=0.0
QY-0607|||Invalid depth logic: top=0.0 >= bottom=0.0
QY-0608|||Invalid depth logic: top=0.0 >= bottom=0.0
QY-0609|||Invalid depth logic: top=0.0 >= bottom=0.0
QY-0609|||Invalid depth logic: top=0.0 >= bottom=0.0
QY-0610|||Invalid depth logic: top=0.0 >= bottom=0.0
QY-0611|||Invalid depth logic: top=0.0 >= bottom=0.0
QY-0612|||Invalid depth logic: top=0.0 >= bottom=0.0
QY-0613|||Invalid depth logic: top=0.0 >= bottom=0.0
QY-0614|||Invalid depth logic: top=0.0 >= bottom=0.0
QY-0615|||Invalid depth logic: top=0.0 >= bottom=0.0
QY-0616|||Invalid depth logic: top=0.0 >= bottom=0.0
QY-0617|||Invalid depth logic: top=0.0 >= bottom=0.0
QY-0618|||Invalid depth logic: top=0.0 >= bottom=0.0
QY-0619|||Invalid depth logic: top=0.0 >= bottom=0.0
QY-0620|||Invalid depth logic: top=0.0 >= bottom=0.0
QY-0621|||Invalid depth logic: top=0.0 >= bottom=0.0
QY-0622|||Invalid depth logic: top=0.0 >= bottom=0.0
QY-0623|||Invalid depth logic: top=0.0 >= bottom=0.0
QY-0624|||Invalid depth logic: top=0.0 >= bottom=0.0
QY-0625|||Invalid depth logic: top=0.0 >= bottom=0.0
QY-0626|||Invalid depth logic: top=0.0 >= bottom=0.0
QY-0627|||Invalid depth logic: top=0.0 >= bottom=0.0
QY-0628|||Invalid depth logic: top=0.0 >= bottom=0.0
QY-0629|||Invalid depth logic: top=0.0 >= bottom=0.0
QY-0630|||Invalid depth logic: top=0.0 >= bottom=0.0
QY-0631|||Invalid depth logic: top=0.0 >= bottom=0.0
QY-0632|||Invalid depth logic: top=0.0 >= bottom=0.0
QY-0633|||Invalid depth logic: top=0.0 >= bottom=0.0
QY-0634|||Invalid depth logic: top=0.0 >= bottom=0.0
QY-0635|||Invalid depth logic: top=0.0 >= bottom=0.0
QY-0636|||Invalid depth logic: top=0.0 >= bottom=0.0
QY-0637|||Invalid depth logic: top=0.0 >= bottom=0.0
QY-0638|||Invalid depth logic: top=0.0 >= bottom=0.0
QY-0639|||Invalid depth logic: top=0.0 >= bottom=0.0
QY-0640|||Invalid depth logic: top=0.0 >= bottom=0.0
QY-0641|||Invalid depth logic: top=0.0 >= bottom=0.0
QY-0642|||Invalid depth logic: top=0.0 >= bottom=0.0
QY-0643|||Invalid depth logic: top=0.0 >= bottom=0.0
QY-0644|||Invalid depth logic: top=0.0 >= bottom=0.0
QY-0645|||Invalid depth logic: top=0.0 >= bottom=0.0
QY-0646|||Invalid depth logic: top=0.0 >= bottom=0.0
QY-0647|||Invalid depth logic: top=0.0 >= bottom=0.0
QY-0648|||Invalid depth logic: top=0.0 >= bottom=0.0
QY-0649|||Invalid depth logic: top=0.0 >= bottom=0.0
QY-0650|||Invalid depth logic: top=0.0 >= bottom=0.0
QY-0651|||Invalid depth logic: top=0.0 >= bottom=0.0
QY-0652|||Invalid depth logic: top=0.0 >= bottom=0.0
QY-0653|||Invalid depth logic: top=0.0 >= bottom=0.0
QY-0654|||Invalid depth logic: top=0.0 >= bottom=0.0
QY-0655|||Invalid depth logic: top=0.0 >= bottom=0.0
QY-0656|||Invalid depth logic: top=0.0 >= bottom=0.0
QY-0657|||Invalid depth logic: top=0.0 >= bottom=0.0
QY-0658|||Invalid depth logic: top=0.0 >= bottom=0.0
QY-0659|||Invalid depth logic: top=0.0 >= bottom=0.0
QY-0660|||Invalid depth logic: top=0.0 >= bottom=0.0
QY-0661|||Invalid depth logic: top=0.0 >= bottom=0.0
QY-0662|||Invalid depth logic: top=0.0 >= bottom=0.0
QY-0663|||Invalid depth logic: top=0.0 >= bottom=0.0
QY-0664|||Invalid depth logic: top=0.0 >= bottom=0.0
QY-0665|||Invalid depth logic: top=0.0 >= bottom=0.0
QY-0666|||Invalid depth logic: top=0.0 >= bottom=0.0
QY-0667|||Invalid depth logic: top=0.0 >= bottom=0.0
QY-0668|||Invalid depth logic: top=0.0 >= bottom=0.0
QY-0669|||Invalid depth logic: top=0.0 >= bottom=0.0
QY-0670|||Invalid depth logic: top=0.0 >= bottom=0.0
QY-0670|||Invalid depth logic: top=0.0 >= bottom=0.0
QY-0671|||Invalid depth logic: top=0.0 >= bottom=0.0
QY-0672|||Invalid depth logic: top=0.0 >= bottom=0.0
QY-0673|||Invalid depth logic: top=0.0 >= bottom=0.0
QY-0674|||Invalid depth logic: top=0.0 >= bottom=0.0
QY-0675|||Invalid depth logic: top=0.0 >= bottom=0.0
QY-0676|||Invalid depth logic: top=0.0 >= bottom=0.0
QY-0677|||Invalid depth logic: top=0.0 >= bottom=0.0
QY-0678|||Invalid depth logic: top=0.0 >= bottom=0.0
QY-0679|||Invalid depth logic: top=0.0 >= bottom=0.0
QY-0680|||Invalid depth logic: top=0.0 >= bottom=0.0
QY-0681|||Invalid depth logic: top=0.0 >= bottom=0.0
QY-0682|||Invalid depth logic: top=0.0 >= bottom=0.0
QY-0683|||Invalid depth logic: top=0.0 >= bottom=0.0
QY-0684|||Invalid depth logic: top=0.0 >= bottom=0.0
QY-0685|||Invalid depth logic: top=0.0 >= bottom=0.0
QY-0686|||Invalid depth logic: top=0.0 >= bottom=0.0
QY-0687|||Invalid depth logic: top=0.0 >= bottom=0.0
QY-0688|||Invalid depth logic: top=0.0 >= bottom=0.0
QY-0689|||Invalid depth logic: top=0.0 >= bottom=0.0
QY-0690|||Invalid depth logic: top=0.0 >= bottom=0.0
QY-0691|||Invalid depth logic: top=0.0 >= bottom=0.0
QY-0692|||Invalid depth logic: top=0.0 >= bottom=0.0
QY-0693|||Invalid depth logic: top=0.0 >= bottom=0.0
QY-0694|||Invalid depth logic: top=0.0 >= bottom=0.0
QY-0695|||Invalid depth logic: top=0.0 >= bottom=0.0
QY-0696|||Invalid depth logic: top=0.0 >= bottom=0.0
QY-0697|||Invalid depth logic: top=0.0 >= bottom=0.0
QY-0698|||Invalid depth logic: top=0.0 >= bottom=0.0
QY-0699|||Invalid depth logic: top=0.0 >= bottom=0.0
QY-0700|||Invalid depth logic: top=0.0 >= bottom=0.0
QY-0701|||Invalid depth logic: top=0.0 >= bottom=0.0
QY-0702|||Invalid depth logic: top=0.0 >= bottom=0.0
QY-0703|||Invalid depth logic: top=0.0 >= bottom=0.0
QY-0704|||Invalid depth logic: top=0.0 >= bottom=0.0
QY-0705|||Invalid depth logic: top=0.0 >= bottom=0.0
QY-0706|||Invalid depth logic: top=0.0 >= bottom=0.0
QY-0707|||Invalid depth logic: top=0.0 >= bottom=0.0
QY-0708|||Invalid depth logic: top=0.0 >= bottom=0.0
QY-0709|||Invalid depth logic: top=0.0 >= bottom=0.0
QY-0710|||Invalid depth logic: top=0.0 >= bottom=0.0
QY-0711|||Invalid depth logic: top=0.0 >= bottom=0.0
QY-0712|||Invalid depth logic: top=0.0 >= bottom=0.0
QY-0713|||Invalid depth logic: top=0.0 >= bottom=0.0
QY-0714|||Invalid depth logic: top=0.0 >= bottom=0.0
QY-0715|||Invalid depth logic: top=0.0 >= bottom=0.0
QY-0716|||Invalid depth logic: top=0.0 >= bottom=0.0
QY-0717|||Invalid depth logic: top=0.0 >= bottom=0.0
QY-0718|||Invalid depth logic: top=0.0 >= bottom=0.0
QY-0719|||Invalid depth logic: top=0.0 >= bottom=0.0
QY-0720|||Invalid depth logic: top=0.0 >= bottom=0.0
QY-0721|||Invalid depth logic: top=0.0 >= bottom=0.0
QY-0722|||Invalid depth logic: top=0.0 >= bottom=0.0
QY-0723|||Invalid depth logic: top=0.0 >= bottom=0.0
QY-0724|||Invalid depth logic: top=0.0 >= bottom=0.0
QY-0725|||Invalid depth logic: top=0.0 >= bottom=0.0
QY-0728|||Invalid depth logic: top=0.0 >= bottom=0.0
QY-0729|||Invalid depth logic: top=0.0 >= bottom=0.0
QY-0730|||Invalid depth logic: top=0.0 >= bottom=0.0
QY-0731|||Invalid depth logic: top=0.0 >= bottom=0.0
QY-0732|||Invalid depth logic: top=0.0 >= bottom=0.0
QY-0733|||Invalid depth logic: top=0.0 >= bottom=0.0
QY-0734|||Invalid depth logic: top=0.0 >= bottom=0.0
QY-0735|||Invalid depth logic: top=0.0 >= bottom=0.0
QY-0736|||Invalid depth logic: top=0.0 >= bottom=0.0
QY-0737|||Invalid depth logic: top=0.0 >= bottom=0.0
QY-0738|||Invalid depth logic: top=0.0 >= bottom=0.0
QY-0739|||Invalid depth logic: top=0.0 >= bottom=0.0
QY-0740|||Invalid depth logic: top=0.0 >= bottom=0.0
QY-0741|||Invalid depth logic: top=0.0 >= bottom=0.0
QY-0742|||Invalid depth logic: top=0.0 >= bottom=0.0
QY-0743|||Invalid depth logic: top=0.0 >= bottom=0.0
QY-0744|||Invalid depth logic: top=0.0 >= bottom=0.0
QY-0745|||Invalid depth logic: top=0.0 >= bottom=0.0
QY-0746|||Invalid depth logic: top=0.0 >= bottom=0.0
QY-0747|||Invalid depth logic: top=0.0 >= bottom=0.0
QY-0748|||Invalid depth logic: top=0.0 >= bottom=0.0
QY-0749|||Invalid depth logic: top=0.0 >= bottom=0.0
QY-0750|||Invalid depth logic: top=0.0 >= bottom=0.0
QY-0751|||Invalid depth logic: top=0.0 >= bottom=0.0
QY-0752|||Invalid depth logic: top=0.0 >= bottom=0.0
QY-0753|||Invalid depth logic: top=0.0 >= bottom=0.0
QY-0754|||Invalid depth logic: top=0.0 >= bottom=0.0
QY-0755|||Invalid depth logic: top=0.0 >= bottom=0.0
QY-0756|||Invalid depth logic: top=0.0 >= bottom=0.0
QY-0757|||Invalid depth logic: top=0.0 >= bottom=0.0
QY-0758|||Invalid depth logic: top=0.0 >= bottom=0.0
QY-0760|||Invalid depth logic: top=0.0 >= bottom=0.0
QY-0761|||Invalid depth logic: top=0.0 >= bottom=0.0
QY-0762|||Invalid depth logic: top=0.0 >= bottom=0.0
QY-0763|||Invalid depth logic: top=0.0 >= bottom=0.0
QY-0764|||Invalid depth logic: top=0.0 >= bottom=0.0
QY-0765|||Invalid depth logic: top=0.0 >= bottom=0.0
QY-0766|||Invalid depth logic: top=0.0 >= bottom=0.0
QY-0767|||Invalid depth logic: top=0.0 >= bottom=0.0
QY-0768|||Invalid depth logic: top=0.0 >= bottom=0.0
QY-0768|||Invalid depth logic: top=0.0 >= bottom=0.0
QY-0769|||Invalid depth logic: top=0.0 >= bottom=0.0
QY-0770|||Invalid depth logic: top=0.0 >= bottom=0.0
QY-0771|||Invalid depth logic: top=0.0 >= bottom=0.0
QY-0772|||Invalid depth logic: top=0.0 >= bottom=0.0
QY-0773|||Invalid depth logic: top=0.0 >= bottom=0.0
QY-0774|||Invalid depth logic: top=0.0 >= bottom=0.0
QY-0775|||Invalid depth logic: top=0.0 >= bottom=0.0
QY-0776|||Invalid depth logic: top=0.0 >= bottom=0.0
QY-0777|||Invalid depth logic: top=0.0 >= bottom=0.0
QY-0778|||Invalid depth logic: top=0.0 >= bottom=0.0
QY-0779|||Invalid depth logic: top=0.0 >= bottom=0.0
QY-0780|||Invalid depth logic: top=0.0 >= bottom=0.0
QY-0781|||Invalid depth logic: top=0.0 >= bottom=0.0
QY-0782|||Invalid depth logic: top=0.0 >= bottom=0.0
QY-0783|||Invalid depth logic: top=0.0 >= bottom=0.0
QY-0784|||Invalid depth logic: top=0.0 >= bottom=0.0
QY-0785|||Invalid depth logic: top=0.0 >= bottom=0.0
QY-0786|||Invalid depth logic: top=0.0 >= bottom=0.0
QY-0787|||Invalid depth logic: top=0.0 >= bottom=0.0
QY-0787|||Invalid depth logic: top=0.0 >= bottom=0.0
QY-0788|||Invalid depth logic: top=0.0 >= bottom=0.0
QY-0789|||Invalid depth logic: top=0.0 >= bottom=0.0
QY-0790|||Invalid depth logic: top=0.0 >= bottom=0.0
QY-0791|||Invalid depth logic: top=0.0 >= bottom=0.0
QY-0792|||Invalid depth logic: top=0.0 >= bottom=0.0
QY-0793|||Invalid depth logic: top=0.0 >= bottom=0.0
QY-0794|||Invalid depth logic: top=0.0 >= bottom=0.0
QY-0795|||Invalid depth logic: top=0.0 >= bottom=0.0
QY-0796|||Invalid depth logic: top=0.0 >= bottom=0.0
QY-0798|||Invalid depth logic: top=0.0 >= bottom=0.0
QY-0799|||Invalid depth logic: top=0.0 >= bottom=0.0
QY-0800|||Invalid depth logic: top=0.0 >= bottom=0.0
QY-0801|||Invalid depth logic: top=0.0 >= bottom=0.0
QY-0802|||Invalid depth logic: top=0.0 >= bottom=0.0
QY-0803|||Invalid depth logic: top=0.0 >= bottom=0.0
QY-0804|||Invalid depth logic: top=0.0 >= bottom=0.0
QY-0805|||Invalid depth logic: top=0.0 >= bottom=0.0
QY-0806|||Invalid depth logic: top=0.0 >= bottom=0.0
QY-0807|||Invalid depth logic: top=0.0 >= bottom=0.0
QY-0808|||Invalid depth logic: top=0.0 >= bottom=0.0
QY-0809|||Invalid depth logic: top=0.0 >= bottom=0.0
QY-0810|||Invalid depth logic: top=0.0 >= bottom=0.0
QY-0811|||Invalid depth logic: top=0.0 >= bottom=0.0
QY-0812|||Invalid depth logic: top=0.0 >= bottom=0.0
QY-0813|||Invalid depth logic: top=0.0 >= bottom=0.0
QY-0814|||Invalid depth logic: top=0.0 >= bottom=0.0
QY-0815|||Invalid depth logic: top=0.0 >= bottom=0.0
QY-0816|||Invalid depth logic: top=0.0 >= bottom=0.0
QY-0817|||Invalid depth logic: top=0.0 >= bottom=0.0
QY-0818|||Invalid depth logic: top=0.0 >= bottom=0.0
QY-0819|||Invalid depth logic: top=0.0 >= bottom=0.0
QY-0820|||Invalid depth logic: top=0.0 >= bottom=0.0
QY-0821|||Invalid depth logic: top=0.0 >= bottom=0.0
QY-0822|||Invalid depth logic: top=0.0 >= bottom=0.0
QY-0823|||Invalid depth logic: top=0.0 >= bottom=0.0
QY-0824|||Invalid depth logic: top=0.0 >= bottom=0.0
QY-0825|||Invalid depth logic: top=0.0 >= bottom=0.0
QY-0826|||Invalid depth logic: top=0.0 >= bottom=0.0
QY-0827|||Invalid depth logic: top=0.0 >= bottom=0.0
QY-0828|||Invalid depth logic: top=0.0 >= bottom=0.0
QY-0829|||Invalid depth logic: top=0.0 >= bottom=0.0
QY-0830|||Invalid depth logic: top=0.0 >= bottom=0.0
QY-0831|||Invalid depth logic: top=0.0 >= bottom=0.0
QY-0832|||Invalid depth logic: top=0.0 >= bottom=0.0
QY-0833|||Invalid depth logic: top=0.0 >= bottom=0.0
QY-0834|||Invalid depth logic: top=0.0 >= bottom=0.0
QY-0835|||Invalid depth logic: top=0.0 >= bottom=0.0
QY-0836|||Invalid depth logic: top=0.0 >= bottom=0.0
QY-0837|||Invalid depth logic: top=0.0 >= bottom=0.0
QY-0838|||Invalid depth logic: top=0.0 >= bottom=0.0
QY-0839|||Invalid depth logic: top=0.0 >= bottom=0.0
QY-0840|||Invalid depth logic: top=0.0 >= bottom=0.0
QY-0841|||Invalid depth logic: top=0.0 >= bottom=0.0
QY-0842|||Invalid depth logic: top=0.0 >= bottom=0.0
QY-0843|||Invalid depth logic: top=0.0 >= bottom=0.0
QY-0843|||Invalid depth logic: top=0.0 >= bottom=0.0
QY-0844|||Invalid depth logic: top=0.0 >= bottom=0.0
QY-0845|||Invalid depth logic: top=0.0 >= bottom=0.0
QY-0846|||Invalid depth logic: top=0.0 >= bottom=0.0
QY-0846|||Invalid depth logic: top=0.0 >= bottom=0.0
QY-0847|||Invalid depth logic: top=0.0 >= bottom=0.0
QY-0848|||Invalid depth logic: top=0.0 >= bottom=0.0
QY-0849|||Invalid depth logic: top=0.0 >= bottom=0.0
QY-0850|||Invalid depth logic: top=0.0 >= bottom=0.0
QY-0851|||Invalid depth logic: top=0.0 >= bottom=0.0
QY-0852|||Invalid depth logic: top=0.0 >= bottom=0.0
QY-0853|||Invalid depth logic: top=0.0 >= bottom=0.0
QY-0854|||Invalid depth logic: top=0.0 >= bottom=0.0
QY-0855|||Invalid depth logic: top=0.0 >= bottom=0.0
QY-0856|||Invalid depth logic: top=0.0 >= bottom=0.0
QY-0857|||Invalid depth logic: top=0.0 >= bottom=0.0
QY-0858|||Invalid depth logic: top=0.0 >= bottom=0.0
QY-0859|||Invalid depth logic: top=0.0 >= bottom=0.0
QY-0860|||Invalid depth logic: top=0.0 >= bottom=0.0
QY-0861|||Invalid depth logic: top=0.0 >= bottom=0.0
QY-0862|||Invalid depth logic: top=0.0 >= bottom=0.0
QY-0863|||Invalid depth logic: top=0.0 >= bottom=0.0
QY-0864|||Invalid depth logic: top=0.0 >= bottom=0.0
QY-0864|||Invalid depth logic: top=0.0 >= bottom=0.0
QY-0865|||Invalid depth logic: top=0.0 >= bottom=0.0
QY-0866|||Invalid depth logic: top=0.0 >= bottom=0.0
QY-0867|||Invalid depth logic: top=0.0 >= bottom=0.0
QY-0868|||Invalid depth logic: top=0.0 >= bottom=0.0
QY-0869|||Invalid depth logic: top=0.0 >= bottom=0.0
QY-0870|||Invalid depth logic: top=0.0 >= bottom=0.0
QY-0871|||Invalid depth logic: top=0.0 >= bottom=0.0
QY-0872|||Invalid depth logic: top=0.0 >= bottom=0.0
QY-0873|||Invalid depth logic: top=0.0 >= bottom=0.0
QY-0874|||Invalid depth logic: top=0.0 >= bottom=0.0
QY-0876|||Invalid depth logic: top=0.0 >= bottom=0.0
QY-0877|||Invalid depth logic: top=0.0 >= bottom=0.0
QY-0878|||Invalid depth logic: top=0.0 >= bottom=0.0
QY-0879|||Invalid depth logic: top=0.0 >= bottom=0.0
QY-0880|||Invalid depth logic: top=0.0 >= bottom=0.0
QY-0881|||Invalid depth logic: top=0.0 >= bottom=0.0
QY-0882|||Invalid depth logic: top=0.0 >= bottom=0.0
QY-0883|||Invalid depth logic: top=0.0 >= bottom=0.0
QY-0884|||Invalid depth logic: top=0.0 >= bottom=0.0
QY-0885|||Invalid depth logic: top=0.0 >= bottom=0.0
QY-0886|||Invalid depth logic: top=0.0 >= bottom=0.0
QY-0887|||Invalid depth logic: top=0.0 >= bottom=0.0
QY-0888|||Invalid depth logic: top=0.0 >= bottom=0.0
QY-0889|||Invalid depth logic: top=0.0 >= bottom=0.0
QY-0890|||Invalid depth logic: top=0.0 >= bottom=0.0
QY-0891|||Invalid depth logic: top=0.0 >= bottom=0.0
QY-0892|||Invalid depth logic: top=0.0 >= bottom=0.0
QY-0893|||Invalid depth logic: top=0.0 >= bottom=0.0
QY-0894|||Invalid depth logic: top=0.0 >= bottom=0.0
QY-0895|||Invalid depth logic: top=0.0 >= bottom=0.0
QY-0896|||Invalid depth logic: top=0.0 >= bottom=0.0
QY-0897|||Invalid depth logic: top=0.0 >= bottom=0.0
QY-0898|||Invalid depth logic: top=0.0 >= bottom=0.0
QY-0899|||Invalid depth logic: top=0.0 >= bottom=0.0
QY-0900|||Invalid depth logic: top=0.0 >= bottom=0.0
QY-0901|||Invalid depth logic: top=0.0 >= bottom=0.0
QY-0903|||Invalid depth logic: top=0.0 >= bottom=0.0
QY-0904|||Invalid depth logic: top=0.0 >= bottom=0.0
QY-0905|||Invalid depth logic: top=0.0 >= bottom=0.0
QY-0906|||Invalid depth logic: top=0.0 >= bottom=0.0
QY-0906|||Invalid depth logic: top=0.0 >= bottom=0.0
QY-0907|||Invalid depth logic: top=0.0 >= bottom=0.0
QY-0907|||Invalid depth logic: top=0.0 >= bottom=0.0
QY-0908|||Invalid depth logic: top=0.0 >= bottom=0.0
QY-0909|||Invalid depth logic: top=0.0 >= bottom=0.0
QY-0910|||Invalid depth logic: top=0.0 >= bottom=0.0
QY-0911|||Invalid depth logic: top=0.0 >= bottom=0.0
QY-0912|||Invalid depth logic: top=0.0 >= bottom=0.0
QY-0913|||Invalid depth logic: top=0.0 >= bottom=0.0
QY-0914|||Invalid depth logic: top=0.0 >= bottom=0.0
QY-0915|||Invalid depth logic: top=0.0 >= bottom=0.0
QY-0916|||Invalid depth logic: top=0.0 >= bottom=0.0
QY-0917|||Invalid depth logic: top=0.0 >= bottom=0.0
QY-0917|||Invalid depth logic: top=0.0 >= bottom=0.0
QY-0918|||Invalid depth logic: top=0.0 >= bottom=0.0
QY-0919|||Invalid depth logic: top=0.0 >= bottom=0.0
QY-0920|||Invalid depth logic: top=0.0 >= bottom=0.0
QY-0921|||Invalid depth logic: top=0.0 >= bottom=0.0
QY-0921|||Invalid depth logic: top=0.0 >= bottom=0.0
QY-0922|||Invalid depth logic: top=0.0 >= bottom=0.0
QY-0922|||Invalid depth logic: top=0.0 >= bottom=0.0
QY-0923|||Invalid depth logic: top=0.0 >= bottom=0.0
QY-0923|||Invalid depth logic: top=0.0 >= bottom=0.0
QY-0924|||Invalid depth logic: top=0.0 >= bottom=0.0
QY-0924|||Invalid depth logic: top=0.0 >= bottom=0.0
QY-0925|||Invalid depth logic: top=0.0 >= bottom=0.0
QY-0926|||Invalid depth logic: top=0.0 >= bottom=0.0
QY-0926|||Invalid depth logic: top=0.0 >= bottom=0.0
QY-0927|||Invalid depth logic: top=0.0 >= bottom=0.0
QY-0928|||Invalid depth logic: top=0.0 >= bottom=0.0
QY-0929|||Invalid depth logic: top=0.0 >= bottom=0.0
QY-0930|||Invalid depth logic: top=0.0 >= bottom=0.0
QY-0931|||Invalid depth logic: top=0.0 >= bottom=0.0
QY-0932|||Invalid depth logic: top=0.0 >= bottom=0.0
QY-0933|||Invalid depth logic: top=0.0 >= bottom=0.0
QY-0934|||Invalid depth logic: top=0.0 >= bottom=0.0
QY-0935|||Invalid depth logic: top=0.0 >= bottom=0.0
QY-0936|||Invalid depth logic: top=0.0 >= bottom=0.0
QY-0937|||Invalid depth logic: top=0.0 >= bottom=0.0
QY-0938|||Invalid depth logic: top=0.0 >= bottom=0.0
QY-0939|||Invalid depth logic: top=0.0 >= bottom=0.0
QY-0940|||Invalid depth logic: top=0.0 >= bottom=0.0
QY-0941|||Invalid depth logic: top=0.0 >= bottom=0.0
QY-0942|||Invalid depth logic: top=0.0 >= bottom=0.0
QY-0943|||Invalid depth logic: top=0.0 >= bottom=0.0
QY-0944|||Invalid depth logic: top=0.0 >= bottom=0.0
QY-0945|||Invalid depth logic: top=0.0 >= bottom=0.0
QY-0946|||Invalid depth logic: top=0.0 >= bottom=0.0
QY-0947|||Invalid depth logic: top=0.0 >= bottom=0.0
QY-0948|||Invalid depth logic: top=0.0 >= bottom=0.0
QY-0949|||Invalid depth logic: top=0.0 >= bottom=0.0
QY-0950|||Invalid depth logic: top=0.0 >= bottom=0.0
QY-0950|||Invalid depth logic: top=0.0 >= bottom=0.0
QY-0951|||Invalid depth logic: top=0.0 >= bottom=0.0
QY-0952|||Invalid depth logic: top=0.0 >= bottom=0.0
QY-0953|||Invalid depth logic: top=0.0 >= bottom=0.0
QY-0954|||Invalid depth logic: top=0.0 >= bottom=0.0
QY-0955|||Invalid depth logic: top=0.0 >= bottom=0.0
QY-0956|||Invalid depth logic: top=0.0 >= bottom=0.0
QY-0957|||Invalid depth logic: top=0.0 >= bottom=0.0
QY-0958|||Invalid depth logic: top=0.0 >= bottom=0.0
QY-0959|||Invalid depth logic: top=0.0 >= bottom=0.0
QY-0960|||Invalid depth logic: top=0.0 >= bottom=0.0
QY-0961|||Invalid depth logic: top=0.0 >= bottom=0.0
QY-0962|||Invalid depth logic: top=0.0 >= bottom=0.0
QY-0963|||Invalid depth logic: top=0.0 >= bottom=0.0
QY-0964|||Invalid depth logic: top=0.0 >= bottom=0.0
QY-0965|||Invalid depth logic: top=0.0 >= bottom=0.0
QY-0966|||Invalid depth logic: top=0.0 >= bottom=0.0
QY-0967|||Invalid depth logic: top=0.0 >= bottom=0.0
QY-0968|||Invalid depth logic: top=0.0 >= bottom=0.0
QY-0969|||Invalid depth logic: top=0.0 >= bottom=0.0
QY-0970|||Invalid depth logic: top=0.0 >= bottom=0.0
QY-0971|||Invalid depth logic: top=0.0 >= bottom=0.0
QY-0972|||Invalid depth logic: top=0.0 >= bottom=0.0
QY-0972|||Invalid depth logic: top=0.0 >= bottom=0.0
QY-0973|||Invalid depth logic: top=0.0 >= bottom=0.0
QY-0974|||Invalid depth logic: top=0.0 >= bottom=0.0
QY-0975|||Invalid depth logic: top=0.0 >= bottom=0.0
QY-0976|||Invalid depth logic: top=0.0 >= bottom=0.0
QY-0977|||Invalid depth logic: top=0.0 >= bottom=0.0
QY-0978|||Invalid depth logic: top=0.0 >= bottom=0.0
QY-0979|||Invalid depth logic: top=0.0 >= bottom=0.0
QY-0980|||Invalid depth logic: top=0.0 >= bottom=0.0
QY-0980|||Invalid depth logic: top=0.0 >= bottom=0.0
QY-0981|||Invalid depth logic: top=0.0 >= bottom=0.0
QY-0982|||Invalid depth logic: top=0.0 >= bottom=0.0
QY-0983|||Invalid depth logic: top=0.0 >= bottom=0.0
QY-0984|||Invalid depth logic: top=0.0 >= bottom=0.0
QY-0985|||Invalid depth logic: top=0.0 >= bottom=0.0
QY-0986|||Invalid depth logic: top=0.0 >= bottom=0.0
QY-0987|||Invalid depth logic: top=0.0 >= bottom=0.0
QY-0988|||Invalid depth logic: top=0.0 >= bottom=0.0
QY-0989|||Invalid depth logic: top=0.0 >= bottom=0.0
QY-0990|||Invalid depth logic: top=0.0 >= bottom=0.0
QY-0991|||Invalid depth logic: top=0.0 >= bottom=0.0
QY-0992|||Invalid depth logic: top=0.0 >= bottom=0.0
QY-0993|||Invalid depth logic: top=0.0 >= bottom=0.0
QY-0994|||Invalid depth logic: top=0.0 >= bottom=0.0
QY-0995|||Invalid depth logic: top=0.0 >= bottom=0.0
QY-0996|||Invalid depth logic: top=0.0 >= bottom=0.0
QY-0997|||Invalid depth logic: top=0.0 >= bottom=0.0
QY-0998|||Invalid depth logic: top=0.0 >= bottom=0.0
QY-0998|||Invalid depth logic: top=0.0 >= bottom=0.0
QY-0999|||Invalid depth logic: top=0.0 >= bottom=0.0
QY-1000|||Invalid depth logic: top=0.0 >= bottom=0.0
QY-1001|||Invalid depth logic: top=0.0 >= bottom=0.0
QY-1001|||Invalid depth logic: top=0.0 >= bottom=0.0
QY-1002|||Invalid depth logic: top=0.0 >= bottom=0.0
QY-1003|||Invalid depth logic: top=0.0 >= bottom=0.0
QY-1004|||Invalid depth logic: top=0.0 >= bottom=0.0
QY-1005|||Invalid depth logic: top=0.0 >= bottom=0.0
QY-1006|||Invalid depth logic: top=0.0 >= bottom=0.0
QY-1006|||Invalid depth logic: top=0.0 >= bottom=0.0
QY-1007|||Invalid depth logic: top=0.0 >= bottom=0.0
QY-1008|||Invalid depth logic: top=0.0 >= bottom=0.0
QY-1009|||Invalid depth logic: top=0.0 >= bottom=0.0
QY-1010|||Invalid depth logic: top=0.0 >= bottom=0.0
QY-1011|||Invalid depth logic: top=0.0 >= bottom=0.0
QY-1011|||Invalid depth logic: top=0.0 >= bottom=0.0
QY-1012|||Invalid depth logic: top=0.0 >= bottom=0.0
QY-1013|||Invalid depth logic: top=0.0 >= bottom=0.0
QY-1014|||Invalid depth logic: top=0.0 >= bottom=0.0
RA-006|||Invalid depth logic: top=0.0 >= bottom=0.0
RA-008|||Invalid depth logic: top=0.0 >= bottom=0.0
RA-018|||Missing UnitIdentifier
RA-019|||Missing UnitIdentifier
RA-036|||Missing UnitIdentifier
RA-052|||Missing UnitIdentifier
RA-088|||Missing UnitIdentifier
SA-0001|||Invalid depth logic: top=0.0 >= bottom=0.0
SA-0002|||Invalid depth logic: top=0.0 >= bottom=0.0
SA-0003|||Invalid depth logic: top=0.0 >= bottom=0.0
SA-0004|||Invalid depth logic: top=0.0 >= bottom=0.0
SA-0005|||Invalid depth logic: top=0.0 >= bottom=0.0
SA-0006|||Invalid depth logic: top=0.0 >= bottom=0.0
SA-0007|||Invalid depth logic: top=0.0 >= bottom=0.0
SA-0008|||Invalid depth logic: top=0.0 >= bottom=0.0
SA-0008|||Invalid depth logic: top=0.0 >= bottom=0.0
SA-0010|||Invalid depth logic: top=0.0 >= bottom=0.0
SA-0011|||Invalid depth logic: top=0.0 >= bottom=0.0
SA-0012|||Invalid depth logic: top=0.0 >= bottom=0.0
SA-0013|||Invalid depth logic: top=0.0 >= bottom=0.0
SA-0014|||Invalid depth logic: top=0.0 >= bottom=0.0
SA-0015|||Invalid depth logic: top=0.0 >= bottom=0.0
SA-0016|||Invalid depth logic: top=0.0 >= bottom=0.0
SA-0017|||Invalid depth logic: top=0.0 >= bottom=0.0
SA-0017|||Invalid depth logic: top=0.0 >= bottom=0.0
SA-0018|||Invalid depth logic: top=0.0 >= bottom=0.0
SA-0020|||Invalid depth logic: top=0.0 >= bottom=0.0
SA-0021|||Invalid depth logic: top=0.0 >= bottom=0.0
SA-0022|||Invalid depth logic: top=0.0 >= bottom=0.0
SA-0023|||Invalid depth logic: top=0.0 >= bottom=0.0
SA-0024|||Invalid depth logic: top=0.0 >= bottom=0.0
SA-0025|||Invalid depth logic: top=0.0 >= bottom=0.0
SA-0026|||Invalid depth logic: top=0.0 >= bottom=0.0
SA-0027|||Invalid depth logic: top=0.0 >= bottom=0.0
SA-0028|||Invalid depth logic: top=0.0 >= bottom=0.0
SA-0029|||Invalid depth logic: top=0.0 >= bottom=0.0
SA-0030|||Invalid depth logic: top=0.0 >= bottom=0.0
SA-0030|||Invalid depth logic: top=0.0 >= bottom=0.0
SA-0031|||Invalid depth logic: top=0.0 >= bottom=0.0
SA-0032|||Invalid depth logic: top=0.0 >= bottom=0.0
SA-0033|||Invalid depth logic: top=0.0 >= bottom=0.0
SA-0034|||Invalid depth logic: top=0.0 >= bottom=0.0
SA-0035|||Invalid depth logic: top=0.0 >= bottom=0.0
SA-0037|||Invalid depth logic: top=0.0 >= bottom=0.0
SA-0038|||Invalid depth logic: top=0.0 >= bottom=0.0
SA-0039|||Invalid depth logic: top=0.0 >= bottom=0.0
SA-0040|||Invalid depth logic: top=0.0 >= bottom=0.0
SA-0041|||Invalid depth logic: top=0.0 >= bottom=0.0
SA-0042|||Invalid depth logic: top=0.0 >= bottom=0.0
SA-0043|||Invalid depth logic: top=0.0 >= bottom=0.0
SA-0044|||Invalid depth logic: top=0.0 >= bottom=0.0
SA-0044|||Invalid depth logic: top=0.0 >= bottom=0.0
SA-0045|||Invalid depth logic: top=0.0 >= bottom=0.0
SA-0046|||Invalid depth logic: top=0.0 >= bottom=0.0
SA-0047|||Invalid depth logic: top=0.0 >= bottom=0.0
SA-0048|||Invalid depth logic: top=0.0 >= bottom=0.0
SA-0049|||Invalid depth logic: top=0.0 >= bottom=0.0
SA-0050|||Invalid depth logic: top=0.0 >= bottom=0.0
SA-0050|||Invalid depth logic: top=0.0 >= bottom=0.0
SA-0051|||Invalid depth logic: top=0.0 >= bottom=0.0
SA-0051|||Invalid depth logic: top=0.0 >= bottom=0.0
SA-0052|||Invalid depth logic: top=0.0 >= bottom=0.0
SA-0053|||Invalid depth logic: top=0.0 >= bottom=0.0
SA-0054|||Invalid depth logic: top=0.0 >= bottom=0.0
SA-0055|||Invalid depth logic: top=0.0 >= bottom=0.0
SA-0056|||Invalid depth logic: top=0.0 >= bottom=0.0
SA-0057|||Invalid depth logic: top=0.0 >= bottom=0.0
SA-0058|||Invalid depth logic: top=0.0 >= bottom=0.0
SA-0059|||Invalid depth logic: top=0.0 >= bottom=0.0
SA-0060|||Invalid depth logic: top=0.0 >= bottom=0.0
SA-0061|||Invalid depth logic: top=0.0 >= bottom=0.0
SA-0062|||Invalid depth logic: top=0.0 >= bottom=0.0
SA-0063|||Invalid depth logic: top=0.0 >= bottom=0.0
SA-0064|||Invalid depth logic: top=0.0 >= bottom=0.0
SA-0065|||Invalid depth logic: top=0.0 >= bottom=0.0
SA-0066|||Invalid depth logic: top=0.0 >= bottom=0.0
SA-0067|||Invalid depth logic: top=0.0 >= bottom=0.0
SA-0068|||Invalid depth logic: top=0.0 >= bottom=0.0
SA-0069|||Invalid depth logic: top=0.0 >= bottom=0.0
SA-0070|||Invalid depth logic: top=0.0 >= bottom=0.0
SA-0071|||Invalid depth logic: top=0.0 >= bottom=0.0
SA-0072|||Invalid depth logic: top=0.0 >= bottom=0.0
SA-0073|||Invalid depth logic: top=0.0 >= bottom=0.0
SA-0074|||Invalid depth logic: top=0.0 >= bottom=0.0
SA-0075|||Invalid depth logic: top=0.0 >= bottom=0.0
SA-0076|||Invalid depth logic: top=0.0 >= bottom=0.0
SA-0077|||Invalid depth logic: top=0.0 >= bottom=0.0
SA-0078|||Invalid depth logic: top=0.0 >= bottom=0.0
SA-0080|||Invalid depth logic: top=0.0 >= bottom=0.0
SA-0081|||Invalid depth logic: top=0.0 >= bottom=0.0
SA-0082|||Invalid depth logic: top=0.0 >= bottom=0.0
SA-0083|||Invalid depth logic: top=0.0 >= bottom=0.0
SA-0084|||Invalid depth logic: top=0.0 >= bottom=0.0
SA-0085|||Invalid depth logic: top=0.0 >= bottom=0.0
SA-0086|||Invalid depth logic: top=0.0 >= bottom=0.0
SA-0087|||Invalid depth logic: top=0.0 >= bottom=0.0
SA-0088|||Invalid depth logic: top=0.0 >= bottom=0.0
SA-0101|||Invalid depth logic: top=0.0 >= bottom=0.0
SA-0102|||Invalid depth logic: top=0.0 >= bottom=0.0
SA-0103|||Invalid depth logic: top=0.0 >= bottom=0.0
SA-0104|||Invalid depth logic: top=0.0 >= bottom=0.0
SA-0105|||Invalid depth logic: top=0.0 >= bottom=0.0
SA-0106|||Invalid depth logic: top=0.0 >= bottom=0.0
SA-0107|||Invalid depth logic: top=0.0 >= bottom=0.0
SA-0108|||Invalid depth logic: top=0.0 >= bottom=0.0
SA-0109|||Invalid depth logic: top=0.0 >= bottom=0.0
SA-0110|||Invalid depth logic: top=0.0 >= bottom=0.0
SA-0111|||Invalid depth logic: top=0.0 >= bottom=0.0
SA-0112|||Invalid depth logic: top=0.0 >= bottom=0.0
SA-0113|||Invalid depth logic: top=0.0 >= bottom=0.0
SA-0114|||Invalid depth logic: top=0.0 >= bottom=0.0
SA-0115|||Invalid depth logic: top=0.0 >= bottom=0.0
SA-0116|||Invalid depth logic: top=0.0 >= bottom=0.0
SA-0117|||Invalid depth logic: top=0.0 >= bottom=0.0
SA-0119|||Invalid depth logic: top=0.0 >= bottom=0.0
SA-0120|||Invalid depth logic: top=0.0 >= bottom=0.0
SA-0121|||Invalid depth logic: top=0.0 >= bottom=0.0
SA-0122|||Invalid depth logic: top=0.0 >= bottom=0.0
SA-0123|||Invalid depth logic: top=0.0 >= bottom=0.0
SA-0124|||Invalid depth logic: top=0.0 >= bottom=0.0
SA-0125|||Invalid depth logic: top=0.0 >= bottom=0.0
SA-0126|||Invalid depth logic: top=0.0 >= bottom=0.0
SA-0127|||Invalid depth logic: top=0.0 >= bottom=0.0
SA-0128|||Invalid depth logic: top=0.0 >= bottom=0.0
SA-0129|||Invalid depth logic: top=0.0 >= bottom=0.0
SA-0130|||Invalid depth logic: top=0.0 >= bottom=0.0
SA-0131|||Invalid depth logic: top=0.0 >= bottom=0.0
SA-0132|||Invalid depth logic: top=0.0 >= bottom=0.0
SA-0133|||Invalid depth logic: top=0.0 >= bottom=0.0
SA-0134|||Invalid depth logic: top=0.0 >= bottom=0.0
SA-0135|||Invalid depth logic: top=0.0 >= bottom=0.0
SA-0136|||Invalid depth logic: top=0.0 >= bottom=0.0
SA-0137|||Invalid depth logic: top=0.0 >= bottom=0.0
SA-0138|||Invalid depth logic: top=0.0 >= bottom=0.0
SA-0139|||Invalid depth logic: top=0.0 >= bottom=0.0
SA-0140|||Invalid depth logic: top=0.0 >= bottom=0.0
SA-0142|||Invalid depth logic: top=0.0 >= bottom=0.0
SA-0143|||Invalid depth logic: top=0.0 >= bottom=0.0
SA-0144|||Invalid depth logic: top=0.0 >= bottom=0.0
SA-0145|||Invalid depth logic: top=0.0 >= bottom=0.0
SA-0146|||Invalid depth logic: top=0.0 >= bottom=0.0
SA-0147|||Invalid depth logic: top=0.0 >= bottom=0.0
SA-0148|||Invalid depth logic: top=0.0 >= bottom=0.0
SA-0149|||Invalid depth logic: top=0.0 >= bottom=0.0
SA-0150|||Invalid depth logic: top=0.0 >= bottom=0.0
SA-0151|||Invalid depth logic: top=0.0 >= bottom=0.0
SA-0152|||Invalid depth logic: top=0.0 >= bottom=0.0
SA-0153|||Invalid depth logic: top=0.0 >= bottom=0.0
SA-0154|||Invalid depth logic: top=0.0 >= bottom=0.0
SA-0155|||Invalid depth logic: top=0.0 >= bottom=0.0
SA-0156|||Invalid depth logic: top=0.0 >= bottom=0.0
SA-0157|||Invalid depth logic: top=0.0 >= bottom=0.0
SA-0158|||Invalid depth logic: top=0.0 >= bottom=0.0
SA-0159|||Invalid depth logic: top=0.0 >= bottom=0.0
SA-0160|||Invalid depth logic: top=0.0 >= bottom=0.0
SA-0161|||Invalid depth logic: top=0.0 >= bottom=0.0
SA-0162|||Invalid depth logic: top=0.0 >= bottom=0.0
SA-0163|||Invalid depth logic: top=0.0 >= bottom=0.0
SA-0164|||Invalid depth logic: top=0.0 >= bottom=0.0
SA-0165|||Invalid depth logic: top=0.0 >= bottom=0.0
SA-0166|||Invalid depth logic: top=0.0 >= bottom=0.0
SA-0167|||Invalid depth logic: top=0.0 >= bottom=0.0
SA-0168|||Invalid depth logic: top=0.0 >= bottom=0.0
SA-0169|||Invalid depth logic: top=0.0 >= bottom=0.0
SA-0170|||Invalid depth logic: top=0.0 >= bottom=0.0
SA-0171|||Invalid depth logic: top=0.0 >= bottom=0.0
SA-0172|||Invalid depth logic: top=0.0 >= bottom=0.0
SA-0173|||Invalid depth logic: top=0.0 >= bottom=0.0
SA-0174|||Invalid depth logic: top=0.0 >= bottom=0.0
SA-0175|||Invalid depth logic: top=0.0 >= bottom=0.0
SA-0176|||Invalid depth logic: top=0.0 >= bottom=0.0
SA-0177|||Invalid depth logic: top=0.0 >= bottom=0.0
SA-0178|||Invalid depth logic: top=0.0 >= bottom=0.0
SA-0179|||Invalid depth logic: top=0.0 >= bottom=0.0
SA-0180|||Invalid depth logic: top=0.0 >= bottom=0.0
SA-0181|||Invalid depth logic: top=0.0 >= bottom=0.0
SA-0182|||Invalid depth logic: top=0.0 >= bottom=0.0
SA-0183|||Invalid depth logic: top=0.0 >= bottom=0.0
SA-0184|||Invalid depth logic: top=0.0 >= bottom=0.0
SA-0185|||Invalid depth logic: top=0.0 >= bottom=0.0
SA-0186|||Invalid depth logic: top=0.0 >= bottom=0.0
SA-0187|||Invalid depth logic: top=0.0 >= bottom=0.0
SA-0188|||Invalid depth logic: top=0.0 >= bottom=0.0
SA-0189|||Invalid depth logic: top=0.0 >= bottom=0.0
SA-0190|||Invalid depth logic: top=0.0 >= bottom=0.0
SA-0191|||Invalid depth logic: top=0.0 >= bottom=0.0
SA-0192|||Invalid depth logic: top=0.0 >= bottom=0.0
SA-0193|||Invalid depth logic: top=0.0 >= bottom=0.0
SA-0194|||Invalid depth logic: top=0.0 >= bottom=0.0
SA-0195|||Invalid depth logic: top=0.0 >= bottom=0.0
SA-0196|||Invalid depth logic: top=0.0 >= bottom=0.0
SA-0196|||Invalid depth logic: top=0.0 >= bottom=0.0
SA-0197|||Invalid depth logic: top=0.0 >= bottom=0.0
SA-0197|||Invalid depth logic: top=0.0 >= bottom=0.0
SA-0198|||Invalid depth logic: top=0.0 >= bottom=0.0
SA-0198|||Invalid depth logic: top=0.0 >= bottom=0.0
SA-0199|||Invalid depth logic: top=0.0 >= bottom=0.0
SA-0199|||Invalid depth logic: top=0.0 >= bottom=0.0
SA-0200|||Invalid depth logic: top=0.0 >= bottom=0.0
SA-0201|||Invalid depth logic: top=0.0 >= bottom=0.0
SA-0202|||Invalid depth logic: top=0.0 >= bottom=0.0
SA-0203|||Invalid depth logic: top=0.0 >= bottom=0.0
SA-0204|||Invalid depth logic: top=0.0 >= bottom=0.0
SA-0205|||Invalid depth logic: top=0.0 >= bottom=0.0
SA-0206|||Invalid depth logic: top=0.0 >= bottom=0.0
SA-0207|||Invalid depth logic: top=0.0 >= bottom=0.0
SA-0208|||Invalid depth logic: top=0.0 >= bottom=0.0
SA-0209|||Invalid depth logic: top=0.0 >= bottom=0.0
SA-0210|||Invalid depth logic: top=0.0 >= bottom=0.0
SA-0211|||Invalid depth logic: top=0.0 >= bottom=0.0
SA-0212|||Invalid depth logic: top=0.0 >= bottom=0.0
SA-0213|||Invalid depth logic: top=0.0 >= bottom=0.0
SA-0214|||Invalid depth logic: top=0.0 >= bottom=0.0
SA-0215|||Invalid depth logic: top=0.0 >= bottom=0.0
SA-0216|||Invalid depth logic: top=0.0 >= bottom=0.0
SA-0217|||Invalid depth logic: top=0.0 >= bottom=0.0
SA-0218|||Invalid depth logic: top=0.0 >= bottom=0.0
SA-0219|||Invalid depth logic: top=0.0 >= bottom=0.0
SA-0220|||Invalid depth logic: top=0.0 >= bottom=0.0
SA-0221|||Invalid depth logic: top=0.0 >= bottom=0.0
SA-0222|||Invalid depth logic: top=0.0 >= bottom=0.0
SA-0222|||Invalid depth logic: top=0.0 >= bottom=0.0
SA-0224|||Invalid depth logic: top=0.0 >= bottom=0.0
SA-0225|||Invalid depth logic: top=0.0 >= bottom=0.0
SA-0226|||Invalid depth logic: top=0.0 >= bottom=0.0
SA-0239|||Invalid depth logic: top=0.0 >= bottom=0.0
SA-0300|||Invalid depth logic: top=0.0 >= bottom=0.0
SA-0301|||Invalid depth logic: top=0.0 >= bottom=0.0
SA-0302|||Invalid depth logic: top=0.0 >= bottom=0.0
SA-0303|||Invalid depth logic: top=0.0 >= bottom=0.0
SA-0304|||Invalid depth logic: top=0.0 >= bottom=0.0
SA-0305|||Invalid depth logic: top=0.0 >= bottom=0.0
SA-0306|||Invalid depth logic: top=0.0 >= bottom=0.0
SA-0307|||Invalid depth logic: top=0.0 >= bottom=0.0
SA-0308|||Invalid depth logic: top=0.0 >= bottom=0.0
SA-0309|||Invalid depth logic: top=0.0 >= bottom=0.0
SA-0310|||Invalid depth logic: top=0.0 >= bottom=0.0
SA-0311|||Invalid depth logic: top=0.0 >= bottom=0.0
SA-0312|||Invalid depth logic: top=0.0 >= bottom=0.0
SA-0313|||Invalid depth logic: top=0.0 >= bottom=0.0
SA-0314|||Invalid depth logic: top=0.0 >= bottom=0.0
SA-0315|||Invalid depth logic: top=0.0 >= bottom=0.0
SA-0316|||Invalid depth logic: top=0.0 >= bottom=0.0
SA-0317|||Invalid depth logic: top=0.0 >= bottom=0.0
SA-0318|||Invalid depth logic: top=0.0 >= bottom=0.0
SA-0320|||Invalid depth logic: top=0.0 >= bottom=0.0
SA-0321|||Invalid depth logic: top=0.0 >= bottom=0.0
SA-0322|||Invalid depth logic: top=0.0 >= bottom=0.0
SA-0323|||Invalid depth logic: top=0.0 >= bottom=0.0
SA-0324|||Invalid depth logic: top=0.0 >= bottom=0.0
SA-0325|||Invalid depth logic: top=0.0 >= bottom=0.0
SA-0326|||Invalid depth logic: top=0.0 >= bottom=0.0
SA-0327|||Invalid depth logic: top=0.0 >= bottom=0.0
SA-0328|||Invalid depth logic: top=0.0 >= bottom=0.0
SA-0329|||Invalid depth logic: top=0.0 >= bottom=0.0
SA-0330|||Invalid depth logic: top=0.0 >= bottom=0.0
SA-0331|||Invalid depth logic: top=0.0 >= bottom=0.0
SA-0332|||Invalid depth logic: top=0.0 >= bottom=0.0
SA-0333|||Invalid depth logic: top=0.0 >= bottom=0.0
SA-0334|||Invalid depth logic: top=0.0 >= bottom=0.0
SA-0335|||Invalid depth logic: top=0.0 >= bottom=0.0
SA-0336|||Invalid depth logic: top=0.0 >= bottom=0.0
SA-0337|||Invalid depth logic: top=0.0 >= bottom=0.0
SA-0338|||Invalid depth logic: top=0.0 >= bottom=0.0
SA-0339|||Invalid depth logic: top=0.0 >= bottom=0.0
SA-0340|||Invalid depth logic: top=0.0 >= bottom=0.0
SA-0341|||Invalid depth logic: top=0.0 >= bottom=0.0
SA-0342|||Invalid depth logic: top=0.0 >= bottom=0.0
SA-0343|||Invalid depth logic: top=0.0 >= bottom=0.0
SD-0001|||Invalid depth logic: top=0.0 >= bottom=0.0
SD-0002|||Invalid depth logic: top=0.0 >= bottom=0.0
SD-0003|||Invalid depth logic: top=0.0 >= bottom=0.0
SD-0004|||Invalid depth logic: top=0.0 >= bottom=0.0
SD-0005|||Invalid depth logic: top=0.0 >= bottom=0.0
SD-0006|||Invalid depth logic: top=0.0 >= bottom=0.0
SD-0007|||Invalid depth logic: top=0.0 >= bottom=0.0
SD-0008|||Invalid depth logic: top=0.0 >= bottom=0.0
SD-0009|||Invalid depth logic: top=0.0 >= bottom=0.0
SD-0010|||Invalid depth logic: top=0.0 >= bottom=0.0
SD-0011|||Invalid depth logic: top=0.0 >= bottom=0.0
SD-0012|||Invalid depth logic: top=0.0 >= bottom=0.0
SD-0013|||Invalid depth logic: top=0.0 >= bottom=0.0
SD-0014|||Invalid depth logic: top=0.0 >= bottom=0.0
SD-0015|||Invalid depth logic: top=0.0 >= bottom=0.0
SD-0016|||Invalid depth logic: top=0.0 >= bottom=0.0
SD-0017|||Invalid depth logic: top=0.0 >= bottom=0.0
SD-0018|||Invalid depth logic: top=0.0 >= bottom=0.0
SD-0019|||Invalid depth logic: top=0.0 >= bottom=0.0
SD-0020|||Invalid depth logic: top=0.0 >= bottom=0.0
SD-0021|||Invalid depth logic: top=0.0 >= bottom=0.0
SD-0022|||Invalid depth logic: top=0.0 >= bottom=0.0
SD-0023|||Invalid depth logic: top=0.0 >= bottom=0.0
SD-0024|||Invalid depth logic: top=0.0 >= bottom=0.0
SD-0025|||Invalid depth logic: top=0.0 >= bottom=0.0
SD-0026|||Invalid depth logic: top=0.0 >= bottom=0.0
SD-0027|||Invalid depth logic: top=0.0 >= bottom=0.0
SD-0028|||Invalid depth logic: top=0.0 >= bottom=0.0
SD-0029|||Invalid depth logic: top=0.0 >= bottom=0.0
SD-0029|||Invalid depth logic: top=0.0 >= bottom=0.0
SD-0030|||Invalid depth logic: top=0.0 >= bottom=0.0
SD-0031|||Invalid depth logic: top=0.0 >= bottom=0.0
SD-0032|||Invalid depth logic: top=0.0 >= bottom=0.0
SD-0033|||Invalid depth logic: top=0.0 >= bottom=0.0
SD-0034|||Invalid depth logic: top=0.0 >= bottom=0.0
SD-0035|||Invalid depth logic: top=0.0 >= bottom=0.0
SD-0036|||Invalid depth logic: top=0.0 >= bottom=0.0
SD-0037|||Invalid depth logic: top=0.0 >= bottom=0.0
SD-0038|||Invalid depth logic: top=0.0 >= bottom=0.0
SD-0039|||Invalid depth logic: top=0.0 >= bottom=0.0
SD-0040|||Invalid depth logic: top=0.0 >= bottom=0.0
SD-0041|||Invalid depth logic: top=0.0 >= bottom=0.0
SD-0042|||Invalid depth logic: top=0.0 >= bottom=0.0
SD-0042|||Invalid depth logic: top=0.0 >= bottom=0.0
SD-0043|||Invalid depth logic: top=0.0 >= bottom=0.0
SD-0044|||Invalid depth logic: top=0.0 >= bottom=0.0
SD-0045|||Invalid depth logic: top=0.0 >= bottom=0.0
SD-0046|||Invalid depth logic: top=0.0 >= bottom=0.0
SD-0047|||Invalid depth logic: top=0.0 >= bottom=0.0
SD-0048|||Invalid depth logic: top=0.0 >= bottom=0.0
SD-0049|||Invalid depth logic: top=0.0 >= bottom=0.0
SD-0049|||Invalid depth logic: top=0.0 >= bottom=0.0
SD-0050|||Invalid depth logic: top=0.0 >= bottom=0.0
SD-0051|||Invalid depth logic: top=0.0 >= bottom=0.0
SD-0052|||Invalid depth logic: top=0.0 >= bottom=0.0
SD-0053|||Invalid depth logic: top=0.0 >= bottom=0.0
SD-0054|||Invalid depth logic: top=0.0 >= bottom=0.0
SD-0055|||Invalid depth logic: top=0.0 >= bottom=0.0
SD-0056|||Invalid depth logic: top=0.0 >= bottom=0.0
SD-0057|||Invalid depth logic: top=0.0 >= bottom=0.0
SD-0057|||Invalid depth logic: top=0.0 >= bottom=0.0
SD-0058|||Invalid depth logic: top=0.0 >= bottom=0.0
SD-0059|||Invalid depth logic: top=0.0 >= bottom=0.0
SD-0060|||Invalid depth logic: top=0.0 >= bottom=0.0
SD-0061|||Invalid depth logic: top=0.0 >= bottom=0.0
SD-0062|||Invalid depth logic: top=0.0 >= bottom=0.0
SD-0063|||Invalid depth logic: top=0.0 >= bottom=0.0
SD-0064|||Invalid depth logic: top=0.0 >= bottom=0.0
SD-0065|||Invalid depth logic: top=0.0 >= bottom=0.0
SD-0066|||Invalid depth logic: top=0.0 >= bottom=0.0
SD-0067|||Invalid depth logic: top=0.0 >= bottom=0.0
SD-0068|||Invalid depth logic: top=0.0 >= bottom=0.0
SD-0069|||Invalid depth logic: top=0.0 >= bottom=0.0
SD-0070|||Invalid depth logic: top=0.0 >= bottom=0.0
SD-0071|||Invalid depth logic: top=0.0 >= bottom=0.0
SD-0072|||Invalid depth logic: top=0.0 >= bottom=0.0
SD-0073|||Invalid depth logic: top=0.0 >= bottom=0.0
SD-0074|||Invalid depth logic: top=0.0 >= bottom=0.0
SD-0075|||Invalid depth logic: top=0.0 >= bottom=0.0
SD-0076|||Invalid depth logic: top=0.0 >= bottom=0.0
SD-0077|||Invalid depth logic: top=0.0 >= bottom=0.0
SD-0077|||Invalid depth logic: top=0.0 >= bottom=0.0
SD-0078|||Invalid depth logic: top=0.0 >= bottom=0.0
SD-0079|||Invalid depth logic: top=0.0 >= bottom=0.0
SD-0080|||Invalid depth logic: top=0.0 >= bottom=0.0
SD-0081|||Invalid depth logic: top=0.0 >= bottom=0.0
SD-0082|||Invalid depth logic: top=0.0 >= bottom=0.0
SD-0083|||Invalid depth logic: top=0.0 >= bottom=0.0
SD-0084|||Invalid depth logic: top=0.0 >= bottom=0.0
SD-0085|||Invalid depth logic: top=0.0 >= bottom=0.0
SD-0086|||Invalid depth logic: top=0.0 >= bottom=0.0
SD-0087|||Invalid depth logic: top=0.0 >= bottom=0.0
SD-0088|||Invalid depth logic: top=0.0 >= bottom=0.0
SD-0089|||Invalid depth logic: top=0.0 >= bottom=0.0
SD-0090|||Invalid depth logic: top=0.0 >= bottom=0.0
SD-0091|||Invalid depth logic: top=0.0 >= bottom=0.0
SD-0092|||Invalid depth logic: top=0.0 >= bottom=0.0
SD-0093|||Invalid depth logic: top=0.0 >= bottom=0.0
SD-0094|||Invalid depth logic: top=0.0 >= bottom=0.0
SD-0095|||Invalid depth logic: top=0.0 >= bottom=0.0
SD-0096|||Invalid depth logic: top=0.0 >= bottom=0.0
SD-0097|||Invalid depth logic: top=0.0 >= bottom=0.0
SD-0098|||Invalid depth logic: top=0.0 >= bottom=0.0
SD-0099|||Invalid depth logic: top=0.0 >= bottom=0.0
SD-0100|||Invalid depth logic: top=0.0 >= bottom=0.0
SD-0101|||Invalid depth logic: top=0.0 >= bottom=0.0
SD-0102|||Invalid depth logic: top=0.0 >= bottom=0.0
SD-0103|||Invalid depth logic: top=0.0 >= bottom=0.0
SD-0104|||Invalid depth logic: top=0.0 >= bottom=0.0
SD-0105|||Invalid depth logic: top=0.0 >= bottom=0.0
SD-0106|||Invalid depth logic: top=0.0 >= bottom=0.0
SD-0107|||Invalid depth logic: top=0.0 >= bottom=0.0
SD-0108|||Invalid depth logic: top=0.0 >= bottom=0.0
SD-0108|||Invalid depth logic: top=0.0 >= bottom=0.0
SD-0109|||Invalid depth logic: top=0.0 >= bottom=0.0
SD-0110|||Invalid depth logic: top=0.0 >= bottom=0.0
SD-0111|||Invalid depth logic: top=0.0 >= bottom=0.0
SD-0112|||Invalid depth logic: top=0.0 >= bottom=0.0
SD-0113|||Invalid depth logic: top=0.0 >= bottom=0.0
SD-0114|||Invalid depth logic: top=0.0 >= bottom=0.0
SD-0115|||Invalid depth logic: top=0.0 >= bottom=0.0
SD-0116|||Invalid depth logic: top=0.0 >= bottom=0.0
SD-0117|||Invalid depth logic: top=0.0 >= bottom=0.0
SD-0118|||Invalid depth logic: top=0.0 >= bottom=0.0
SD-0119|||Invalid depth logic: top=0.0 >= bottom=0.0
SD-0120|||Invalid depth logic: top=0.0 >= bottom=0.0
SD-0120|||Invalid depth logic: top=0.0 >= bottom=0.0
SD-0121|||Invalid depth logic: top=0.0 >= bottom=0.0
SD-0122|||Invalid depth logic: top=0.0 >= bottom=0.0
SD-0122|||Invalid depth logic: top=0.0 >= bottom=0.0
SD-0127|||Invalid depth logic: top=0.0 >= bottom=0.0
SD-0128|||Invalid depth logic: top=0.0 >= bottom=0.0
SD-0129|||Invalid depth logic: top=0.0 >= bottom=0.0
SD-0130|||Invalid depth logic: top=0.0 >= bottom=0.0
SD-0131|||Invalid depth logic: top=0.0 >= bottom=0.0
SD-0132|||Invalid depth logic: top=0.0 >= bottom=0.0
SD-0132|||Invalid depth logic: top=0.0 >= bottom=0.0
SD-0133|||Invalid depth logic: top=0.0 >= bottom=0.0
SD-0134|||Invalid depth logic: top=0.0 >= bottom=0.0
SD-0135|||Invalid depth logic: top=0.0 >= bottom=0.0
SD-0136|||Invalid depth logic: top=0.0 >= bottom=0.0
SD-0137|||Invalid depth logic: top=0.0 >= bottom=0.0
SD-0138|||Invalid depth logic: top=0.0 >= bottom=0.0
SD-0138|||Invalid depth logic: top=0.0 >= bottom=0.0
SD-0139|||Invalid depth logic: top=0.0 >= bottom=0.0
SD-0140|||Invalid depth logic: top=0.0 >= bottom=0.0
SD-0141|||Invalid depth logic: top=0.0 >= bottom=0.0
SD-0142|||Invalid depth logic: top=0.0 >= bottom=0.0
SD-0143|||Invalid depth logic: top=0.0 >= bottom=0.0
SD-0143|||Invalid depth logic: top=0.0 >= bottom=0.0
SD-0144|||Invalid depth logic: top=0.0 >= bottom=0.0
SD-0145|||Invalid depth logic: top=0.0 >= bottom=0.0
SD-0146|||Invalid depth logic: top=0.0 >= bottom=0.0
SD-0147|||Invalid depth logic: top=0.0 >= bottom=0.0
SD-0148|||Invalid depth logic: top=0.0 >= bottom=0.0
SD-0149|||Invalid depth logic: top=0.0 >= bottom=0.0
SD-0150|||Invalid depth logic: top=0.0 >= bottom=0.0
SD-0151|||Invalid depth logic: top=0.0 >= bottom=0.0
SD-0152|||Invalid depth logic: top=0.0 >= bottom=0.0
SD-0153|||Invalid depth logic: top=0.0 >= bottom=0.0
SD-0154|||Invalid depth logic: top=0.0 >= bottom=0.0
SD-0155|||Invalid depth logic: top=0.0 >= bottom=0.0
SD-0156|||Invalid depth logic: top=0.0 >= bottom=0.0
SD-0157|||Invalid depth logic: top=0.0 >= bottom=0.0
SD-0158|||Invalid depth logic: top=0.0 >= bottom=0.0
SD-0159|||Invalid depth logic: top=0.0 >= bottom=0.0
SD-0160|||Invalid depth logic: top=0.0 >= bottom=0.0
SD-0161|||Invalid depth logic: top=0.0 >= bottom=0.0
SD-0162|||Invalid depth logic: top=0.0 >= bottom=0.0
SD-0163|||Invalid depth logic: top=0.0 >= bottom=0.0
SD-0164|||Invalid depth logic: top=0.0 >= bottom=0.0
SD-0165|||Invalid depth logic: top=0.0 >= bottom=0.0
SD-0166|||Invalid depth logic: top=0.0 >= bottom=0.0
SD-0167|||Invalid depth logic: top=0.0 >= bottom=0.0
SD-0168|||Invalid depth logic: top=0.0 >= bottom=0.0
SD-0169|||Invalid depth logic: top=0.0 >= bottom=0.0
SD-0170|||Invalid depth logic: top=0.0 >= bottom=0.0
SD-0171|||Invalid depth logic: top=0.0 >= bottom=0.0
SD-0172|||Invalid depth logic: top=0.0 >= bottom=0.0
SD-0173|||Invalid depth logic: top=0.0 >= bottom=0.0
SD-0174|||Invalid depth logic: top=0.0 >= bottom=0.0
SD-0175|||Invalid depth logic: top=0.0 >= bottom=0.0
SD-0176|||Invalid depth logic: top=0.0 >= bottom=0.0
SD-0177|||Invalid depth logic: top=0.0 >= bottom=0.0
SD-0178|||Invalid depth logic: top=0.0 >= bottom=0.0
SD-0179|||Invalid depth logic: top=0.0 >= bottom=0.0
SD-0180|||Invalid depth logic: top=0.0 >= bottom=0.0
SD-0181|||Invalid depth logic: top=0.0 >= bottom=0.0
SD-0182|||Invalid depth logic: top=0.0 >= bottom=0.0
SD-0183|||Invalid depth logic: top=0.0 >= bottom=0.0
SD-0184|||Invalid depth logic: top=0.0 >= bottom=0.0
SD-0185|||Invalid depth logic: top=0.0 >= bottom=0.0
SD-0186|||Invalid depth logic: top=0.0 >= bottom=0.0
SD-0187|||Invalid depth logic: top=0.0 >= bottom=0.0
SD-0188|||Invalid depth logic: top=0.0 >= bottom=0.0
SD-0189|||Invalid depth logic: top=0.0 >= bottom=0.0
SD-0190|||Invalid depth logic: top=0.0 >= bottom=0.0
SD-0191|||Invalid depth logic: top=0.0 >= bottom=0.0
SD-0192|||Invalid depth logic: top=0.0 >= bottom=0.0
SD-0193|||Invalid depth logic: top=0.0 >= bottom=0.0
SD-0194|||Invalid depth logic: top=0.0 >= bottom=0.0
SD-0195|||Invalid depth logic: top=0.0 >= bottom=0.0
SD-0196|||Invalid depth logic: top=0.0 >= bottom=0.0
SD-0197|||Invalid depth logic: top=0.0 >= bottom=0.0
SD-0198|||Invalid depth logic: top=0.0 >= bottom=0.0
SD-0199|||Invalid depth logic: top=0.0 >= bottom=0.0
SD-0200|||Invalid depth logic: top=0.0 >= bottom=0.0
SD-0201|||Invalid depth logic: top=0.0 >= bottom=0.0
SD-0202|||Invalid depth logic: top=0.0 >= bottom=0.0
SD-0203|||Invalid depth logic: top=0.0 >= bottom=0.0
SD-0204|||Invalid depth logic: top=0.0 >= bottom=0.0
SD-0205|||Invalid depth logic: top=0.0 >= bottom=0.0
SD-0206|||Invalid depth logic: top=0.0 >= bottom=0.0
SD-0207|||Invalid depth logic: top=0.0 >= bottom=0.0
SD-0208|||Invalid depth logic: top=0.0 >= bottom=0.0
SD-0209|||Invalid depth logic: top=0.0 >= bottom=0.0
SD-0210|||Invalid depth logic: top=0.0 >= bottom=0.0
SD-0211|||Invalid depth logic: top=0.0 >= bottom=0.0
SD-0212|||Invalid depth logic: top=0.0 >= bottom=0.0
SD-0213|||Invalid depth logic: top=0.0 >= bottom=0.0
SD-0214|||Invalid depth logic: top=0.0 >= bottom=0.0
SD-0215|||Invalid depth logic: top=0.0 >= bottom=0.0
SD-0216|||Invalid depth logic: top=0.0 >= bottom=0.0
SD-0217|||Invalid depth logic: top=0.0 >= bottom=0.0
SD-0218|||Invalid depth logic: top=0.0 >= bottom=0.0
SD-0219|||Invalid depth logic: top=0.0 >= bottom=0.0
SD-0220|||Invalid depth logic: top=0.0 >= bottom=0.0
SD-0221|||Invalid depth logic: top=0.0 >= bottom=0.0
SD-0222|||Invalid depth logic: top=0.0 >= bottom=0.0
SD-0223|||Invalid depth logic: top=0.0 >= bottom=0.0
SD-0224|||Invalid depth logic: top=0.0 >= bottom=0.0
SD-0225|||Invalid depth logic: top=0.0 >= bottom=0.0
SD-0225|||Invalid depth logic: top=0.0 >= bottom=0.0
SD-0226|||Invalid depth logic: top=0.0 >= bottom=0.0
SD-0226|||Invalid depth logic: top=0.0 >= bottom=0.0
SD-0227|||Invalid depth logic: top=0.0 >= bottom=0.0
SD-0228|||Invalid depth logic: top=0.0 >= bottom=0.0
SD-0229|||Invalid depth logic: top=0.0 >= bottom=0.0
SD-0229|||Invalid depth logic: top=0.0 >= bottom=0.0
SD-0230|||Invalid depth logic: top=0.0 >= bottom=0.0
SD-0231|||Invalid depth logic: top=0.0 >= bottom=0.0
SD-0232|||Invalid depth logic: top=0.0 >= bottom=0.0
SD-0233|||Invalid depth logic: top=0.0 >= bottom=0.0
SD-0234|||Invalid depth logic: top=0.0 >= bottom=0.0
SD-0235|||Invalid depth logic: top=0.0 >= bottom=0.0
SD-0236|||Invalid depth logic: top=0.0 >= bottom=0.0
SD-0237|||Invalid depth logic: top=0.0 >= bottom=0.0
SD-0238|||Invalid depth logic: top=0.0 >= bottom=0.0
SD-0239|||Invalid depth logic: top=0.0 >= bottom=0.0
SD-0239|||Invalid depth logic: top=0.0 >= bottom=0.0
SD-0240|||Invalid depth logic: top=0.0 >= bottom=0.0
SD-0241|||Invalid depth logic: top=0.0 >= bottom=0.0
SD-0242|||Invalid depth logic: top=0.0 >= bottom=0.0
SD-0243|||Invalid depth logic: top=0.0 >= bottom=0.0
SD-0244|||Invalid depth logic: top=0.0 >= bottom=0.0
SD-0245|||Invalid depth logic: top=0.0 >= bottom=0.0
SD-0246|||Invalid depth logic: top=0.0 >= bottom=0.0
SD-0247|||Invalid depth logic: top=0.0 >= bottom=0.0
SD-0248|||Invalid depth logic: top=0.0 >= bottom=0.0
SD-0249|||Invalid depth logic: top=0.0 >= bottom=0.0
SD-0250|||Invalid depth logic: top=0.0 >= bottom=0.0
SD-0251|||Invalid depth logic: top=0.0 >= bottom=0.0
SD-0252|||Invalid depth logic: top=0.0 >= bottom=0.0
SD-0253|||Invalid depth logic: top=0.0 >= bottom=0.0
SD-0254|||Invalid depth logic: top=0.0 >= bottom=0.0
SD-0255|||Invalid depth logic: top=0.0 >= bottom=0.0
SD-0255|||Invalid depth logic: top=0.0 >= bottom=0.0
SD-0256|||Invalid depth logic: top=0.0 >= bottom=0.0
SD-0257|||Invalid depth logic: top=0.0 >= bottom=0.0
SD-0258|||Invalid depth logic: top=0.0 >= bottom=0.0
SD-0259|||Invalid depth logic: top=0.0 >= bottom=0.0
SD-0260|||Invalid depth logic: top=0.0 >= bottom=0.0
SD-0261|||Invalid depth logic: top=0.0 >= bottom=0.0
SD-0262|||Invalid depth logic: top=0.0 >= bottom=0.0
SD-0262|||Invalid depth logic: top=0.0 >= bottom=0.0
SD-0263|||Invalid depth logic: top=0.0 >= bottom=0.0
SD-0263|||Invalid depth logic: top=0.0 >= bottom=0.0
SD-0264|||Invalid depth logic: top=0.0 >= bottom=0.0
SD-0264|||Invalid depth logic: top=0.0 >= bottom=0.0
SD-0264|||Invalid depth logic: top=0.0 >= bottom=0.0
SD-0265|||Invalid depth logic: top=0.0 >= bottom=0.0
SD-0266|||Invalid depth logic: top=0.0 >= bottom=0.0
SD-0267|||Invalid depth logic: top=0.0 >= bottom=0.0
SD-0267|||Invalid depth logic: top=0.0 >= bottom=0.0
SD-0268|||Invalid depth logic: top=0.0 >= bottom=0.0
SD-0269|||Invalid depth logic: top=0.0 >= bottom=0.0
SD-0269|||Invalid depth logic: top=0.0 >= bottom=0.0
SD-0270|||Invalid depth logic: top=0.0 >= bottom=0.0
SD-0271|||Invalid depth logic: top=0.0 >= bottom=0.0
SD-0272|||Invalid depth logic: top=0.0 >= bottom=0.0
SD-0273|||Invalid depth logic: top=0.0 >= bottom=0.0
SD-0274|||Invalid depth logic: top=0.0 >= bottom=0.0
SD-0275|||Invalid depth logic: top=0.0 >= bottom=0.0
SD-0276|||Invalid depth logic: top=0.0 >= bottom=0.0
SD-0277|||Invalid depth logic: top=0.0 >= bottom=0.0
SD-0278|||Invalid depth logic: top=0.0 >= bottom=0.0
SD-0279|||Invalid depth logic: top=0.0 >= bottom=0.0
SD-0280|||Invalid depth logic: top=0.0 >= bottom=0.0
SD-0280|||Invalid depth logic: top=0.0 >= bottom=0.0
SD-0281|||Invalid depth logic: top=0.0 >= bottom=0.0
SD-0282|||Invalid depth logic: top=0.0 >= bottom=0.0
SD-0283|||Invalid depth logic: top=0.0 >= bottom=0.0
SD-0283|||Invalid depth logic: top=0.0 >= bottom=0.0
SD-0283|||Invalid depth logic: top=0.0 >= bottom=0.0
SD-0284|||Invalid depth logic: top=0.0 >= bottom=0.0
SD-0284|||Invalid depth logic: top=0.0 >= bottom=0.0
SD-0284|||Invalid depth logic: top=0.0 >= bottom=0.0
SD-0285|||Invalid depth logic: top=0.0 >= bottom=0.0
SD-0286|||Invalid depth logic: top=0.0 >= bottom=0.0
SD-0287|||Invalid depth logic: top=0.0 >= bottom=0.0
SD-0288|||Invalid depth logic: top=0.0 >= bottom=0.0
SD-0289|||Invalid depth logic: top=0.0 >= bottom=0.0
SD-0290|||Invalid depth logic: top=0.0 >= bottom=0.0
SD-0291|||Invalid depth logic: top=0.0 >= bottom=0.0
SD-0292|||Invalid depth logic: top=0.0 >= bottom=0.0
SD-0293|||Invalid depth logic: top=0.0 >= bottom=0.0
SD-0294|||Invalid depth logic: top=0.0 >= bottom=0.0
SD-0295|||Invalid depth logic: top=0.0 >= bottom=0.0
SD-0296|||Invalid depth logic: top=0.0 >= bottom=0.0
SD-0297|||Invalid depth logic: top=0.0 >= bottom=0.0
SD-0298|||Invalid depth logic: top=0.0 >= bottom=0.0
SD-0298|||Invalid depth logic: top=0.0 >= bottom=0.0
SD-0299|||Invalid depth logic: top=0.0 >= bottom=0.0
SD-0300|||Invalid depth logic: top=0.0 >= bottom=0.0
SD-0301|||Invalid depth logic: top=0.0 >= bottom=0.0
SD-0302|||Invalid depth logic: top=0.0 >= bottom=0.0
SD-0303|||Invalid depth logic: top=0.0 >= bottom=0.0
SD-0304|||Invalid depth logic: top=0.0 >= bottom=0.0
SD-0304|||Invalid depth logic: top=0.0 >= bottom=0.0
SD-0305|||Invalid depth logic: top=0.0 >= bottom=0.0
SD-0306|||Invalid depth logic: top=0.0 >= bottom=0.0
SD-0307|||Invalid depth logic: top=0.0 >= bottom=0.0
SD-0308|||Invalid depth logic: top=0.0 >= bottom=0.0
SD-0308|||Invalid depth logic: top=0.0 >= bottom=0.0
SD-0309|||Invalid depth logic: top=0.0 >= bottom=0.0
SD-0310|||Invalid depth logic: top=0.0 >= bottom=0.0
SD-0310|||Invalid depth logic: top=0.0 >= bottom=0.0
SD-0311|||Invalid depth logic: top=0.0 >= bottom=0.0
SD-0312|||Invalid depth logic: top=0.0 >= bottom=0.0
SD-0312|||Invalid depth logic: top=0.0 >= bottom=0.0
SD-0313|||Invalid depth logic: top=0.0 >= bottom=0.0
SD-0314|||Invalid depth logic: top=0.0 >= bottom=0.0
SD-0315|||Invalid depth logic: top=0.0 >= bottom=0.0
SD-0316|||Invalid depth logic: top=0.0 >= bottom=0.0
SD-0317|||Invalid depth logic: top=0.0 >= bottom=0.0
SD-0318|||Invalid depth logic: top=0.0 >= bottom=0.0
SD-0319|||Invalid depth logic: top=0.0 >= bottom=0.0
SD-0320|||Invalid depth logic: top=0.0 >= bottom=0.0
SD-0321|||Invalid depth logic: top=0.0 >= bottom=0.0
SD-0322|||Invalid depth logic: top=0.0 >= bottom=0.0
SD-0323|||Invalid depth logic: top=0.0 >= bottom=0.0
SD-0324|||Invalid depth logic: top=0.0 >= bottom=0.0
SD-0325|||Invalid depth logic: top=0.0 >= bottom=0.0
SD-0326|||Invalid depth logic: top=0.0 >= bottom=0.0
SD-0327|||Invalid depth logic: top=0.0 >= bottom=0.0
SD-0328|||Invalid depth logic: top=0.0 >= bottom=0.0
SD-0328|||Invalid depth logic: top=0.0 >= bottom=0.0
SD-0329|||Invalid depth logic: top=0.0 >= bottom=0.0
SD-0330|||Invalid depth logic: top=0.0 >= bottom=0.0
SD-0331|||Invalid depth logic: top=0.0 >= bottom=0.0
SM-0246|||Missing UnitIdentifier
SM-0246|||Missing UnitIdentifier
SM-0246|||Missing UnitIdentifier
SM-0246|||Missing UnitIdentifier
SM-0246|||Missing UnitIdentifier
SM-0246|||Missing UnitIdentifier
SM-0246|||Missing UnitIdentifier
SM-0246|||Missing UnitIdentifier
SM-0246|||Missing UnitIdentifier
SO-0003|||Invalid depth logic: top=0.0 >= bottom=0.0
SO-0004|||Invalid depth logic: top=0.0 >= bottom=0.0
SO-0006|||Invalid depth logic: top=0.0 >= bottom=0.0
SO-0007|||Invalid depth logic: top=0.0 >= bottom=0.0
SO-0008|||Invalid depth logic: top=0.0 >= bottom=0.0
SO-0008|||Invalid depth logic: top=0.0 >= bottom=0.0
SO-0009|||Invalid depth logic: top=0.0 >= bottom=0.0
SO-0010|||Invalid depth logic: top=0.0 >= bottom=0.0
SO-0011|||Invalid depth logic: top=0.0 >= bottom=0.0
SO-0012|||Invalid depth logic: top=0.0 >= bottom=0.0
SO-0013|||Invalid depth logic: top=0.0 >= bottom=0.0
SO-0014|||Invalid depth logic: top=0.0 >= bottom=0.0
SO-0015|||Invalid depth logic: top=0.0 >= bottom=0.0
SO-0016|||Invalid depth logic: top=0.0 >= bottom=0.0
SO-0017|||Invalid depth logic: top=0.0 >= bottom=0.0
SO-0018|||Invalid depth logic: top=0.0 >= bottom=0.0
SO-0019|||Invalid depth logic: top=0.0 >= bottom=0.0
SO-0020|||Invalid depth logic: top=0.0 >= bottom=0.0
SO-0021|||Invalid depth logic: top=0.0 >= bottom=0.0
SO-0022|||Invalid depth logic: top=0.0 >= bottom=0.0
SO-0023|||Invalid depth logic: top=0.0 >= bottom=0.0
SO-0024|||Invalid depth logic: top=0.0 >= bottom=0.0
SO-0025|||Invalid depth logic: top=0.0 >= bottom=0.0
SO-0026|||Invalid depth logic: top=0.0 >= bottom=0.0
SO-0027|||Invalid depth logic: top=0.0 >= bottom=0.0
SO-0029|||Invalid depth logic: top=0.0 >= bottom=0.0
SO-0030|||Invalid depth logic: top=0.0 >= bottom=0.0
SO-0031|||Invalid depth logic: top=0.0 >= bottom=0.0
SO-0032|||Invalid depth logic: top=0.0 >= bottom=0.0
SO-0034|||Invalid depth logic: top=0.0 >= bottom=0.0
SO-0035|||Invalid depth logic: top=0.0 >= bottom=0.0
SO-0036|||Invalid depth logic: top=0.0 >= bottom=0.0
SO-0037|||Invalid depth logic: top=0.0 >= bottom=0.0
SO-0038|||Invalid depth logic: top=0.0 >= bottom=0.0
SO-0039|||Invalid depth logic: top=0.0 >= bottom=0.0
SO-0040|||Invalid depth logic: top=0.0 >= bottom=0.0
SO-0041|||Invalid depth logic: top=0.0 >= bottom=0.0
SO-0042|||Invalid depth logic: top=0.0 >= bottom=0.0
SO-0043|||Invalid depth logic: top=0.0 >= bottom=0.0
SO-0044|||Invalid depth logic: top=0.0 >= bottom=0.0
SO-0045|||Invalid depth logic: top=0.0 >= bottom=0.0
SO-0046|||Invalid depth logic: top=0.0 >= bottom=0.0
SO-0047|||Invalid depth logic: top=0.0 >= bottom=0.0
SO-0048|||Invalid depth logic: top=0.0 >= bottom=0.0
SO-0049|||Invalid depth logic: top=0.0 >= bottom=0.0
SO-0050|||Invalid depth logic: top=0.0 >= bottom=0.0
SO-0051|||Invalid depth logic: top=0.0 >= bottom=0.0
SO-0052|||Invalid depth logic: top=0.0 >= bottom=0.0
SO-0053|||Invalid depth logic: top=0.0 >= bottom=0.0
SO-0054|||Invalid depth logic: top=0.0 >= bottom=0.0
SO-0055|||Invalid depth logic: top=0.0 >= bottom=0.0
SO-0056|||Invalid depth logic: top=0.0 >= bottom=0.0
SO-0057|||Invalid depth logic: top=0.0 >= bottom=0.0
SO-0058|||Invalid depth logic: top=0.0 >= bottom=0.0
SO-0059|||Invalid depth logic: top=0.0 >= bottom=0.0
SO-0060|||Invalid depth logic: top=0.0 >= bottom=0.0
SO-0061|||Invalid depth logic: top=0.0 >= bottom=0.0
SO-0062|||Invalid depth logic: top=0.0 >= bottom=0.0
SO-0063|||Invalid depth logic: top=0.0 >= bottom=0.0
SO-0064|||Invalid depth logic: top=0.0 >= bottom=0.0
SO-0065|||Invalid depth logic: top=0.0 >= bottom=0.0
SO-0066|||Invalid depth logic: top=0.0 >= bottom=0.0
SO-0067|||Invalid depth logic: top=0.0 >= bottom=0.0
SO-0068|||Invalid depth logic: top=0.0 >= bottom=0.0
SO-0069|||Invalid depth logic: top=0.0 >= bottom=0.0
SO-0070|||Invalid depth logic: top=0.0 >= bottom=0.0
SO-0071|||Invalid depth logic: top=0.0 >= bottom=0.0
SO-0072|||Invalid depth logic: top=0.0 >= bottom=0.0
SO-0073|||Invalid depth logic: top=0.0 >= bottom=0.0
SO-0074|||Invalid depth logic: top=0.0 >= bottom=0.0
SO-0075|||Invalid depth logic: top=0.0 >= bottom=0.0
SO-0076|||Invalid depth logic: top=0.0 >= bottom=0.0
SO-0077|||Invalid depth logic: top=0.0 >= bottom=0.0
SO-0078|||Invalid depth logic: top=0.0 >= bottom=0.0
SO-0079|||Invalid depth logic: top=0.0 >= bottom=0.0
SO-0080|||Invalid depth logic: top=0.0 >= bottom=0.0
SO-0081|||Invalid depth logic: top=0.0 >= bottom=0.0
SO-0082|||Invalid depth logic: top=0.0 >= bottom=0.0
SO-0083|||Invalid depth logic: top=0.0 >= bottom=0.0
SO-0084|||Invalid depth logic: top=0.0 >= bottom=0.0
SO-0086|||Invalid depth logic: top=0.0 >= bottom=0.0
SO-0087|||Invalid depth logic: top=0.0 >= bottom=0.0
SO-0089|||Invalid depth logic: top=0.0 >= bottom=0.0
SO-0090|||Invalid depth logic: top=0.0 >= bottom=0.0
SO-0091|||Invalid depth logic: top=0.0 >= bottom=0.0
SO-0092|||Invalid depth logic: top=0.0 >= bottom=0.0
SO-0093|||Invalid depth logic: top=0.0 >= bottom=0.0
SO-0094|||Invalid depth logic: top=0.0 >= bottom=0.0
SO-0095|||Invalid depth logic: top=0.0 >= bottom=0.0
SO-0096|||Invalid depth logic: top=0.0 >= bottom=0.0
SO-0097|||Invalid depth logic: top=0.0 >= bottom=0.0
SO-0098|||Invalid depth logic: top=0.0 >= bottom=0.0
SO-0099|||Invalid depth logic: top=0.0 >= bottom=0.0
SO-0100|||Invalid depth logic: top=0.0 >= bottom=0.0
SO-0101|||Invalid depth logic: top=0.0 >= bottom=0.0
SO-0102|||Invalid depth logic: top=0.0 >= bottom=0.0
SO-0103|||Invalid depth logic: top=0.0 >= bottom=0.0
SO-0104|||Invalid depth logic: top=0.0 >= bottom=0.0
SO-0105|||Invalid depth logic: top=0.0 >= bottom=0.0
SO-0106|||Invalid depth logic: top=0.0 >= bottom=0.0
SO-0107|||Invalid depth logic: top=0.0 >= bottom=0.0
SO-0108|||Invalid depth logic: top=0.0 >= bottom=0.0
SO-0109|||Invalid depth logic: top=0.0 >= bottom=0.0
SO-0110|||Invalid depth logic: top=0.0 >= bottom=0.0
SO-0111|||Invalid depth logic: top=0.0 >= bottom=0.0
TB-0084|||Missing UnitIdentifier
TB-0084|||Missing UnitIdentifier
TB-0084|||Missing UnitIdentifier
TB-0084|||Missing UnitIdentifier
TB-0084|||Missing UnitIdentifier
TB-0084|||Missing UnitIdentifier
TB-0084|||Missing UnitIdentifier
TB-0084|||Missing UnitIdentifier
TB-0084|||Missing UnitIdentifier
TB-0084|||Missing UnitIdentifier
TB-0084|||Missing UnitIdentifier
TO-0001|||Invalid depth logic: top=0.0 >= bottom=0.0
TO-0002|||Invalid depth logic: top=0.0 >= bottom=0.0
TO-0003|||Invalid depth logic: top=0.0 >= bottom=0.0
TO-0004|||Invalid depth logic: top=0.0 >= bottom=0.0
TO-0005|||Invalid depth logic: top=0.0 >= bottom=0.0
TO-0006|||Invalid depth logic: top=0.0 >= bottom=0.0
TO-0007|||Invalid depth logic: top=0.0 >= bottom=0.0
TO-0008|||Invalid depth logic: top=0.0 >= bottom=0.0
TO-0009|||Invalid depth logic: top=0.0 >= bottom=0.0
TO-0010|||Invalid depth logic: top=0.0 >= bottom=0.0
TO-0011|||Invalid depth logic: top=0.0 >= bottom=0.0
TO-0012|||Invalid depth logic: top=0.0 >= bottom=0.0
TO-0013|||Invalid depth logic: top=0.0 >= bottom=0.0
TO-0014|||Invalid depth logic: top=0.0 >= bottom=0.0
TO-0015|||Invalid depth logic: top=0.0 >= bottom=0.0
TO-0016|||Invalid depth logic: top=0.0 >= bottom=0.0
TO-0017|||Invalid depth logic: top=0.0 >= bottom=0.0
TO-0018|||Invalid depth logic: top=0.0 >= bottom=0.0
TO-0019|||Invalid depth logic: top=0.0 >= bottom=0.0
TO-0020|||Invalid depth logic: top=0.0 >= bottom=0.0
TO-0021|||Invalid depth logic: top=0.0 >= bottom=0.0
TO-0022|||Invalid depth logic: top=0.0 >= bottom=0.0
TO-0023|||Invalid depth logic: top=0.0 >= bottom=0.0
TO-0024|||Invalid depth logic: top=0.0 >= bottom=0.0
TO-0025|||Invalid depth logic: top=0.0 >= bottom=0.0
TO-0026|||Invalid depth logic: top=0.0 >= bottom=0.0
TO-0027|||Invalid depth logic: top=0.0 >= bottom=0.0
TO-0028|||Invalid depth logic: top=0.0 >= bottom=0.0
TO-0029|||Invalid depth logic: top=0.0 >= bottom=0.0
TO-0030|||Invalid depth logic: top=0.0 >= bottom=0.0
TO-0031|||Invalid depth logic: top=0.0 >= bottom=0.0
TO-0032|||Invalid depth logic: top=0.0 >= bottom=0.0
TO-0033|||Invalid depth logic: top=0.0 >= bottom=0.0
TO-0034|||Invalid depth logic: top=0.0 >= bottom=0.0
TO-0035|||Invalid depth logic: top=0.0 >= bottom=0.0
TO-0036|||Invalid depth logic: top=0.0 >= bottom=0.0
TO-0037|||Invalid depth logic: top=0.0 >= bottom=0.0
TO-0038|||Invalid depth logic: top=0.0 >= bottom=0.0
TO-0039|||Invalid depth logic: top=0.0 >= bottom=0.0
TO-0040|||Invalid depth logic: top=0.0 >= bottom=0.0
TO-0041|||Invalid depth logic: top=0.0 >= bottom=0.0
TO-0042|||Invalid depth logic: top=0.0 >= bottom=0.0
TO-0043|||Invalid depth logic: top=0.0 >= bottom=0.0
TO-0044|||Invalid depth logic: top=0.0 >= bottom=0.0
TO-0045|||Invalid depth logic: top=0.0 >= bottom=0.0
TO-0046|||Invalid depth logic: top=0.0 >= bottom=0.0
TO-0047|||Invalid depth logic: top=0.0 >= bottom=0.0
TO-0048|||Invalid depth logic: top=0.0 >= bottom=0.0
TO-0049|||Invalid depth logic: top=0.0 >= bottom=0.0
TO-0050|||Invalid depth logic: top=0.0 >= bottom=0.0
TO-0051|||Invalid depth logic: top=0.0 >= bottom=0.0
TO-0052|||Invalid depth logic: top=0.0 >= bottom=0.0
TO-0053|||Invalid depth logic: top=0.0 >= bottom=0.0
TO-0054|||Invalid depth logic: top=0.0 >= bottom=0.0
TO-0055|||Invalid depth logic: top=0.0 >= bottom=0.0
TO-0056|||Invalid depth logic: top=0.0 >= bottom=0.0
TO-0057|||Invalid depth logic: top=0.0 >= bottom=0.0
TO-0058|||Invalid depth logic: top=0.0 >= bottom=0.0
TO-0059|||Invalid depth logic: top=0.0 >= bottom=0.0
TO-0060|||Invalid depth logic: top=0.0 >= bottom=0.0
TO-0061|||Invalid depth logic: top=0.0 >= bottom=0.0
TO-0062|||Invalid depth logic: top=0.0 >= bottom=0.0
TO-0063|||Invalid depth logic: top=0.0 >= bottom=0.0
TO-0064|||Invalid depth logic: top=0.0 >= bottom=0.0
TO-0065|||Invalid depth logic: top=0.0 >= bottom=0.0
TO-0066|||Invalid depth logic: top=0.0 >= bottom=0.0
TO-0067|||Invalid depth logic: top=0.0 >= bottom=0.0
TO-0068|||Invalid depth logic: top=0.0 >= bottom=0.0
TO-0069|||Invalid depth logic: top=0.0 >= bottom=0.0
TO-0070|||Invalid depth logic: top=0.0 >= bottom=0.0
TO-0071|||Invalid depth logic: top=0.0 >= bottom=0.0
TO-0072|||Invalid depth logic: top=0.0 >= bottom=0.0
TO-0073|||Invalid depth logic: top=0.0 >= bottom=0.0
TO-0074|||Invalid depth logic: top=0.0 >= bottom=0.0
TO-0075|||Invalid depth logic: top=0.0 >= bottom=0.0
TO-0076|||Invalid depth logic: top=0.0 >= bottom=0.0
TO-0077|||Invalid depth logic: top=0.0 >= bottom=0.0
TO-0078|||Invalid depth logic: top=0.0 >= bottom=0.0
TO-0079|||Invalid depth logic: top=0.0 >= bottom=0.0
TO-0080|||Invalid depth logic: top=0.0 >= bottom=0.0
TO-0081|||Invalid depth logic: top=0.0 >= bottom=0.0
TO-0082|||Invalid depth logic: top=0.0 >= bottom=0.0
TO-0083|||Invalid depth logic: top=0.0 >= bottom=0.0
TO-0084|||Invalid depth logic: top=0.0 >= bottom=0.0
TO-0085|||Invalid depth logic: top=0.0 >= bottom=0.0
TO-0086|||Invalid depth logic: top=0.0 >= bottom=0.0
TO-0087|||Invalid depth logic: top=0.0 >= bottom=0.0
TO-0088|||Invalid depth logic: top=0.0 >= bottom=0.0
TO-0089|||Invalid depth logic: top=0.0 >= bottom=0.0
TO-0090|||Invalid depth logic: top=0.0 >= bottom=0.0
TO-0091|||Invalid depth logic: top=0.0 >= bottom=0.0
TO-0092|||Invalid depth logic: top=0.0 >= bottom=0.0
TO-0093|||Invalid depth logic: top=0.0 >= bottom=0.0
TO-0094|||Invalid depth logic: top=0.0 >= bottom=0.0
TO-0095|||Invalid depth logic: top=0.0 >= bottom=0.0
TO-0096|||Invalid depth logic: top=0.0 >= bottom=0.0
TO-0097|||Invalid depth logic: top=0.0 >= bottom=0.0
TO-0098|||Invalid depth logic: top=0.0 >= bottom=0.0
TO-0099|||Invalid depth logic: top=0.0 >= bottom=0.0
TO-0100|||Invalid depth logic: top=0.0 >= bottom=0.0
TO-0101|||Invalid depth logic: top=0.0 >= bottom=0.0
TO-0102|||Invalid depth logic: top=0.0 >= bottom=0.0
TO-0103|||Invalid depth logic: top=0.0 >= bottom=0.0
TO-0104|||Invalid depth logic: top=0.0 >= bottom=0.0
TO-0105|||Invalid depth logic: top=0.0 >= bottom=0.0
TO-0106|||Invalid depth logic: top=0.0 >= bottom=0.0
TO-0107|||Invalid depth logic: top=0.0 >= bottom=0.0
TO-0108|||Invalid depth logic: top=0.0 >= bottom=0.0
TO-0109|||Invalid depth logic: top=0.0 >= bottom=0.0
TO-0110|||Invalid depth logic: top=0.0 >= bottom=0.0
TO-0111|||Invalid depth logic: top=0.0 >= bottom=0.0
TO-0112|||Invalid depth logic: top=0.0 >= bottom=0.0
TO-0113|||Invalid depth logic: top=0.0 >= bottom=0.0
TO-0114|||Invalid depth logic: top=0.0 >= bottom=0.0
TO-0115|||Invalid depth logic: top=0.0 >= bottom=0.0
TO-0116|||Invalid depth logic: top=0.0 >= bottom=0.0
TO-0117|||Invalid depth logic: top=0.0 >= bottom=0.0
TO-0118|||Invalid depth logic: top=0.0 >= bottom=0.0
TO-0119|||Invalid depth logic: top=0.0 >= bottom=0.0
TO-0120|||Invalid depth logic: top=0.0 >= bottom=0.0
TO-0121|||Invalid depth logic: top=0.0 >= bottom=0.0
TO-0122|||Invalid depth logic: top=0.0 >= bottom=0.0
TO-0123|||Invalid depth logic: top=0.0 >= bottom=0.0
TO-0124|||Invalid depth logic: top=0.0 >= bottom=0.0
TO-0125|||Invalid depth logic: top=0.0 >= bottom=0.0
TO-0126|||Invalid depth logic: top=0.0 >= bottom=0.0
TO-0127|||Invalid depth logic: top=0.0 >= bottom=0.0
TO-0128|||Invalid depth logic: top=0.0 >= bottom=0.0
TO-0129|||Invalid depth logic: top=0.0 >= bottom=0.0
TO-0130|||Invalid depth logic: top=0.0 >= bottom=0.0
TO-0131|||Invalid depth logic: top=0.0 >= bottom=0.0
TO-0132|||Invalid depth logic: top=0.0 >= bottom=0.0
TO-0133|||Invalid depth logic: top=0.0 >= bottom=0.0
TO-0134|||Invalid depth logic: top=0.0 >= bottom=0.0
TO-0135|||Invalid depth logic: top=0.0 >= bottom=0.0
TO-0136|||Invalid depth logic: top=0.0 >= bottom=0.0
TO-0137|||Invalid depth logic: top=0.0 >= bottom=0.0
TO-0138|||Invalid depth logic: top=0.0 >= bottom=0.0
TO-0139|||Invalid depth logic: top=0.0 >= bottom=0.0
TO-0140|||Invalid depth logic: top=0.0 >= bottom=0.0
TO-0141|||Invalid depth logic: top=0.0 >= bottom=0.0
TO-0142|||Invalid depth logic: top=0.0 >= bottom=0.0
TO-0143|||Invalid depth logic: top=0.0 >= bottom=0.0
TO-0144|||Invalid depth logic: top=0.0 >= bottom=0.0
TO-0145|||Invalid depth logic: top=0.0 >= bottom=0.0
TO-0146|||Invalid depth logic: top=0.0 >= bottom=0.0
TO-0147|||Invalid depth logic: top=0.0 >= bottom=0.0
TO-0148|||Invalid depth logic: top=0.0 >= bottom=0.0
TO-0149|||Invalid depth logic: top=0.0 >= bottom=0.0
TO-0150|||Invalid depth logic: top=0.0 >= bottom=0.0
TO-0151|||Invalid depth logic: top=0.0 >= bottom=0.0
TO-0152|||Invalid depth logic: top=0.0 >= bottom=0.0
TO-0153|||Invalid depth logic: top=0.0 >= bottom=0.0
TO-0154|||Invalid depth logic: top=0.0 >= bottom=0.0
TO-0155|||Invalid depth logic: top=0.0 >= bottom=0.0
TO-0156|||Invalid depth logic: top=0.0 >= bottom=0.0
TO-0157|||Invalid depth logic: top=0.0 >= bottom=0.0
TO-0158|||Invalid depth logic: top=0.0 >= bottom=0.0
TO-0159|||Invalid depth logic: top=0.0 >= bottom=0.0
TO-0160|||Invalid depth logic: top=0.0 >= bottom=0.0
TO-0161|||Invalid depth logic: top=0.0 >= bottom=0.0
TO-0162|||Invalid depth logic: top=0.0 >= bottom=0.0
TO-0163|||Invalid depth logic: top=0.0 >= bottom=0.0
TO-0164|||Invalid depth logic: top=0.0 >= bottom=0.0
TO-0165|||Invalid depth logic: top=0.0 >= bottom=0.0
TO-0166|||Invalid depth logic: top=0.0 >= bottom=0.0
TO-0167|||Invalid depth logic: top=0.0 >= bottom=0.0
TO-0168|||Invalid depth logic: top=0.0 >= bottom=0.0
TO-0169|||Invalid depth logic: top=0.0 >= bottom=0.0
TO-0170|||Invalid depth logic: top=0.0 >= bottom=0.0
TO-0171|||Invalid depth logic: top=0.0 >= bottom=0.0
TO-0172|||Invalid depth logic: top=0.0 >= bottom=0.0
TO-0173|||Invalid depth logic: top=0.0 >= bottom=0.0
TO-0174|||Invalid depth logic: top=0.0 >= bottom=0.0
TO-0175|||Invalid depth logic: top=0.0 >= bottom=0.0
TO-0176|||Invalid depth logic: top=0.0 >= bottom=0.0
TO-0177|||Invalid depth logic: top=0.0 >= bottom=0.0
TO-0178|||Invalid depth logic: top=0.0 >= bottom=0.0
TO-0179|||Invalid depth logic: top=0.0 >= bottom=0.0
TO-0180|||Invalid depth logic: top=0.0 >= bottom=0.0
TO-0181|||Invalid depth logic: top=0.0 >= bottom=0.0
TO-0182|||Invalid depth logic: top=0.0 >= bottom=0.0
TO-0183|||Invalid depth logic: top=0.0 >= bottom=0.0
TO-0184|||Invalid depth logic: top=0.0 >= bottom=0.0
TO-0185|||Invalid depth logic: top=0.0 >= bottom=0.0
TO-0186|||Invalid depth logic: top=0.0 >= bottom=0.0
TO-0187|||Invalid depth logic: top=0.0 >= bottom=0.0
TO-0188|||Invalid depth logic: top=0.0 >= bottom=0.0
TO-0189|||Invalid depth logic: top=0.0 >= bottom=0.0
TO-0190|||Invalid depth logic: top=0.0 >= bottom=0.0
TO-0191|||Invalid depth logic: top=0.0 >= bottom=0.0
TO-0192|||Invalid depth logic: top=0.0 >= bottom=0.0
TO-0193|||Invalid depth logic: top=0.0 >= bottom=0.0
TO-0194|||Invalid depth logic: top=0.0 >= bottom=0.0
TO-0195|||Invalid depth logic: top=0.0 >= bottom=0.0
TO-0196|||Invalid depth logic: top=0.0 >= bottom=0.0
TO-0197|||Invalid depth logic: top=0.0 >= bottom=0.0
TO-0198|||Invalid depth logic: top=0.0 >= bottom=0.0
TO-0199|||Invalid depth logic: top=0.0 >= bottom=0.0
TO-0200|||Invalid depth logic: top=0.0 >= bottom=0.0
TO-0201|||Invalid depth logic: top=0.0 >= bottom=0.0
TO-0202|||Invalid depth logic: top=0.0 >= bottom=0.0
TO-0203|||Invalid depth logic: top=0.0 >= bottom=0.0
TO-0204|||Invalid depth logic: top=0.0 >= bottom=0.0
TO-0205|||Invalid depth logic: top=0.0 >= bottom=0.0
TO-0206|||Invalid depth logic: top=0.0 >= bottom=0.0
TO-0207|||Invalid depth logic: top=0.0 >= bottom=0.0
TO-0208|||Invalid depth logic: top=0.0 >= bottom=0.0
TO-0209|||Invalid depth logic: top=0.0 >= bottom=0.0
TO-0210|||Invalid depth logic: top=0.0 >= bottom=0.0
TO-0211|||Invalid depth logic: top=0.0 >= bottom=0.0
TO-0212|||Invalid depth logic: top=0.0 >= bottom=0.0
TO-0213|||Invalid depth logic: top=0.0 >= bottom=0.0
TO-0214|||Invalid depth logic: top=0.0 >= bottom=0.0
TO-0215|||Invalid depth logic: top=0.0 >= bottom=0.0
TO-0216|||Invalid depth logic: top=0.0 >= bottom=0.0
TO-0217|||Invalid depth logic: top=0.0 >= bottom=0.0
TO-0218|||Invalid depth logic: top=0.0 >= bottom=0.0
TO-0219|||Invalid depth logic: top=0.0 >= bottom=0.0
TO-0220|||Invalid depth logic: top=0.0 >= bottom=0.0
TO-0221|||Invalid depth logic: top=0.0 >= bottom=0.0
TO-0222|||Invalid depth logic: top=0.0 >= bottom=0.0
TO-0223|||Invalid depth logic: top=0.0 >= bottom=0.0
TO-0224|||Invalid depth logic: top=0.0 >= bottom=0.0
TO-0225|||Invalid depth logic: top=0.0 >= bottom=0.0
TO-0226|||Invalid depth logic: top=0.0 >= bottom=0.0
TO-0227|||Invalid depth logic: top=0.0 >= bottom=0.0
TO-0228|||Invalid depth logic: top=0.0 >= bottom=0.0
TO-0229|||Invalid depth logic: top=0.0 >= bottom=0.0
TO-0230|||Invalid depth logic: top=0.0 >= bottom=0.0
TO-0231|||Invalid depth logic: top=0.0 >= bottom=0.0
TO-0232|||Invalid depth logic: top=0.0 >= bottom=0.0
TO-0233|||Invalid depth logic: top=0.0 >= bottom=0.0
TO-0234|||Invalid depth logic: top=0.0 >= bottom=0.0
TO-0235|||Invalid depth logic: top=0.0 >= bottom=0.0
TO-0236|||Invalid depth logic: top=0.0 >= bottom=0.0
TO-0237|||Invalid depth logic: top=0.0 >= bottom=0.0
TO-0238|||Invalid depth logic: top=0.0 >= bottom=0.0
TO-0239|||Invalid depth logic: top=0.0 >= bottom=0.0
TO-0240|||Invalid depth logic: top=0.0 >= bottom=0.0
TO-0241|||Invalid depth logic: top=0.0 >= bottom=0.0
TO-0242|||Invalid depth logic: top=0.0 >= bottom=0.0
TO-0243|||Invalid depth logic: top=0.0 >= bottom=0.0
TO-0244|||Invalid depth logic: top=0.0 >= bottom=0.0
TO-0245|||Invalid depth logic: top=0.0 >= bottom=0.0
TO-0246|||Invalid depth logic: top=0.0 >= bottom=0.0
TO-0247|||Invalid depth logic: top=0.0 >= bottom=0.0
TO-0248|||Invalid depth logic: top=0.0 >= bottom=0.0
TO-0249|||Invalid depth logic: top=0.0 >= bottom=0.0
TO-0250|||Invalid depth logic: top=0.0 >= bottom=0.0
TO-0251|||Invalid depth logic: top=0.0 >= bottom=0.0
TO-0252|||Invalid depth logic: top=0.0 >= bottom=0.0
TO-0253|||Invalid depth logic: top=0.0 >= bottom=0.0
TO-0254|||Invalid depth logic: top=0.0 >= bottom=0.0
TO-0255|||Invalid depth logic: top=0.0 >= bottom=0.0
TO-0256|||Invalid depth logic: top=0.0 >= bottom=0.0
TO-0257|||Invalid depth logic: top=0.0 >= bottom=0.0
TO-0258|||Invalid depth logic: top=0.0 >= bottom=0.0
TO-0259|||Invalid depth logic: top=0.0 >= bottom=0.0
TO-0260|||Invalid depth logic: top=0.0 >= bottom=0.0
TO-0261|||Invalid depth logic: top=0.0 >= bottom=0.0
TO-0262|||Invalid depth logic: top=0.0 >= bottom=0.0
TO-0263|||Invalid depth logic: top=0.0 >= bottom=0.0
TO-0264|||Invalid depth logic: top=0.0 >= bottom=0.0
TO-0265|||Invalid depth logic: top=0.0 >= bottom=0.0
TO-0266|||Invalid depth logic: top=0.0 >= bottom=0.0
TO-0267|||Invalid depth logic: top=0.0 >= bottom=0.0
TO-0268|||Invalid depth logic: top=0.0 >= bottom=0.0
TO-0269|||Invalid depth logic: top=0.0 >= bottom=0.0
TO-0270|||Invalid depth logic: top=0.0 >= bottom=0.0
TO-0271|||Invalid depth logic: top=0.0 >= bottom=0.0
TO-0272|||Invalid depth logic: top=0.0 >= bottom=0.0
TO-0273|||Invalid depth logic: top=0.0 >= bottom=0.0
TO-0274|||Invalid depth logic: top=0.0 >= bottom=0.0
TO-0275|||Invalid depth logic: top=0.0 >= bottom=0.0
TO-0276|||Invalid depth logic: top=0.0 >= bottom=0.0
TO-0277|||Invalid depth logic: top=0.0 >= bottom=0.0
TO-0278|||Invalid depth logic: top=0.0 >= bottom=0.0
TO-0279|||Invalid depth logic: top=0.0 >= bottom=0.0
TO-0280|||Invalid depth logic: top=0.0 >= bottom=0.0
TO-0281|||Invalid depth logic: top=0.0 >= bottom=0.0
TO-0282|||Invalid depth logic: top=0.0 >= bottom=0.0
TO-0283|||Invalid depth logic: top=0.0 >= bottom=0.0
TO-0284|||Invalid depth logic: top=0.0 >= bottom=0.0
TO-0285|||Invalid depth logic: top=0.0 >= bottom=0.0
TO-0286|||Invalid depth logic: top=0.0 >= bottom=0.0
TO-0287|||Invalid depth logic: top=0.0 >= bottom=0.0
TO-0288|||Invalid depth logic: top=0.0 >= bottom=0.0
TO-0289|||Invalid depth logic: top=0.0 >= bottom=0.0
TO-0290|||Invalid depth logic: top=0.0 >= bottom=0.0
TO-0291|||Invalid depth logic: top=0.0 >= bottom=0.0
TO-0292|||Invalid depth logic: top=0.0 >= bottom=0.0
TO-0293|||Invalid depth logic: top=0.0 >= bottom=0.0
TO-0294|||Invalid depth logic: top=0.0 >= bottom=0.0
TO-0295|||Invalid depth logic: top=0.0 >= bottom=0.0
TO-0296|||Invalid depth logic: top=0.0 >= bottom=0.0
TO-0297|||Invalid depth logic: top=0.0 >= bottom=0.0
TO-0298|||Invalid depth logic: top=0.0 >= bottom=0.0
TO-0299|||Invalid depth logic: top=0.0 >= bottom=0.0
TO-0300|||Invalid depth logic: top=0.0 >= bottom=0.0
TO-0301|||Invalid depth logic: top=0.0 >= bottom=0.0
TO-0302|||Invalid depth logic: top=0.0 >= bottom=0.0
TO-0303|||Invalid depth logic: top=0.0 >= bottom=0.0
TO-0304|||Invalid depth logic: top=0.0 >= bottom=0.0
TO-0305|||Invalid depth logic: top=0.0 >= bottom=0.0
TO-0306|||Invalid depth logic: top=0.0 >= bottom=0.0
TO-0307|||Invalid depth logic: top=0.0 >= bottom=0.0
TO-0308|||Invalid depth logic: top=0.0 >= bottom=0.0
TO-0309|||Invalid depth logic: top=0.0 >= bottom=0.0
TO-0310|||Invalid depth logic: top=0.0 >= bottom=0.0
TO-0311|||Invalid depth logic: top=0.0 >= bottom=0.0
TO-0312|||Invalid depth logic: top=0.0 >= bottom=0.0
TO-0313|||Invalid depth logic: top=0.0 >= bottom=0.0
TO-0314|||Invalid depth logic: top=0.0 >= bottom=0.0
TO-0315|||Invalid depth logic: top=0.0 >= bottom=0.0
TO-0316|||Invalid depth logic: top=0.0 >= bottom=0.0
TO-0317|||Invalid depth logic: top=0.0 >= bottom=0.0
TO-0318|||Invalid depth logic: top=0.0 >= bottom=0.0
TO-0319|||Invalid depth logic: top=0.0 >= bottom=0.0
TO-0320|||Invalid depth logic: top=0.0 >= bottom=0.0
TO-0321|||Invalid depth logic: top=0.0 >= bottom=0.0
TO-0322|||Invalid depth logic: top=0.0 >= bottom=0.0
TO-0323|||Invalid depth logic: top=0.0 >= bottom=0.0
TO-0324|||Invalid depth logic: top=0.0 >= bottom=0.0
TO-0325|||Invalid depth logic: top=0.0 >= bottom=0.0
TO-0326|||Invalid depth logic: top=0.0 >= bottom=0.0
TO-0327|||Invalid depth logic: top=0.0 >= bottom=0.0
TO-0328|||Invalid depth logic: top=0.0 >= bottom=0.0
TO-0329|||Invalid depth logic: top=0.0 >= bottom=0.0
TO-0330|||Invalid depth logic: top=0.0 >= bottom=0.0
TO-0331|||Invalid depth logic: top=0.0 >= bottom=0.0
TO-0332|||Invalid depth logic: top=0.0 >= bottom=0.0
TO-0333|||Invalid depth logic: top=0.0 >= bottom=0.0
TO-0334|||Invalid depth logic: top=0.0 >= bottom=0.0
TO-0335|||Invalid depth logic: top=0.0 >= bottom=0.0
TO-0336|||Invalid depth logic: top=0.0 >= bottom=0.0
TO-0337|||Invalid depth logic: top=0.0 >= bottom=0.0
TO-0338|||Invalid depth logic: top=0.0 >= bottom=0.0
TO-0339|||Invalid depth logic: top=0.0 >= bottom=0.0
TO-0340|||Invalid depth logic: top=0.0 >= bottom=0.0
TO-0341|||Invalid depth logic: top=0.0 >= bottom=0.0
TO-0342|||Invalid depth logic: top=0.0 >= bottom=0.0
TO-0343|||Invalid depth logic: top=0.0 >= bottom=0.0
TO-0344|||Invalid depth logic: top=0.0 >= bottom=0.0
TO-0345|||Invalid depth logic: top=0.0 >= bottom=0.0
TO-0346|||Invalid depth logic: top=0.0 >= bottom=0.0
TO-0347|||Invalid depth logic: top=0.0 >= bottom=0.0
TO-0348|||Invalid depth logic: top=0.0 >= bottom=0.0
TO-0349|||Invalid depth logic: top=0.0 >= bottom=0.0
TO-0350|||Invalid depth logic: top=0.0 >= bottom=0.0
TO-0351|||Invalid depth logic: top=0.0 >= bottom=0.0
TO-0352|||Invalid depth logic: top=0.0 >= bottom=0.0
