model|input_count|cleaned_count|transferred|issue_percentage
Well|38541|9887|9324|5.694346111054921
PointID|Table|Field|Error
AH-056|WellData|UnknownField|Validation Error: [{'type': 'float_type', 'loc': ('measuring_point_height',), 'msg': 'Input should be a valid number', 'input': None, 'url': 'https://errors.pydantic.dev/2.11/v/float_type'}]
AH-057|WellData|UnknownField|Validation Error: [{'type': 'float_type', 'loc': ('measuring_point_height',), 'msg': 'Input should be a valid number', 'input': None, 'url': 'https://errors.pydantic.dev/2.11/v/float_type'}]
AH-058|WellData|UnknownField|Validation Error: [{'type': 'float_type', 'loc': ('measuring_point_height',), 'msg': 'Input should be a valid number', 'input': None, 'url': 'https://errors.pydantic.dev/2.11/v/float_type'}]
AH-059|WellData|UnknownField|Validation Error: [{'type': 'float_type', 'loc': ('measuring_point_height',), 'msg': 'Input should be a valid number', 'input': None, 'url': 'https://errors.pydantic.dev/2.11/v/float_type'}]
AH-060|WellData|UnknownField|Validation Error: [{'type': 'float_type', 'loc': ('measuring_point_height',), 'msg': 'Input should be a valid number', 'input': None, 'url': 'https://errors.pydantic.dev/2.11/v/float_type'}]
AH-061|WellData|UnknownField|Validation Error: [{'type': 'float_type', 'loc': ('measuring_point_height',), 'msg': 'Input should be a valid number', 'input': None, 'url': 'https://errors.pydantic.dev/2.11/v/float_type'}]
AH-062|WellData|UnknownField|Validation Error: [{'type': 'float_type', 'loc': ('measuring_point_height',), 'msg': 'Input should be a valid number', 'input': None, 'url': 'https://errors.pydantic.dev/2.11/v/float_type'}]
AH-063|WellData|UnknownField|Validation Error: [{'type': 'float_type', 'loc': ('measuring_point_height',), 'msg': 'Input should be a valid number', 'input': None, 'url': 'https://errors.pydantic.dev/2.11/v/float_type'}]
AH-064|WellData|UnknownField|Validation Error: [{'type': 'float_type', 'loc': ('measuring_point_height',), 'msg': 'Input should be a valid number', 'input': None, 'url': 'https://errors.pydantic.dev/2.11/v/float_type'}]
AH-065|WellData|UnknownField|Validation Error: [{'type': 'float_type', 'loc': ('measuring_point_height',), 'msg': 'Input should be a valid number', 'input': None, 'url': 'https://errors.pydantic.dev/2.11/v/float_type'}]
AH-066|WellData|UnknownField|Validation Error: [{'type': 'float_type', 'loc': ('measuring_point_height',), 'msg': 'Input should be a valid number', 'input': None, 'url': 'https://errors.pydantic.dev/2.11/v/float_type'}]
AH-067|WellData|UnknownField|Validation Error: [{'type': 'float_type', 'loc': ('measuring_point_height',), 'msg': 'Input should be a valid number', 'input': None, 'url': 'https://errors.pydantic.dev/2.11/v/float_type'}]
AH-068|WellData|UnknownField|Validation Error: [{'type': 'float_type', 'loc': ('measuring_point_height',), 'msg': 'Input should be a valid number', 'input': None, 'url': 'https://errors.pydantic.dev/2.11/v/float_type'}]
AH-069|WellData|UnknownField|Validation Error: [{'type': 'float_type', 'loc': ('measuring_point_height',), 'msg': 'Input should be a valid number', 'input': None, 'url': 'https://errors.pydantic.dev/2.11/v/float_type'}]
AH-070|WellData|UnknownField|Validation Error: [{'type': 'float_type', 'loc': ('measuring_point_height',), 'msg': 'Input should be a valid number', 'input': None, 'url': 'https://errors.pydantic.dev/2.11/v/float_type'}]
AH-071|WellData|UnknownField|Validation Error: [{'type': 'float_type', 'loc': ('measuring_point_height',), 'msg': 'Input should be a valid number', 'input': None, 'url': 'https://errors.pydantic.dev/2.11/v/float_type'}]
AH-072|WellData|UnknownField|Validation Error: [{'type': 'float_type', 'loc': ('measuring_point_height',), 'msg': 'Input should be a valid number', 'input': None, 'url': 'https://errors.pydantic.dev/2.11/v/float_type'}]
AH-073|WellData|UnknownField|Validation Error: [{'type': 'float_type', 'loc': ('measuring_point_height',), 'msg': 'Input should be a valid number', 'input': None, 'url': 'https://errors.pydantic.dev/2.11/v/float_type'}]
AH-074|WellData|UnknownField|Validation Error: [{'type': 'float_type', 'loc': ('measuring_point_height',), 'msg': 'Input should be a valid number', 'input': None, 'url': 'https://errors.pydantic.dev/2.11/v/float_type'}]
AH-075|WellData|UnknownField|Validation Error: [{'type': 'float_type', 'loc': ('measuring_point_height',), 'msg': 'Input should be a valid number', 'input': None, 'url': 'https://errors.pydantic.dev/2.11/v/float_type'}]
AH-076|WellData|UnknownField|Validation Error: [{'type': 'float_type', 'loc': ('measuring_point_height',), 'msg': 'Input should be a valid number', 'input': None, 'url': 'https://errors.pydantic.dev/2.11/v/float_type'}]
AH-077|WellData|UnknownField|Validation Error: [{'type': 'float_type', 'loc': ('measuring_point_height',), 'msg': 'Input should be a valid number', 'input': None, 'url': 'https://errors.pydantic.dev/2.11/v/float_type'}]
AH-078|WellData|UnknownField|Validation Error: [{'type': 'float_type', 'loc': ('measuring_point_height',), 'msg': 'Input should be a valid number', 'input': None, 'url': 'https://errors.pydantic.dev/2.11/v/float_type'}]
AH-079|WellData|UnknownField|Validation Error: [{'type': 'float_type', 'loc': ('measuring_point_height',), 'msg': 'Input should be a valid number', 'input': None, 'url': 'https://errors.pydantic.dev/2.11/v/float_type'}]
AH-080|WellData|UnknownField|Validation Error: [{'type': 'float_type', 'loc': ('measuring_point_height',), 'msg': 'Input should be a valid number', 'input': None, 'url': 'https://errors.pydantic.dev/2.11/v/float_type'}]
AH-081|WellData|UnknownField|Validation Error: [{'type': 'float_type', 'loc': ('measuring_point_height',), 'msg': 'Input should be a valid number', 'input': None, 'url': 'https://errors.pydantic.dev/2.11/v/float_type'}]
AH-082|WellData|UnknownField|Validation Error: [{'type': 'float_type', 'loc': ('measuring_point_height',), 'msg': 'Input should be a valid number', 'input': None, 'url': 'https://errors.pydantic.dev/2.11/v/float_type'}]
AH-083|WellData|UnknownField|Validation Error: [{'type': 'float_type', 'loc': ('measuring_point_height',), 'msg': 'Input should be a valid number', 'input': None, 'url': 'https://errors.pydantic.dev/2.11/v/float_type'}]
AH-084|WellData|UnknownField|Validation Error: [{'type': 'float_type', 'loc': ('measuring_point_height',), 'msg': 'Input should be a valid number', 'input': None, 'url': 'https://errors.pydantic.dev/2.11/v/float_type'}]
AH-085|WellData|UnknownField|Validation Error: [{'type': 'float_type', 'loc': ('measuring_point_height',), 'msg': 'Input should be a valid number', 'input': None, 'url': 'https://errors.pydantic.dev/2.11/v/float_type'}]
AH-086|WellData|UnknownField|Validation Error: [{'type': 'float_type', 'loc': ('measuring_point_height',), 'msg': 'Input should be a valid number', 'input': None, 'url': 'https://errors.pydantic.dev/2.11/v/float_type'}]
AH-087|WellData|UnknownField|Validation Error: [{'type': 'float_type', 'loc': ('measuring_point_height',), 'msg': 'Input should be a valid number', 'input': None, 'url': 'https://errors.pydantic.dev/2.11/v/float_type'}]
AH-088|WellData|UnknownField|Validation Error: [{'type': 'float_type', 'loc': ('measuring_point_height',), 'msg': 'Input should be a valid number', 'input': None, 'url': 'https://errors.pydantic.dev/2.11/v/float_type'}]
AH-089|WellData|UnknownField|Validation Error: [{'type': 'float_type', 'loc': ('measuring_point_height',), 'msg': 'Input should be a valid number', 'input': None, 'url': 'https://errors.pydantic.dev/2.11/v/float_type'}]
AH-090|WellData|UnknownField|Validation Error: [{'type': 'float_type', 'loc': ('measuring_point_height',), 'msg': 'Input should be a valid number', 'input': None, 'url': 'https://errors.pydantic.dev/2.11/v/float_type'}]
AH-091|WellData|UnknownField|Validation Error: [{'type': 'float_type', 'loc': ('measuring_point_height',), 'msg': 'Input should be a valid number', 'input': None, 'url': 'https://errors.pydantic.dev/2.11/v/float_type'}]
AH-092|WellData|UnknownField|Validation Error: [{'type': 'float_type', 'loc': ('measuring_point_height',), 'msg': 'Input should be a valid number', 'input': None, 'url': 'https://errors.pydantic.dev/2.11/v/float_type'}]
AH-093|WellData|UnknownField|Validation Error: [{'type': 'float_type', 'loc': ('measuring_point_height',), 'msg': 'Input should be a valid number', 'input': None, 'url': 'https://errors.pydantic.dev/2.11/v/float_type'}]
AH-094|WellData|UnknownField|Validation Error: [{'type': 'float_type', 'loc': ('measuring_point_height',), 'msg': 'Input should be a valid number', 'input': None, 'url': 'https://errors.pydantic.dev/2.11/v/float_type'}]
AH-096|WellData|UnknownField|Validation Error: [{'type': 'float_type', 'loc': ('measuring_point_height',), 'msg': 'Input should be a valid number', 'input': None, 'url': 'https://errors.pydantic.dev/2.11/v/float_type'}]
AH-097|WellData|UnknownField|Validation Error: [{'type': 'float_type', 'loc': ('measuring_point_height',), 'msg': 'Input should be a valid number', 'input': None, 'url': 'https://errors.pydantic.dev/2.11/v/float_type'}]
AH-098|WellData|UnknownField|Validation Error: [{'type': 'float_type', 'loc': ('measuring_point_height',), 'msg': 'Input should be a valid number', 'input': None, 'url': 'https://errors.pydantic.dev/2.11/v/float_type'}]
AH-099|WellData|UnknownField|Validation Error: [{'type': 'float_type', 'loc': ('measuring_point_height',), 'msg': 'Input should be a valid number', 'input': None, 'url': 'https://errors.pydantic.dev/2.11/v/float_type'}]
AH-100|WellData|UnknownField|Validation Error: [{'type': 'float_type', 'loc': ('measuring_point_height',), 'msg': 'Input should be a valid number', 'input': None, 'url': 'https://errors.pydantic.dev/2.11/v/float_type'}]
AH-101|WellData|UnknownField|Validation Error: [{'type': 'float_type', 'loc': ('measuring_point_height',), 'msg': 'Input should be a valid number', 'input': None, 'url': 'https://errors.pydantic.dev/2.11/v/float_type'}]
AH-102|WellData|UnknownField|Validation Error: [{'type': 'float_type', 'loc': ('measuring_point_height',), 'msg': 'Input should be a valid number', 'input': None, 'url': 'https://errors.pydantic.dev/2.11/v/float_type'}]
AH-103|WellData|UnknownField|Validation Error: [{'type': 'float_type', 'loc': ('measuring_point_height',), 'msg': 'Input should be a valid number', 'input': None, 'url': 'https://errors.pydantic.dev/2.11/v/float_type'}]
AH-104|WellData|UnknownField|Validation Error: [{'type': 'float_type', 'loc': ('measuring_point_height',), 'msg': 'Input should be a valid number', 'input': None, 'url': 'https://errors.pydantic.dev/2.11/v/float_type'}]
AH-105|WellData|UnknownField|Validation Error: [{'type': 'float_type', 'loc': ('measuring_point_height',), 'msg': 'Input should be a valid number', 'input': None, 'url': 'https://errors.pydantic.dev/2.11/v/float_type'}]
AH-106|WellData|UnknownField|Validation Error: [{'type': 'float_type', 'loc': ('measuring_point_height',), 'msg': 'Input should be a valid number', 'input': None, 'url': 'https://errors.pydantic.dev/2.11/v/float_type'}]
AH-107|WellData|UnknownField|Validation Error: [{'type': 'float_type', 'loc': ('measuring_point_height',), 'msg': 'Input should be a valid number', 'input': None, 'url': 'https://errors.pydantic.dev/2.11/v/float_type'}]
AH-108|WellData|UnknownField|Validation Error: [{'type': 'float_type', 'loc': ('measuring_point_height',), 'msg': 'Input should be a valid number', 'input': None, 'url': 'https://errors.pydantic.dev/2.11/v/float_type'}]
AH-109|WellData|UnknownField|Validation Error: [{'type': 'float_type', 'loc': ('measuring_point_height',), 'msg': 'Input should be a valid number', 'input': None, 'url': 'https://errors.pydantic.dev/2.11/v/float_type'}]
AR-0049|WellData|UnknownField|Validation Error: [{'type': 'value_error', 'loc': (), 'msg': 'Value error, well casing depth must be less than or equal to hole depth', 'input': {'location_id': 0, 'name': 'AR-0049', 'first_visit_date': datetime.date(2015, 8, 20), 'hole_depth': 49.0, 'well_depth': 49.0, 'well_casing_diameter': 6.959999999999999, 'well_casing_depth': 51.0, 'release_status': 'public', 'measuring_point_height': 0.13, 'measuring_point_description': 'TOC', 'notes': [], 'well_completion_date': '2002-03-03 00:00:00.000', 'well_driller_name': 'William Hargis', 'well_construction_method': 'Air-Rotary', 'well_pump_type': 'Submersible', 'is_suitable_for_datalogger': False}, 'ctx': {'error': ValueError('well casing depth must be less than or equal to hole depth')}, 'url': 'https://errors.pydantic.dev/2.11/v/value_error'}]
AR-0117|WellData|UnknownField|Validation Error: [{'type': 'float_type', 'loc': ('measuring_point_height',), 'msg': 'Input should be a valid number', 'input': None, 'url': 'https://errors.pydantic.dev/2.11/v/float_type'}]
AR-0119|WellData|UnknownField|Validation Error: [{'type': 'float_type', 'loc': ('measuring_point_height',), 'msg': 'Input should be a valid number', 'input': None, 'url': 'https://errors.pydantic.dev/2.11/v/float_type'}]
AR-0120|WellData|UnknownField|"Validation Error: [{'type': 'value_error', 'loc': (), 'msg': 'Value error, well casing depth must be less than or equal to hole depth', 'input': {'location_id': 0, 'name': 'AR-0120', 'first_visit_date': datetime.date(2015, 11, 9), 'hole_depth': 27.0, 'well_depth': 27.0, 'well_casing_diameter': 6.0, 'well_casing_depth': 29.0, 'release_status': 'public', 'measuring_point_height': 2.05, 'measuring_point_description': 'TOC; cap is split', 'notes': [{'content': 'Call for appointment. If Williams are not home, they can arrange to have someone there.', 'note_type': 'General'}], 'well_completion_date': '1995-06-02 00:00:00.000', 'well_driller_name': ""McDonald's Well Drilling"", 'well_construction_method': 'Cable-tool', 'well_pump_type': 'Submersible', 'is_suitable_for_datalogger': False}, 'ctx': {'error': ValueError('well casing depth must be less than or equal to hole depth')}, 'url': 'https://errors.pydantic.dev/2.11/v/value_error'}]"
AR-0121|WellData|UnknownField|Validation Error: [{'type': 'float_type', 'loc': ('measuring_point_height',), 'msg': 'Input should be a valid number', 'input': None, 'url': 'https://errors.pydantic.dev/2.11/v/float_type'}]
AR-0123|WellData|UnknownField|Validation Error: [{'type': 'float_type', 'loc': ('measuring_point_height',), 'msg': 'Input should be a valid number', 'input': None, 'url': 'https://errors.pydantic.dev/2.11/v/float_type'}]
AR-0125|WellData|UnknownField|Validation Error: [{'type': 'float_type', 'loc': ('measuring_point_height',), 'msg': 'Input should be a valid number', 'input': None, 'url': 'https://errors.pydantic.dev/2.11/v/float_type'}]
AR-0126|WellData|UnknownField|Validation Error: [{'type': 'float_type', 'loc': ('measuring_point_height',), 'msg': 'Input should be a valid number', 'input': None, 'url': 'https://errors.pydantic.dev/2.11/v/float_type'}]
AR-0127|WellData|UnknownField|Validation Error: [{'type': 'float_type', 'loc': ('measuring_point_height',), 'msg': 'Input should be a valid number', 'input': None, 'url': 'https://errors.pydantic.dev/2.11/v/float_type'}]
AR-0128|WellData|UnknownField|Validation Error: [{'type': 'float_type', 'loc': ('measuring_point_height',), 'msg': 'Input should be a valid number', 'input': None, 'url': 'https://errors.pydantic.dev/2.11/v/float_type'}]
AR-0129|WellData|UnknownField|Validation Error: [{'type': 'float_type', 'loc': ('measuring_point_height',), 'msg': 'Input should be a valid number', 'input': None, 'url': 'https://errors.pydantic.dev/2.11/v/float_type'}]
AR-0130|WellData|UnknownField|Validation Error: [{'type': 'float_type', 'loc': ('measuring_point_height',), 'msg': 'Input should be a valid number', 'input': None, 'url': 'https://errors.pydantic.dev/2.11/v/float_type'}]
AR-0132|WellData|UnknownField|Validation Error: [{'type': 'float_type', 'loc': ('measuring_point_height',), 'msg': 'Input should be a valid number', 'input': None, 'url': 'https://errors.pydantic.dev/2.11/v/float_type'}]
AR-0136|WellData|UnknownField|Validation Error: [{'type': 'float_type', 'loc': ('measuring_point_height',), 'msg': 'Input should be a valid number', 'input': None, 'url': 'https://errors.pydantic.dev/2.11/v/float_type'}]
AR-0137|WellData|UnknownField|Validation Error: [{'type': 'float_type', 'loc': ('measuring_point_height',), 'msg': 'Input should be a valid number', 'input': None, 'url': 'https://errors.pydantic.dev/2.11/v/float_type'}]
AR-0138|WellData|UnknownField|Validation Error: [{'type': 'float_type', 'loc': ('measuring_point_height',), 'msg': 'Input should be a valid number', 'input': None, 'url': 'https://errors.pydantic.dev/2.11/v/float_type'}]
AR-0139|WellData|UnknownField|Validation Error: [{'type': 'float_type', 'loc': ('measuring_point_height',), 'msg': 'Input should be a valid number', 'input': None, 'url': 'https://errors.pydantic.dev/2.11/v/float_type'}]
AR-0140|WellData|UnknownField|Validation Error: [{'type': 'float_type', 'loc': ('measuring_point_height',), 'msg': 'Input should be a valid number', 'input': None, 'url': 'https://errors.pydantic.dev/2.11/v/float_type'}]
AR-0141|WellData|UnknownField|Validation Error: [{'type': 'float_type', 'loc': ('measuring_point_height',), 'msg': 'Input should be a valid number', 'input': None, 'url': 'https://errors.pydantic.dev/2.11/v/float_type'}]
AR-0142|WellData|UnknownField|Validation Error: [{'type': 'float_type', 'loc': ('measuring_point_height',), 'msg': 'Input should be a valid number', 'input': None, 'url': 'https://errors.pydantic.dev/2.11/v/float_type'}]
AR-0145|WellData|UnknownField|Validation Error: [{'type': 'float_type', 'loc': ('measuring_point_height',), 'msg': 'Input should be a valid number', 'input': None, 'url': 'https://errors.pydantic.dev/2.11/v/float_type'}]
AR-0146|WellData|UnknownField|Validation Error: [{'type': 'float_type', 'loc': ('measuring_point_height',), 'msg': 'Input should be a valid number', 'input': None, 'url': 'https://errors.pydantic.dev/2.11/v/float_type'}]
AR-0147|WellData|UnknownField|Validation Error: [{'type': 'float_type', 'loc': ('measuring_point_height',), 'msg': 'Input should be a valid number', 'input': None, 'url': 'https://errors.pydantic.dev/2.11/v/float_type'}]
AR-0149|WellData|UnknownField|Validation Error: [{'type': 'float_type', 'loc': ('measuring_point_height',), 'msg': 'Input should be a valid number', 'input': None, 'url': 'https://errors.pydantic.dev/2.11/v/float_type'}]
AR-0150|WellData|UnknownField|Validation Error: [{'type': 'float_type', 'loc': ('measuring_point_height',), 'msg': 'Input should be a valid number', 'input': None, 'url': 'https://errors.pydantic.dev/2.11/v/float_type'}]
AR-0152|WellData|UnknownField|Validation Error: [{'type': 'float_type', 'loc': ('measuring_point_height',), 'msg': 'Input should be a valid number', 'input': None, 'url': 'https://errors.pydantic.dev/2.11/v/float_type'}]
AR-0153|WellData|UnknownField|Validation Error: [{'type': 'float_type', 'loc': ('measuring_point_height',), 'msg': 'Input should be a valid number', 'input': None, 'url': 'https://errors.pydantic.dev/2.11/v/float_type'}]
AR-0154|WellData|UnknownField|Validation Error: [{'type': 'float_type', 'loc': ('measuring_point_height',), 'msg': 'Input should be a valid number', 'input': None, 'url': 'https://errors.pydantic.dev/2.11/v/float_type'}]
AR-0155|WellData|UnknownField|Validation Error: [{'type': 'float_type', 'loc': ('measuring_point_height',), 'msg': 'Input should be a valid number', 'input': None, 'url': 'https://errors.pydantic.dev/2.11/v/float_type'}]
AR-0157|WellData|UnknownField|Validation Error: [{'type': 'float_type', 'loc': ('measuring_point_height',), 'msg': 'Input should be a valid number', 'input': None, 'url': 'https://errors.pydantic.dev/2.11/v/float_type'}]
AR-0158|WellData|UnknownField|Validation Error: [{'type': 'float_type', 'loc': ('measuring_point_height',), 'msg': 'Input should be a valid number', 'input': None, 'url': 'https://errors.pydantic.dev/2.11/v/float_type'}]
AR-0159|WellData|UnknownField|Validation Error: [{'type': 'float_type', 'loc': ('measuring_point_height',), 'msg': 'Input should be a valid number', 'input': None, 'url': 'https://errors.pydantic.dev/2.11/v/float_type'}]
AR-0160|WellData|UnknownField|Validation Error: [{'type': 'float_type', 'loc': ('measuring_point_height',), 'msg': 'Input should be a valid number', 'input': None, 'url': 'https://errors.pydantic.dev/2.11/v/float_type'}]
AR-0163|WellData|UnknownField|Validation Error: [{'type': 'float_type', 'loc': ('measuring_point_height',), 'msg': 'Input should be a valid number', 'input': None, 'url': 'https://errors.pydantic.dev/2.11/v/float_type'}]
AR-0164|WellData|UnknownField|Validation Error: [{'type': 'float_type', 'loc': ('measuring_point_height',), 'msg': 'Input should be a valid number', 'input': None, 'url': 'https://errors.pydantic.dev/2.11/v/float_type'}]
AR-0165|WellData|UnknownField|Validation Error: [{'type': 'float_type', 'loc': ('measuring_point_height',), 'msg': 'Input should be a valid number', 'input': None, 'url': 'https://errors.pydantic.dev/2.11/v/float_type'}]
AR-0166|WellData|UnknownField|Validation Error: [{'type': 'float_type', 'loc': ('measuring_point_height',), 'msg': 'Input should be a valid number', 'input': None, 'url': 'https://errors.pydantic.dev/2.11/v/float_type'}]
AR-0167|WellData|UnknownField|Validation Error: [{'type': 'float_type', 'loc': ('measuring_point_height',), 'msg': 'Input should be a valid number', 'input': None, 'url': 'https://errors.pydantic.dev/2.11/v/float_type'}]
AR-0168|WellData|UnknownField|Validation Error: [{'type': 'float_type', 'loc': ('measuring_point_height',), 'msg': 'Input should be a valid number', 'input': None, 'url': 'https://errors.pydantic.dev/2.11/v/float_type'}]
AR-0170|WellData|UnknownField|Validation Error: [{'type': 'float_type', 'loc': ('measuring_point_height',), 'msg': 'Input should be a valid number', 'input': None, 'url': 'https://errors.pydantic.dev/2.11/v/float_type'}]
AR-0171|WellData|UnknownField|Validation Error: [{'type': 'float_type', 'loc': ('measuring_point_height',), 'msg': 'Input should be a valid number', 'input': None, 'url': 'https://errors.pydantic.dev/2.11/v/float_type'}]
AR-0172|WellData|UnknownField|Validation Error: [{'type': 'float_type', 'loc': ('measuring_point_height',), 'msg': 'Input should be a valid number', 'input': None, 'url': 'https://errors.pydantic.dev/2.11/v/float_type'}]
AR-0174|WellData|UnknownField|Validation Error: [{'type': 'float_type', 'loc': ('measuring_point_height',), 'msg': 'Input should be a valid number', 'input': None, 'url': 'https://errors.pydantic.dev/2.11/v/float_type'}]
AR-0175|WellData|UnknownField|Validation Error: [{'type': 'float_type', 'loc': ('measuring_point_height',), 'msg': 'Input should be a valid number', 'input': None, 'url': 'https://errors.pydantic.dev/2.11/v/float_type'}]
AR-0176|WellData|UnknownField|Validation Error: [{'type': 'float_type', 'loc': ('measuring_point_height',), 'msg': 'Input should be a valid number', 'input': None, 'url': 'https://errors.pydantic.dev/2.11/v/float_type'}]
AR-0177|WellData|UnknownField|Validation Error: [{'type': 'float_type', 'loc': ('measuring_point_height',), 'msg': 'Input should be a valid number', 'input': None, 'url': 'https://errors.pydantic.dev/2.11/v/float_type'}]
AR-0178|WellData|UnknownField|Validation Error: [{'type': 'float_type', 'loc': ('measuring_point_height',), 'msg': 'Input should be a valid number', 'input': None, 'url': 'https://errors.pydantic.dev/2.11/v/float_type'}]
AR-0179|WellData|UnknownField|Validation Error: [{'type': 'float_type', 'loc': ('measuring_point_height',), 'msg': 'Input should be a valid number', 'input': None, 'url': 'https://errors.pydantic.dev/2.11/v/float_type'}]
AR-0180|WellData|UnknownField|Validation Error: [{'type': 'float_type', 'loc': ('measuring_point_height',), 'msg': 'Input should be a valid number', 'input': None, 'url': 'https://errors.pydantic.dev/2.11/v/float_type'}]
AR-0182|WellData|UnknownField|Validation Error: [{'type': 'float_type', 'loc': ('measuring_point_height',), 'msg': 'Input should be a valid number', 'input': None, 'url': 'https://errors.pydantic.dev/2.11/v/float_type'}]
AR-0183|WellData|UnknownField|Validation Error: [{'type': 'float_type', 'loc': ('measuring_point_height',), 'msg': 'Input should be a valid number', 'input': None, 'url': 'https://errors.pydantic.dev/2.11/v/float_type'}]
AR-0184|WellData|UnknownField|Validation Error: [{'type': 'float_type', 'loc': ('measuring_point_height',), 'msg': 'Input should be a valid number', 'input': None, 'url': 'https://errors.pydantic.dev/2.11/v/float_type'}]
AR-0185|WellData|UnknownField|Validation Error: [{'type': 'float_type', 'loc': ('measuring_point_height',), 'msg': 'Input should be a valid number', 'input': None, 'url': 'https://errors.pydantic.dev/2.11/v/float_type'}]
AR-0186|WellData|UnknownField|Validation Error: [{'type': 'float_type', 'loc': ('measuring_point_height',), 'msg': 'Input should be a valid number', 'input': None, 'url': 'https://errors.pydantic.dev/2.11/v/float_type'}]
AR-0188|WellData|UnknownField|Validation Error: [{'type': 'float_type', 'loc': ('measuring_point_height',), 'msg': 'Input should be a valid number', 'input': None, 'url': 'https://errors.pydantic.dev/2.11/v/float_type'}]
AR-0189|WellData|UnknownField|Validation Error: [{'type': 'float_type', 'loc': ('measuring_point_height',), 'msg': 'Input should be a valid number', 'input': None, 'url': 'https://errors.pydantic.dev/2.11/v/float_type'}]
AR-0191|WellData|UnknownField|Validation Error: [{'type': 'float_type', 'loc': ('measuring_point_height',), 'msg': 'Input should be a valid number', 'input': None, 'url': 'https://errors.pydantic.dev/2.11/v/float_type'}]
AR-0192|WellData|UnknownField|Validation Error: [{'type': 'float_type', 'loc': ('measuring_point_height',), 'msg': 'Input should be a valid number', 'input': None, 'url': 'https://errors.pydantic.dev/2.11/v/float_type'}]
AR-0193|WellData|UnknownField|Validation Error: [{'type': 'float_type', 'loc': ('measuring_point_height',), 'msg': 'Input should be a valid number', 'input': None, 'url': 'https://errors.pydantic.dev/2.11/v/float_type'}]
AR-0194|WellData|UnknownField|Validation Error: [{'type': 'float_type', 'loc': ('measuring_point_height',), 'msg': 'Input should be a valid number', 'input': None, 'url': 'https://errors.pydantic.dev/2.11/v/float_type'}]
AR-0195|WellData|UnknownField|Validation Error: [{'type': 'float_type', 'loc': ('measuring_point_height',), 'msg': 'Input should be a valid number', 'input': None, 'url': 'https://errors.pydantic.dev/2.11/v/float_type'}]
AR-0196|WellData|UnknownField|Validation Error: [{'type': 'float_type', 'loc': ('measuring_point_height',), 'msg': 'Input should be a valid number', 'input': None, 'url': 'https://errors.pydantic.dev/2.11/v/float_type'}]
AR-0197|WellData|UnknownField|Validation Error: [{'type': 'float_type', 'loc': ('measuring_point_height',), 'msg': 'Input should be a valid number', 'input': None, 'url': 'https://errors.pydantic.dev/2.11/v/float_type'}]
AR-0198|WellData|UnknownField|Validation Error: [{'type': 'float_type', 'loc': ('measuring_point_height',), 'msg': 'Input should be a valid number', 'input': None, 'url': 'https://errors.pydantic.dev/2.11/v/float_type'}]
AR-0199|WellData|UnknownField|Validation Error: [{'type': 'float_type', 'loc': ('measuring_point_height',), 'msg': 'Input should be a valid number', 'input': None, 'url': 'https://errors.pydantic.dev/2.11/v/float_type'}]
AR-0200|WellData|UnknownField|Validation Error: [{'type': 'float_type', 'loc': ('measuring_point_height',), 'msg': 'Input should be a valid number', 'input': None, 'url': 'https://errors.pydantic.dev/2.11/v/float_type'}]
AR-0201|WellData|UnknownField|Validation Error: [{'type': 'float_type', 'loc': ('measuring_point_height',), 'msg': 'Input should be a valid number', 'input': None, 'url': 'https://errors.pydantic.dev/2.11/v/float_type'}]
AR-0202|WellData|UnknownField|Validation Error: [{'type': 'float_type', 'loc': ('measuring_point_height',), 'msg': 'Input should be a valid number', 'input': None, 'url': 'https://errors.pydantic.dev/2.11/v/float_type'}]
AR-0203|WellData|UnknownField|Validation Error: [{'type': 'float_type', 'loc': ('measuring_point_height',), 'msg': 'Input should be a valid number', 'input': None, 'url': 'https://errors.pydantic.dev/2.11/v/float_type'}]
AR-0204|WellData|UnknownField|Validation Error: [{'type': 'float_type', 'loc': ('measuring_point_height',), 'msg': 'Input should be a valid number', 'input': None, 'url': 'https://errors.pydantic.dev/2.11/v/float_type'}]
AR-0205|WellData|UnknownField|Validation Error: [{'type': 'float_type', 'loc': ('measuring_point_height',), 'msg': 'Input should be a valid number', 'input': None, 'url': 'https://errors.pydantic.dev/2.11/v/float_type'}]
AR-0206|WellData|UnknownField|Validation Error: [{'type': 'float_type', 'loc': ('measuring_point_height',), 'msg': 'Input should be a valid number', 'input': None, 'url': 'https://errors.pydantic.dev/2.11/v/float_type'}]
AR-0215|WellData|UnknownField|Validation Error: [{'type': 'float_type', 'loc': ('measuring_point_height',), 'msg': 'Input should be a valid number', 'input': None, 'url': 'https://errors.pydantic.dev/2.11/v/float_type'}]
AR-0236|WellData|UnknownField|Validation Error: [{'type': 'float_type', 'loc': ('measuring_point_height',), 'msg': 'Input should be a valid number', 'input': None, 'url': 'https://errors.pydantic.dev/2.11/v/float_type'}]
AS-066|WellData|UnknownField|"Validation Error: [{'type': 'value_error', 'loc': (), 'msg': 'Value error, well casing depth must be less than or equal to hole depth', 'input': {'location_id': 0, 'name': 'AS-066', 'first_visit_date': datetime.date(2014, 6, 10), 'hole_depth': 232.0, 'well_depth': 232.0, 'well_casing_diameter': 4.5600000000000005, 'well_casing_depth': 323.0, 'release_status': 'public', 'measuring_point_height': 0.0, 'measuring_point_description': ""MP Hgt from report w/water levels reported bgs. Actual MP hgt may not be 0.0'."", 'notes': [], 'well_completion_date': '1995-10-05 00:00:00.000', 'well_driller_name': 'J.H. Mahoney Construction', 'well_construction_method': 'Air-Rotary', 'well_pump_type': None, 'is_suitable_for_datalogger': False}, 'ctx': {'error': ValueError('well casing depth must be less than or equal to hole depth')}, 'url': 'https://errors.pydantic.dev/2.11/v/value_error'}]"
BC-0367|WellData|UnknownField|Validation Error: [{'type': 'float_type', 'loc': ('measuring_point_height',), 'msg': 'Input should be a valid number', 'input': None, 'url': 'https://errors.pydantic.dev/2.11/v/float_type'}]
CP-0001|WellData|UnknownField|Validation Error: [{'type': 'float_type', 'loc': ('measuring_point_height',), 'msg': 'Input should be a valid number', 'input': None, 'url': 'https://errors.pydantic.dev/2.11/v/float_type'}]
CP-0002|WellData|UnknownField|Validation Error: [{'type': 'float_type', 'loc': ('measuring_point_height',), 'msg': 'Input should be a valid number', 'input': None, 'url': 'https://errors.pydantic.dev/2.11/v/float_type'}]
CP-0003|WellData|UnknownField|Validation Error: [{'type': 'float_type', 'loc': ('measuring_point_height',), 'msg': 'Input should be a valid number', 'input': None, 'url': 'https://errors.pydantic.dev/2.11/v/float_type'}]
CP-0004|WellData|UnknownField|Validation Error: [{'type': 'float_type', 'loc': ('measuring_point_height',), 'msg': 'Input should be a valid number', 'input': None, 'url': 'https://errors.pydantic.dev/2.11/v/float_type'}]
CP-0005|WellData|UnknownField|Validation Error: [{'type': 'float_type', 'loc': ('measuring_point_height',), 'msg': 'Input should be a valid number', 'input': None, 'url': 'https://errors.pydantic.dev/2.11/v/float_type'}]
CP-0006|WellData|UnknownField|Validation Error: [{'type': 'float_type', 'loc': ('measuring_point_height',), 'msg': 'Input should be a valid number', 'input': None, 'url': 'https://errors.pydantic.dev/2.11/v/float_type'}]
CP-0007|WellData|UnknownField|Validation Error: [{'type': 'float_type', 'loc': ('measuring_point_height',), 'msg': 'Input should be a valid number', 'input': None, 'url': 'https://errors.pydantic.dev/2.11/v/float_type'}]
CP-0008|WellData|UnknownField|Validation Error: [{'type': 'float_type', 'loc': ('measuring_point_height',), 'msg': 'Input should be a valid number', 'input': None, 'url': 'https://errors.pydantic.dev/2.11/v/float_type'}]
CP-0009|WellData|UnknownField|Validation Error: [{'type': 'float_type', 'loc': ('measuring_point_height',), 'msg': 'Input should be a valid number', 'input': None, 'url': 'https://errors.pydantic.dev/2.11/v/float_type'}]
CP-0010|WellData|UnknownField|Validation Error: [{'type': 'float_type', 'loc': ('measuring_point_height',), 'msg': 'Input should be a valid number', 'input': None, 'url': 'https://errors.pydantic.dev/2.11/v/float_type'}]
CP-0011|WellData|UnknownField|Validation Error: [{'type': 'float_type', 'loc': ('measuring_point_height',), 'msg': 'Input should be a valid number', 'input': None, 'url': 'https://errors.pydantic.dev/2.11/v/float_type'}]
CP-0012|WellData|UnknownField|Validation Error: [{'type': 'float_type', 'loc': ('measuring_point_height',), 'msg': 'Input should be a valid number', 'input': None, 'url': 'https://errors.pydantic.dev/2.11/v/float_type'}]
CP-0013|WellData|UnknownField|Validation Error: [{'type': 'float_type', 'loc': ('measuring_point_height',), 'msg': 'Input should be a valid number', 'input': None, 'url': 'https://errors.pydantic.dev/2.11/v/float_type'}]
CP-0014|WellData|UnknownField|Validation Error: [{'type': 'float_type', 'loc': ('measuring_point_height',), 'msg': 'Input should be a valid number', 'input': None, 'url': 'https://errors.pydantic.dev/2.11/v/float_type'}]
CP-0015|WellData|UnknownField|Validation Error: [{'type': 'float_type', 'loc': ('measuring_point_height',), 'msg': 'Input should be a valid number', 'input': None, 'url': 'https://errors.pydantic.dev/2.11/v/float_type'}]
CP-0016|WellData|UnknownField|Validation Error: [{'type': 'float_type', 'loc': ('measuring_point_height',), 'msg': 'Input should be a valid number', 'input': None, 'url': 'https://errors.pydantic.dev/2.11/v/float_type'}]
CP-0021|WellData|UnknownField|Validation Error: [{'type': 'float_type', 'loc': ('measuring_point_height',), 'msg': 'Input should be a valid number', 'input': None, 'url': 'https://errors.pydantic.dev/2.11/v/float_type'}]
CP-0022|WellData|UnknownField|Validation Error: [{'type': 'float_type', 'loc': ('measuring_point_height',), 'msg': 'Input should be a valid number', 'input': None, 'url': 'https://errors.pydantic.dev/2.11/v/float_type'}]
CP-0023|WellData|UnknownField|Validation Error: [{'type': 'float_type', 'loc': ('measuring_point_height',), 'msg': 'Input should be a valid number', 'input': None, 'url': 'https://errors.pydantic.dev/2.11/v/float_type'}]
CP-0024|WellData|UnknownField|Validation Error: [{'type': 'float_type', 'loc': ('measuring_point_height',), 'msg': 'Input should be a valid number', 'input': None, 'url': 'https://errors.pydantic.dev/2.11/v/float_type'}]
CP-0025|WellData|UnknownField|Validation Error: [{'type': 'float_type', 'loc': ('measuring_point_height',), 'msg': 'Input should be a valid number', 'input': None, 'url': 'https://errors.pydantic.dev/2.11/v/float_type'}]
CP-0026|WellData|UnknownField|Validation Error: [{'type': 'float_type', 'loc': ('measuring_point_height',), 'msg': 'Input should be a valid number', 'input': None, 'url': 'https://errors.pydantic.dev/2.11/v/float_type'}]
CP-0027|WellData|UnknownField|Validation Error: [{'type': 'float_type', 'loc': ('measuring_point_height',), 'msg': 'Input should be a valid number', 'input': None, 'url': 'https://errors.pydantic.dev/2.11/v/float_type'}]
CP-0028|WellData|UnknownField|Validation Error: [{'type': 'float_type', 'loc': ('measuring_point_height',), 'msg': 'Input should be a valid number', 'input': None, 'url': 'https://errors.pydantic.dev/2.11/v/float_type'}]
CP-0029|WellData|UnknownField|Validation Error: [{'type': 'float_type', 'loc': ('measuring_point_height',), 'msg': 'Input should be a valid number', 'input': None, 'url': 'https://errors.pydantic.dev/2.11/v/float_type'}]
CP-0030|WellData|UnknownField|Validation Error: [{'type': 'float_type', 'loc': ('measuring_point_height',), 'msg': 'Input should be a valid number', 'input': None, 'url': 'https://errors.pydantic.dev/2.11/v/float_type'}]
CP-0033|WellData|UnknownField|Validation Error: [{'type': 'float_type', 'loc': ('measuring_point_height',), 'msg': 'Input should be a valid number', 'input': None, 'url': 'https://errors.pydantic.dev/2.11/v/float_type'}]
CP-0035|WellData|UnknownField|Validation Error: [{'type': 'float_type', 'loc': ('measuring_point_height',), 'msg': 'Input should be a valid number', 'input': None, 'url': 'https://errors.pydantic.dev/2.11/v/float_type'}]
DA-0197|WellData|UnknownField|Validation Error: [{'type': 'float_type', 'loc': ('measuring_point_height',), 'msg': 'Input should be a valid number', 'input': None, 'url': 'https://errors.pydantic.dev/2.11/v/float_type'}]
DA-0198|WellData|UnknownField|Validation Error: [{'type': 'float_type', 'loc': ('measuring_point_height',), 'msg': 'Input should be a valid number', 'input': None, 'url': 'https://errors.pydantic.dev/2.11/v/float_type'}]
DA-0199|WellData|UnknownField|Validation Error: [{'type': 'float_type', 'loc': ('measuring_point_height',), 'msg': 'Input should be a valid number', 'input': None, 'url': 'https://errors.pydantic.dev/2.11/v/float_type'}]
DA-0200|WellData|UnknownField|Validation Error: [{'type': 'float_type', 'loc': ('measuring_point_height',), 'msg': 'Input should be a valid number', 'input': None, 'url': 'https://errors.pydantic.dev/2.11/v/float_type'}]
DA-0201|WellData|UnknownField|Validation Error: [{'type': 'float_type', 'loc': ('measuring_point_height',), 'msg': 'Input should be a valid number', 'input': None, 'url': 'https://errors.pydantic.dev/2.11/v/float_type'}]
DA-0202|WellData|UnknownField|Validation Error: [{'type': 'float_type', 'loc': ('measuring_point_height',), 'msg': 'Input should be a valid number', 'input': None, 'url': 'https://errors.pydantic.dev/2.11/v/float_type'}]
DA-0203|WellData|UnknownField|Validation Error: [{'type': 'float_type', 'loc': ('measuring_point_height',), 'msg': 'Input should be a valid number', 'input': None, 'url': 'https://errors.pydantic.dev/2.11/v/float_type'}]
DA-0204|WellData|UnknownField|Validation Error: [{'type': 'float_type', 'loc': ('measuring_point_height',), 'msg': 'Input should be a valid number', 'input': None, 'url': 'https://errors.pydantic.dev/2.11/v/float_type'}]
DA-0205|WellData|UnknownField|Validation Error: [{'type': 'float_type', 'loc': ('measuring_point_height',), 'msg': 'Input should be a valid number', 'input': None, 'url': 'https://errors.pydantic.dev/2.11/v/float_type'}]
DE-0001|WellData|UnknownField|Validation Error: [{'type': 'float_type', 'loc': ('measuring_point_height',), 'msg': 'Input should be a valid number', 'input': None, 'url': 'https://errors.pydantic.dev/2.11/v/float_type'}]
DE-0002|WellData|UnknownField|Validation Error: [{'type': 'float_type', 'loc': ('measuring_point_height',), 'msg': 'Input should be a valid number', 'input': None, 'url': 'https://errors.pydantic.dev/2.11/v/float_type'}]
DE-0008|WellData|UnknownField|Validation Error: [{'type': 'float_type', 'loc': ('measuring_point_height',), 'msg': 'Input should be a valid number', 'input': None, 'url': 'https://errors.pydantic.dev/2.11/v/float_type'}]
DE-0011|WellData|UnknownField|Validation Error: [{'type': 'float_type', 'loc': ('measuring_point_height',), 'msg': 'Input should be a valid number', 'input': None, 'url': 'https://errors.pydantic.dev/2.11/v/float_type'}]
DE-0023|WellData|UnknownField|Validation Error: [{'type': 'float_type', 'loc': ('measuring_point_height',), 'msg': 'Input should be a valid number', 'input': None, 'url': 'https://errors.pydantic.dev/2.11/v/float_type'}]
DE-0027|WellData|UnknownField|Validation Error: [{'type': 'float_type', 'loc': ('measuring_point_height',), 'msg': 'Input should be a valid number', 'input': None, 'url': 'https://errors.pydantic.dev/2.11/v/float_type'}]
DE-0031|WellData|UnknownField|Validation Error: [{'type': 'float_type', 'loc': ('measuring_point_height',), 'msg': 'Input should be a valid number', 'input': None, 'url': 'https://errors.pydantic.dev/2.11/v/float_type'}]
DE-0041|WellData|UnknownField|Validation Error: [{'type': 'float_type', 'loc': ('measuring_point_height',), 'msg': 'Input should be a valid number', 'input': None, 'url': 'https://errors.pydantic.dev/2.11/v/float_type'}]
DE-0042|WellData|UnknownField|Validation Error: [{'type': 'float_type', 'loc': ('measuring_point_height',), 'msg': 'Input should be a valid number', 'input': None, 'url': 'https://errors.pydantic.dev/2.11/v/float_type'}]
DE-0043|WellData|UnknownField|Validation Error: [{'type': 'float_type', 'loc': ('measuring_point_height',), 'msg': 'Input should be a valid number', 'input': None, 'url': 'https://errors.pydantic.dev/2.11/v/float_type'}]
DE-0044|WellData|UnknownField|Validation Error: [{'type': 'float_type', 'loc': ('measuring_point_height',), 'msg': 'Input should be a valid number', 'input': None, 'url': 'https://errors.pydantic.dev/2.11/v/float_type'}]
DE-0046|WellData|UnknownField|Validation Error: [{'type': 'float_type', 'loc': ('measuring_point_height',), 'msg': 'Input should be a valid number', 'input': None, 'url': 'https://errors.pydantic.dev/2.11/v/float_type'}]
EB-244|WellData|Unknown|Unknown lexicon value: LU_ConstructionMethod: H
EB-244|WellData|UnknownField|"Validation Error: [{'type': 'enum', 'loc': ('well_construction_method',), 'msg': ""Input should be 'Air-Rotary', 'Bored or augered', 'Cable-tool', 'Hydraulic rotary (mud or water)', 'Air percussion', 'Reverse rotary', 'Driven' or 'Other (explain in notes)'"", 'input': 'Unknown', 'ctx': {'expected': ""'Air-Rotary', 'Bored or augered', 'Cable-tool', 'Hydraulic rotary (mud or water)', 'Air percussion', 'Reverse rotary', 'Driven' or 'Other (explain in notes)'""}, 'url': 'https://errors.pydantic.dev/2.11/v/enum'}]"
EB-316|WellData|UnknownField|Validation Error: [{'type': 'value_error', 'loc': (), 'msg': 'Value error, well casing depth must be less than or equal to hole depth', 'input': {'location_id': 0, 'name': 'EB-316', 'first_visit_date': datetime.date(2004, 2, 10), 'hole_depth': 8.0, 'well_depth': 8.0, 'well_casing_diameter': 4.5, 'well_casing_depth': 180.0, 'release_status': 'public', 'measuring_point_height': -1.0, 'measuring_point_description': 'TOC; floor of well house @ hole in concrete', 'notes': [], 'well_completion_date': '2007-10-04 00:00:00.000', 'well_driller_name': None, 'well_construction_method': None, 'well_pump_type': None, 'is_suitable_for_datalogger': False}, 'ctx': {'error': ValueError('well casing depth must be less than or equal to hole depth')}, 'url': 'https://errors.pydantic.dev/2.11/v/value_error'}]
EB-346|WellData|Unknown|Unknown lexicon value: LU_ConstructionMethod:AH
EB-346|WellData|UnknownField|"Validation Error: [{'type': 'enum', 'loc': ('well_construction_method',), 'msg': ""Input should be 'Air-Rotary', 'Bored or augered', 'Cable-tool', 'Hydraulic rotary (mud or water)', 'Air percussion', 'Reverse rotary', 'Driven' or 'Other (explain in notes)'"", 'input': 'Unknown', 'ctx': {'expected': ""'Air-Rotary', 'Bored or augered', 'Cable-tool', 'Hydraulic rotary (mud or water)', 'Air percussion', 'Reverse rotary', 'Driven' or 'Other (explain in notes)'""}, 'url': 'https://errors.pydantic.dev/2.11/v/enum'}]"
EB-363|WellData|UnknownField|"Validation Error: [{'type': 'value_error', 'loc': (), 'msg': 'Value error, well casing depth must be less than or equal to hole depth', 'input': {'location_id': 0, 'name': 'EB-363', 'first_visit_date': datetime.date(2004, 6, 10), 'hole_depth': 170.0, 'well_depth': 170.0, 'well_casing_diameter': 3.96, 'well_casing_depth': 175.0, 'release_status': 'public', 'measuring_point_height': 4.2, 'measuring_point_description': ""Top of inner discharge pipe. We got an mp of 4.2' when we visited, however all WWTP measurements use 5.5'."", 'notes': [], 'well_completion_date': '1990-05-08 00:00:00.000', 'well_driller_name': 'G&H Drilling', 'well_construction_method': 'Hydraulic rotary (mud or water)', 'well_pump_type': None, 'is_suitable_for_datalogger': False}, 'ctx': {'error': ValueError('well casing depth must be less than or equal to hole depth')}, 'url': 'https://errors.pydantic.dev/2.11/v/value_error'}]"
EB-509|WellData|UnknownField|Validation Error: [{'type': 'value_error', 'loc': (), 'msg': 'Value error, well depth must be less than than or equal to hole depth', 'input': {'location_id': 0, 'name': 'EB-509', 'first_visit_date': datetime.date(2005, 4, 21), 'hole_depth': 270.0, 'well_depth': 272.0, 'well_casing_diameter': 6.6000000000000005, 'well_casing_depth': 271.0, 'release_status': 'public', 'measuring_point_height': 1.7, 'measuring_point_description': 'TOC', 'notes': [], 'well_completion_date': '1974-09-04 00:00:00.000', 'well_driller_name': 'NMSHD', 'well_construction_method': 'Hydraulic rotary (mud or water)', 'well_pump_type': None, 'is_suitable_for_datalogger': False}, 'ctx': {'error': ValueError('well depth must be less than than or equal to hole depth')}, 'url': 'https://errors.pydantic.dev/2.11/v/value_error'}]
EB-581|WellData|Unknown|Unknown lexicon value: LU_AquiferType:8
EB-594|WellData|UnknownField|Validation Error: [{'type': 'value_error', 'loc': (), 'msg': 'Value error, well depth must be less than than or equal to hole depth', 'input': {'location_id': 0, 'name': 'EB-594', 'first_visit_date': datetime.date(2005, 5, 26), 'hole_depth': 860.0, 'well_depth': 864.0, 'well_casing_diameter': 5.5200000000000005, 'well_casing_depth': 860.0, 'release_status': 'public', 'measuring_point_height': 1.0, 'measuring_point_description': 'TOC', 'notes': [{'content': 'MP Height estimated', 'note_type': 'General'}], 'well_completion_date': '1993-09-29 00:00:00.000', 'well_driller_name': 'High Country Drlg', 'well_construction_method': 'Hydraulic rotary (mud or water)', 'well_pump_type': None, 'is_suitable_for_datalogger': False}, 'ctx': {'error': ValueError('well depth must be less than than or equal to hole depth')}, 'url': 'https://errors.pydantic.dev/2.11/v/value_error'}]
EB-614|WellData|UnknownField|Validation Error: [{'type': 'value_error', 'loc': (), 'msg': 'Value error, well casing depth must be less than or equal to hole depth', 'input': {'location_id': 0, 'name': 'EB-614', 'first_visit_date': datetime.date(2014, 4, 3), 'hole_depth': 90.0, 'well_depth': 90.0, 'well_casing_diameter': None, 'well_casing_depth': 95.0, 'release_status': 'public', 'measuring_point_height': 0.0, 'measuring_point_description': None, 'notes': [], 'well_completion_date': None, 'well_driller_name': None, 'well_construction_method': None, 'well_pump_type': None, 'is_suitable_for_datalogger': False}, 'ctx': {'error': ValueError('well casing depth must be less than or equal to hole depth')}, 'url': 'https://errors.pydantic.dev/2.11/v/value_error'}]
ED-0002|WellData|Unknown|Unknown lexicon value: LU_CurrentUse: 
GT-004|WellData|UnknownField|Validation Error: [{'type': 'float_type', 'loc': ('measuring_point_height',), 'msg': 'Input should be a valid number', 'input': None, 'url': 'https://errors.pydantic.dev/2.11/v/float_type'}]
GT-005|WellData|UnknownField|Validation Error: [{'type': 'float_type', 'loc': ('measuring_point_height',), 'msg': 'Input should be a valid number', 'input': None, 'url': 'https://errors.pydantic.dev/2.11/v/float_type'}]
GT-006|WellData|UnknownField|Validation Error: [{'type': 'float_type', 'loc': ('measuring_point_height',), 'msg': 'Input should be a valid number', 'input': None, 'url': 'https://errors.pydantic.dev/2.11/v/float_type'}]
GT-010|WellData|UnknownField|Validation Error: [{'type': 'float_type', 'loc': ('measuring_point_height',), 'msg': 'Input should be a valid number', 'input': None, 'url': 'https://errors.pydantic.dev/2.11/v/float_type'}]
GT-011|WellData|UnknownField|Validation Error: [{'type': 'float_type', 'loc': ('measuring_point_height',), 'msg': 'Input should be a valid number', 'input': None, 'url': 'https://errors.pydantic.dev/2.11/v/float_type'}]
GT-014|WellData|UnknownField|Validation Error: [{'type': 'float_type', 'loc': ('measuring_point_height',), 'msg': 'Input should be a valid number', 'input': None, 'url': 'https://errors.pydantic.dev/2.11/v/float_type'}]
GT-015|WellData|UnknownField|Validation Error: [{'type': 'float_type', 'loc': ('measuring_point_height',), 'msg': 'Input should be a valid number', 'input': None, 'url': 'https://errors.pydantic.dev/2.11/v/float_type'}]
GT-016|WellData|UnknownField|Validation Error: [{'type': 'float_type', 'loc': ('measuring_point_height',), 'msg': 'Input should be a valid number', 'input': None, 'url': 'https://errors.pydantic.dev/2.11/v/float_type'}]
GT-021|WellData|UnknownField|Validation Error: [{'type': 'float_type', 'loc': ('measuring_point_height',), 'msg': 'Input should be a valid number', 'input': None, 'url': 'https://errors.pydantic.dev/2.11/v/float_type'}]
GT-022|WellData|UnknownField|Validation Error: [{'type': 'float_type', 'loc': ('measuring_point_height',), 'msg': 'Input should be a valid number', 'input': None, 'url': 'https://errors.pydantic.dev/2.11/v/float_type'}]
HS-004|WellData|UnknownField|Validation Error: [{'type': 'float_type', 'loc': ('measuring_point_height',), 'msg': 'Input should be a valid number', 'input': None, 'url': 'https://errors.pydantic.dev/2.11/v/float_type'}]
HS-015|WellData|UnknownField|Validation Error: [{'type': 'float_type', 'loc': ('measuring_point_height',), 'msg': 'Input should be a valid number', 'input': None, 'url': 'https://errors.pydantic.dev/2.11/v/float_type'}]
HS-020|WellData|UnknownField|Validation Error: [{'type': 'value_error', 'loc': (), 'msg': 'Value error, well casing depth must be less than or equal to hole depth', 'input': {'location_id': 0, 'name': 'HS-020', 'first_visit_date': datetime.date(2012, 10, 26), 'hole_depth': 38.0, 'well_depth': 38.0, 'well_casing_diameter': 6.999999600000001, 'well_casing_depth': 40.0, 'release_status': 'public', 'measuring_point_height': 1.2, 'measuring_point_description': 'Top of steel casing', 'notes': [{'content': 'Good location for temperature datalogger for Shari and datalogger.', 'note_type': 'General'}], 'well_completion_date': '2006-08-04 00:00:00.000', 'well_driller_name': 'Henderson, David', 'well_construction_method': 'Cable-tool', 'well_pump_type': None, 'is_suitable_for_datalogger': False}, 'ctx': {'error': ValueError('well casing depth must be less than or equal to hole depth')}, 'url': 'https://errors.pydantic.dev/2.11/v/value_error'}]
HS-032|WellData|UnknownField|Validation Error: [{'type': 'float_type', 'loc': ('measuring_point_height',), 'msg': 'Input should be a valid number', 'input': None, 'url': 'https://errors.pydantic.dev/2.11/v/float_type'}]
HS-033|WellData|UnknownField|Validation Error: [{'type': 'float_type', 'loc': ('measuring_point_height',), 'msg': 'Input should be a valid number', 'input': None, 'url': 'https://errors.pydantic.dev/2.11/v/float_type'}]
HS-060|WellData|UnknownField|Validation Error: [{'type': 'value_error', 'loc': (), 'msg': 'Value error, well casing depth must be less than or equal to hole depth', 'input': {'location_id': 0, 'name': 'HS-060', 'first_visit_date': datetime.date(2012, 12, 18), 'hole_depth': 8.0, 'well_depth': 8.0, 'well_casing_diameter': 9.959999999999999, 'well_casing_depth': 36.0, 'release_status': 'public', 'measuring_point_height': 0.0, 'measuring_point_description': 'Ground surface', 'notes': [], 'well_completion_date': '1944-12-20 00:00:00.000', 'well_driller_name': 'Cook, George', 'well_construction_method': None, 'well_pump_type': None, 'is_suitable_for_datalogger': True}, 'ctx': {'error': ValueError('well casing depth must be less than or equal to hole depth')}, 'url': 'https://errors.pydantic.dev/2.11/v/value_error'}]
HS-064|WellData|UnknownField|Validation Error: [{'type': 'float_type', 'loc': ('measuring_point_height',), 'msg': 'Input should be a valid number', 'input': None, 'url': 'https://errors.pydantic.dev/2.11/v/float_type'}]
HS-065|WellData|UnknownField|Validation Error: [{'type': 'float_type', 'loc': ('measuring_point_height',), 'msg': 'Input should be a valid number', 'input': None, 'url': 'https://errors.pydantic.dev/2.11/v/float_type'}]
HS-068|WellData|UnknownField|Validation Error: [{'type': 'float_type', 'loc': ('measuring_point_height',), 'msg': 'Input should be a valid number', 'input': None, 'url': 'https://errors.pydantic.dev/2.11/v/float_type'}]
HS-072|WellData|UnknownField|Validation Error: [{'type': 'value_error', 'loc': (), 'msg': 'Value error, well depth must be less than than or equal to hole depth', 'input': {'location_id': 0, 'name': 'HS-072', 'first_visit_date': datetime.date(2013, 2, 19), 'hole_depth': 79.0, 'well_depth': 219.0, 'well_casing_diameter': 6.0, 'well_casing_depth': 162.0, 'release_status': 'public', 'measuring_point_height': 1.0, 'measuring_point_description': 'TOC; southern-most opening', 'notes': [], 'well_completion_date': '1949-11-10 00:00:00.000', 'well_driller_name': 'Johnson Drilling Co.', 'well_construction_method': None, 'well_pump_type': None, 'is_suitable_for_datalogger': False}, 'ctx': {'error': ValueError('well depth must be less than than or equal to hole depth')}, 'url': 'https://errors.pydantic.dev/2.11/v/value_error'}]
HS-075|WellData|UnknownField|Validation Error: [{'type': 'float_type', 'loc': ('measuring_point_height',), 'msg': 'Input should be a valid number', 'input': None, 'url': 'https://errors.pydantic.dev/2.11/v/float_type'}]
JM-056|WellData|UnknownField|Validation Error: [{'type': 'float_type', 'loc': ('measuring_point_height',), 'msg': 'Input should be a valid number', 'input': None, 'url': 'https://errors.pydantic.dev/2.11/v/float_type'}]
MB-001|WellData|UnknownField|Validation Error: [{'type': 'float_type', 'loc': ('measuring_point_height',), 'msg': 'Input should be a valid number', 'input': None, 'url': 'https://errors.pydantic.dev/2.11/v/float_type'}]
MB-009|WellData|UnknownField|Validation Error: [{'type': 'float_type', 'loc': ('measuring_point_height',), 'msg': 'Input should be a valid number', 'input': None, 'url': 'https://errors.pydantic.dev/2.11/v/float_type'}]
MB-010|WellData|UnknownField|Validation Error: [{'type': 'float_type', 'loc': ('measuring_point_height',), 'msg': 'Input should be a valid number', 'input': None, 'url': 'https://errors.pydantic.dev/2.11/v/float_type'}]
MG-026|WellData|UnknownField|Validation Error: [{'type': 'float_type', 'loc': ('measuring_point_height',), 'msg': 'Input should be a valid number', 'input': None, 'url': 'https://errors.pydantic.dev/2.11/v/float_type'}]
MG-036|WellData|UnknownField|Validation Error: [{'type': 'value_error', 'loc': (), 'msg': 'Value error, well casing depth must be less than or equal to hole depth', 'input': {'location_id': 0, 'name': 'MG-036', 'first_visit_date': datetime.date(2013, 6, 25), 'hole_depth': 420.0, 'well_depth': 420.0, 'well_casing_diameter': 5.04, 'well_casing_depth': 440.0, 'release_status': 'public', 'measuring_point_height': 2.0, 'measuring_point_description': 'TOC', 'notes': [{'content': 'Well seems to be used constantly. Tried to measure again 3/13/14, but pumping with house work going on. Use barn well instead.', 'note_type': 'General'}], 'well_completion_date': '2004-05-20 00:00:00.000', 'well_driller_name': 'Gallup Well Drilling', 'well_construction_method': 'Air-Rotary', 'well_pump_type': None, 'is_suitable_for_datalogger': False}, 'ctx': {'error': ValueError('well casing depth must be less than or equal to hole depth')}, 'url': 'https://errors.pydantic.dev/2.11/v/value_error'}]
NM-00904|WellData|UnknownField|Validation Error: [{'type': 'date_from_datetime_inexact', 'loc': ('well_completion_date',), 'msg': 'Datetimes provided to dates should have zero time - e.g. be exact dates', 'input': '1973-12-31 14:15:00.000', 'url': 'https://errors.pydantic.dev/2.11/v/date_from_datetime_inexact'}]
NM-02018|WellData|UnknownField|Validation Error: [{'type': 'value_error', 'loc': (), 'msg': 'Value error, well casing depth must be less than or equal to hole depth', 'input': {'location_id': 0, 'name': 'NM-02018', 'first_visit_date': datetime.date(2014, 10, 17), 'hole_depth': 150.0, 'well_depth': 150.0, 'well_casing_diameter': 15.600000000000001, 'well_casing_depth': 152.0, 'release_status': 'private', 'measuring_point_height': 1.7, 'measuring_point_description': 'Opening at base of turbine. (USGS WLs reported bgs.)', 'notes': [], 'well_completion_date': '1950-04-15 00:00:00.000', 'well_driller_name': 'McBee Drilling', 'well_construction_method': None, 'well_pump_type': None, 'is_suitable_for_datalogger': False}, 'ctx': {'error': ValueError('well casing depth must be less than or equal to hole depth')}, 'url': 'https://errors.pydantic.dev/2.11/v/value_error'}]
NM-23288|WellData|UnknownField|Validation Error: [{'type': 'value_error', 'loc': (), 'msg': 'Value error, well casing depth must be less than or equal to hole depth', 'input': {'location_id': 0, 'name': 'NM-23288', 'first_visit_date': datetime.date(2015, 1, 27), 'hole_depth': 220.0, 'well_depth': 220.0, 'well_casing_diameter': 6.959999999999999, 'well_casing_depth': 240.0, 'release_status': 'public', 'measuring_point_height': 0.5, 'measuring_point_description': 'USGS WLs reported bgs. HOA @ MP hgt', 'notes': [], 'well_completion_date': '2001-05-03 00:00:00.000', 'well_driller_name': 'Earl & Sons', 'well_construction_method': 'Driven', 'well_pump_type': None, 'is_suitable_for_datalogger': False}, 'ctx': {'error': ValueError('well casing depth must be less than or equal to hole depth')}, 'url': 'https://errors.pydantic.dev/2.11/v/value_error'}]
NM-23353|WellData|UnknownField|Validation Error: [{'type': 'value_error', 'loc': (), 'msg': 'Value error, well casing depth must be less than or equal to hole depth', 'input': {'location_id': 0, 'name': 'NM-23353', 'first_visit_date': datetime.date(2015, 1, 27), 'hole_depth': 240.0, 'well_depth': 240.0, 'well_casing_diameter': 5.04, 'well_casing_depth': 241.5, 'release_status': 'public', 'measuring_point_height': 1.08, 'measuring_point_description': 'USGS WLs reported bgs. HOA @ MP hgt', 'notes': [], 'well_completion_date': '2003-08-25 00:00:00.000', 'well_driller_name': 'Sandia Well Service, Inc.', 'well_construction_method': 'Air-Rotary', 'well_pump_type': None, 'is_suitable_for_datalogger': False}, 'ctx': {'error': ValueError('well casing depth must be less than or equal to hole depth')}, 'url': 'https://errors.pydantic.dev/2.11/v/value_error'}]
NM-26883|WellData|UnknownField|Validation Error: [{'type': 'value_error', 'loc': (), 'msg': 'Value error, well casing depth must be less than or equal to hole depth', 'input': {'location_id': 0, 'name': 'NM-26883', 'first_visit_date': datetime.date(2015, 2, 26), 'hole_depth': 435.0, 'well_depth': 435.0, 'well_casing_diameter': None, 'well_casing_depth': 535.0, 'release_status': 'public', 'measuring_point_height': 0.0, 'measuring_point_description': 'WLs reported bgs. Entered zero for mp height for calculated fields. Actual MP height may not be zero.', 'notes': [], 'well_completion_date': '1990-10-15 00:00:00.000', 'well_driller_name': 'Sandia Well Drilling', 'well_construction_method': 'Air-Rotary', 'well_pump_type': None, 'is_suitable_for_datalogger': False}, 'ctx': {'error': ValueError('well casing depth must be less than or equal to hole depth')}, 'url': 'https://errors.pydantic.dev/2.11/v/value_error'}]
NM-28297|WellData|UnknownField|Validation Error: [{'type': 'float_type', 'loc': ('measuring_point_height',), 'msg': 'Input should be a valid number', 'input': None, 'url': 'https://errors.pydantic.dev/2.11/v/float_type'}]
NM-28361|WellData|UnknownField|Validation Error: [{'type': 'float_type', 'loc': ('measuring_point_height',), 'msg': 'Input should be a valid number', 'input': None, 'url': 'https://errors.pydantic.dev/2.11/v/float_type'}]
NM-28437|WellData|UnknownField|Validation Error: [{'type': 'float_type', 'loc': ('measuring_point_height',), 'msg': 'Input should be a valid number', 'input': None, 'url': 'https://errors.pydantic.dev/2.11/v/float_type'}]
NM-28446|WellData|UnknownField|Validation Error: [{'type': 'float_type', 'loc': ('measuring_point_height',), 'msg': 'Input should be a valid number', 'input': None, 'url': 'https://errors.pydantic.dev/2.11/v/float_type'}]
NM-28447|WellData|UnknownField|Validation Error: [{'type': 'float_type', 'loc': ('measuring_point_height',), 'msg': 'Input should be a valid number', 'input': None, 'url': 'https://errors.pydantic.dev/2.11/v/float_type'}]
NM-28448|WellData|UnknownField|Validation Error: [{'type': 'float_type', 'loc': ('measuring_point_height',), 'msg': 'Input should be a valid number', 'input': None, 'url': 'https://errors.pydantic.dev/2.11/v/float_type'}]
NM-28449|WellData|UnknownField|Validation Error: [{'type': 'float_type', 'loc': ('measuring_point_height',), 'msg': 'Input should be a valid number', 'input': None, 'url': 'https://errors.pydantic.dev/2.11/v/float_type'}]
NM-28450|WellData|UnknownField|Validation Error: [{'type': 'float_type', 'loc': ('measuring_point_height',), 'msg': 'Input should be a valid number', 'input': None, 'url': 'https://errors.pydantic.dev/2.11/v/float_type'}]
NM-28451|WellData|UnknownField|Validation Error: [{'type': 'float_type', 'loc': ('measuring_point_height',), 'msg': 'Input should be a valid number', 'input': None, 'url': 'https://errors.pydantic.dev/2.11/v/float_type'}]
NM-28453|WellData|UnknownField|Validation Error: [{'type': 'float_type', 'loc': ('measuring_point_height',), 'msg': 'Input should be a valid number', 'input': None, 'url': 'https://errors.pydantic.dev/2.11/v/float_type'}]
NM-28454|WellData|UnknownField|Validation Error: [{'type': 'float_type', 'loc': ('measuring_point_height',), 'msg': 'Input should be a valid number', 'input': None, 'url': 'https://errors.pydantic.dev/2.11/v/float_type'}]
NM-28455|WellData|UnknownField|Validation Error: [{'type': 'float_type', 'loc': ('measuring_point_height',), 'msg': 'Input should be a valid number', 'input': None, 'url': 'https://errors.pydantic.dev/2.11/v/float_type'}]
NM-28456|WellData|UnknownField|Validation Error: [{'type': 'float_type', 'loc': ('measuring_point_height',), 'msg': 'Input should be a valid number', 'input': None, 'url': 'https://errors.pydantic.dev/2.11/v/float_type'}]
NM-28457|WellData|UnknownField|Validation Error: [{'type': 'float_type', 'loc': ('measuring_point_height',), 'msg': 'Input should be a valid number', 'input': None, 'url': 'https://errors.pydantic.dev/2.11/v/float_type'}]
OG-0008|WellData|UnknownField|Validation Error: [{'type': 'float_type', 'loc': ('measuring_point_height',), 'msg': 'Input should be a valid number', 'input': None, 'url': 'https://errors.pydantic.dev/2.11/v/float_type'}]
OG-0014|WellData|UnknownField|Validation Error: [{'type': 'float_type', 'loc': ('measuring_point_height',), 'msg': 'Input should be a valid number', 'input': None, 'url': 'https://errors.pydantic.dev/2.11/v/float_type'}]
OG-0015|WellData|UnknownField|Validation Error: [{'type': 'float_type', 'loc': ('measuring_point_height',), 'msg': 'Input should be a valid number', 'input': None, 'url': 'https://errors.pydantic.dev/2.11/v/float_type'}]
OG-0020|WellData|UnknownField|Validation Error: [{'type': 'float_type', 'loc': ('measuring_point_height',), 'msg': 'Input should be a valid number', 'input': None, 'url': 'https://errors.pydantic.dev/2.11/v/float_type'}]
OG-0021|WellData|UnknownField|Validation Error: [{'type': 'float_type', 'loc': ('measuring_point_height',), 'msg': 'Input should be a valid number', 'input': None, 'url': 'https://errors.pydantic.dev/2.11/v/float_type'}]
OG-0026|WellData|UnknownField|Validation Error: [{'type': 'float_type', 'loc': ('measuring_point_height',), 'msg': 'Input should be a valid number', 'input': None, 'url': 'https://errors.pydantic.dev/2.11/v/float_type'}]
OG-0030|WellData|UnknownField|Validation Error: [{'type': 'float_type', 'loc': ('measuring_point_height',), 'msg': 'Input should be a valid number', 'input': None, 'url': 'https://errors.pydantic.dev/2.11/v/float_type'}]
OG-0032|WellData|UnknownField|Validation Error: [{'type': 'float_type', 'loc': ('measuring_point_height',), 'msg': 'Input should be a valid number', 'input': None, 'url': 'https://errors.pydantic.dev/2.11/v/float_type'}]
OG-0036|WellData|UnknownField|Validation Error: [{'type': 'float_type', 'loc': ('measuring_point_height',), 'msg': 'Input should be a valid number', 'input': None, 'url': 'https://errors.pydantic.dev/2.11/v/float_type'}]
OG-0045|WellData|UnknownField|Validation Error: [{'type': 'float_type', 'loc': ('measuring_point_height',), 'msg': 'Input should be a valid number', 'input': None, 'url': 'https://errors.pydantic.dev/2.11/v/float_type'}]
OG-0048|WellData|UnknownField|Validation Error: [{'type': 'float_type', 'loc': ('measuring_point_height',), 'msg': 'Input should be a valid number', 'input': None, 'url': 'https://errors.pydantic.dev/2.11/v/float_type'}]
OG-0049|WellData|UnknownField|Validation Error: [{'type': 'float_type', 'loc': ('measuring_point_height',), 'msg': 'Input should be a valid number', 'input': None, 'url': 'https://errors.pydantic.dev/2.11/v/float_type'}]
OG-0050|WellData|UnknownField|Validation Error: [{'type': 'float_type', 'loc': ('measuring_point_height',), 'msg': 'Input should be a valid number', 'input': None, 'url': 'https://errors.pydantic.dev/2.11/v/float_type'}]
OG-0051|WellData|UnknownField|Validation Error: [{'type': 'float_type', 'loc': ('measuring_point_height',), 'msg': 'Input should be a valid number', 'input': None, 'url': 'https://errors.pydantic.dev/2.11/v/float_type'}]
OG-0052|WellData|UnknownField|Validation Error: [{'type': 'float_type', 'loc': ('measuring_point_height',), 'msg': 'Input should be a valid number', 'input': None, 'url': 'https://errors.pydantic.dev/2.11/v/float_type'}]
OG-0053|WellData|UnknownField|Validation Error: [{'type': 'float_type', 'loc': ('measuring_point_height',), 'msg': 'Input should be a valid number', 'input': None, 'url': 'https://errors.pydantic.dev/2.11/v/float_type'}]
OG-0054|WellData|UnknownField|Validation Error: [{'type': 'float_type', 'loc': ('measuring_point_height',), 'msg': 'Input should be a valid number', 'input': None, 'url': 'https://errors.pydantic.dev/2.11/v/float_type'}]
OG-0057|WellData|UnknownField|Validation Error: [{'type': 'float_type', 'loc': ('measuring_point_height',), 'msg': 'Input should be a valid number', 'input': None, 'url': 'https://errors.pydantic.dev/2.11/v/float_type'}]
OG-0059|WellData|UnknownField|Validation Error: [{'type': 'float_type', 'loc': ('measuring_point_height',), 'msg': 'Input should be a valid number', 'input': None, 'url': 'https://errors.pydantic.dev/2.11/v/float_type'}]
OG-0060|WellData|UnknownField|Validation Error: [{'type': 'float_type', 'loc': ('measuring_point_height',), 'msg': 'Input should be a valid number', 'input': None, 'url': 'https://errors.pydantic.dev/2.11/v/float_type'}]
OG-0063|WellData|UnknownField|Validation Error: [{'type': 'float_type', 'loc': ('measuring_point_height',), 'msg': 'Input should be a valid number', 'input': None, 'url': 'https://errors.pydantic.dev/2.11/v/float_type'}]
OG-0068|WellData|UnknownField|Validation Error: [{'type': 'float_type', 'loc': ('measuring_point_height',), 'msg': 'Input should be a valid number', 'input': None, 'url': 'https://errors.pydantic.dev/2.11/v/float_type'}]
OG-0069|WellData|UnknownField|Validation Error: [{'type': 'float_type', 'loc': ('measuring_point_height',), 'msg': 'Input should be a valid number', 'input': None, 'url': 'https://errors.pydantic.dev/2.11/v/float_type'}]
OG-0071|WellData|UnknownField|Validation Error: [{'type': 'float_type', 'loc': ('measuring_point_height',), 'msg': 'Input should be a valid number', 'input': None, 'url': 'https://errors.pydantic.dev/2.11/v/float_type'}]
OG-0073|WellData|UnknownField|Validation Error: [{'type': 'float_type', 'loc': ('measuring_point_height',), 'msg': 'Input should be a valid number', 'input': None, 'url': 'https://errors.pydantic.dev/2.11/v/float_type'}]
OG-0074|WellData|UnknownField|Validation Error: [{'type': 'float_type', 'loc': ('measuring_point_height',), 'msg': 'Input should be a valid number', 'input': None, 'url': 'https://errors.pydantic.dev/2.11/v/float_type'}]
OG-0075|WellData|UnknownField|Validation Error: [{'type': 'float_type', 'loc': ('measuring_point_height',), 'msg': 'Input should be a valid number', 'input': None, 'url': 'https://errors.pydantic.dev/2.11/v/float_type'}]
OG-0076|WellData|UnknownField|Validation Error: [{'type': 'float_type', 'loc': ('measuring_point_height',), 'msg': 'Input should be a valid number', 'input': None, 'url': 'https://errors.pydantic.dev/2.11/v/float_type'}]
OG-0077|WellData|UnknownField|Validation Error: [{'type': 'float_type', 'loc': ('measuring_point_height',), 'msg': 'Input should be a valid number', 'input': None, 'url': 'https://errors.pydantic.dev/2.11/v/float_type'}]
OG-0078|WellData|UnknownField|Validation Error: [{'type': 'float_type', 'loc': ('measuring_point_height',), 'msg': 'Input should be a valid number', 'input': None, 'url': 'https://errors.pydantic.dev/2.11/v/float_type'}]
PB-0007|WellData|UnknownField|Validation Error: [{'type': 'float_type', 'loc': ('measuring_point_height',), 'msg': 'Input should be a valid number', 'input': None, 'url': 'https://errors.pydantic.dev/2.11/v/float_type'}]
PB-0024|WellData|UnknownField|Validation Error: [{'type': 'float_type', 'loc': ('measuring_point_height',), 'msg': 'Input should be a valid number', 'input': None, 'url': 'https://errors.pydantic.dev/2.11/v/float_type'}]
PB-0025|WellData|UnknownField|Validation Error: [{'type': 'float_type', 'loc': ('measuring_point_height',), 'msg': 'Input should be a valid number', 'input': None, 'url': 'https://errors.pydantic.dev/2.11/v/float_type'}]
PB-0029|WellData|UnknownField|Validation Error: [{'type': 'float_type', 'loc': ('measuring_point_height',), 'msg': 'Input should be a valid number', 'input': None, 'url': 'https://errors.pydantic.dev/2.11/v/float_type'}]
PP-001|WellData|UnknownField|Validation Error: [{'type': 'float_type', 'loc': ('measuring_point_height',), 'msg': 'Input should be a valid number', 'input': None, 'url': 'https://errors.pydantic.dev/2.11/v/float_type'}]
PP-002|WellData|UnknownField|Validation Error: [{'type': 'float_type', 'loc': ('measuring_point_height',), 'msg': 'Input should be a valid number', 'input': None, 'url': 'https://errors.pydantic.dev/2.11/v/float_type'}]
PP-004|WellData|UnknownField|Validation Error: [{'type': 'float_type', 'loc': ('measuring_point_height',), 'msg': 'Input should be a valid number', 'input': None, 'url': 'https://errors.pydantic.dev/2.11/v/float_type'}]
PP-007|WellData|UnknownField|Validation Error: [{'type': 'float_type', 'loc': ('measuring_point_height',), 'msg': 'Input should be a valid number', 'input': None, 'url': 'https://errors.pydantic.dev/2.11/v/float_type'}]
PP-009|WellData|UnknownField|Validation Error: [{'type': 'float_type', 'loc': ('measuring_point_height',), 'msg': 'Input should be a valid number', 'input': None, 'url': 'https://errors.pydantic.dev/2.11/v/float_type'}]
PP-010|WellData|UnknownField|Validation Error: [{'type': 'float_type', 'loc': ('measuring_point_height',), 'msg': 'Input should be a valid number', 'input': None, 'url': 'https://errors.pydantic.dev/2.11/v/float_type'}]
PP-012|WellData|UnknownField|Validation Error: [{'type': 'float_type', 'loc': ('measuring_point_height',), 'msg': 'Input should be a valid number', 'input': None, 'url': 'https://errors.pydantic.dev/2.11/v/float_type'}]
PP-013|WellData|UnknownField|Validation Error: [{'type': 'float_type', 'loc': ('measuring_point_height',), 'msg': 'Input should be a valid number', 'input': None, 'url': 'https://errors.pydantic.dev/2.11/v/float_type'}]
PP-014|WellData|UnknownField|Validation Error: [{'type': 'float_type', 'loc': ('measuring_point_height',), 'msg': 'Input should be a valid number', 'input': None, 'url': 'https://errors.pydantic.dev/2.11/v/float_type'}]
PP-015|WellData|UnknownField|Validation Error: [{'type': 'float_type', 'loc': ('measuring_point_height',), 'msg': 'Input should be a valid number', 'input': None, 'url': 'https://errors.pydantic.dev/2.11/v/float_type'}]
PP-016|WellData|UnknownField|Validation Error: [{'type': 'float_type', 'loc': ('measuring_point_height',), 'msg': 'Input should be a valid number', 'input': None, 'url': 'https://errors.pydantic.dev/2.11/v/float_type'}]
PP-019|WellData|UnknownField|Validation Error: [{'type': 'float_type', 'loc': ('measuring_point_height',), 'msg': 'Input should be a valid number', 'input': None, 'url': 'https://errors.pydantic.dev/2.11/v/float_type'}]
PP-020|WellData|UnknownField|Validation Error: [{'type': 'float_type', 'loc': ('measuring_point_height',), 'msg': 'Input should be a valid number', 'input': None, 'url': 'https://errors.pydantic.dev/2.11/v/float_type'}]
PP-021|WellData|UnknownField|Validation Error: [{'type': 'float_type', 'loc': ('measuring_point_height',), 'msg': 'Input should be a valid number', 'input': None, 'url': 'https://errors.pydantic.dev/2.11/v/float_type'}]
PP-024|WellData|UnknownField|Validation Error: [{'type': 'float_type', 'loc': ('measuring_point_height',), 'msg': 'Input should be a valid number', 'input': None, 'url': 'https://errors.pydantic.dev/2.11/v/float_type'}]
PP-025|WellData|UnknownField|Validation Error: [{'type': 'float_type', 'loc': ('measuring_point_height',), 'msg': 'Input should be a valid number', 'input': None, 'url': 'https://errors.pydantic.dev/2.11/v/float_type'}]
PP-032|WellData|UnknownField|Validation Error: [{'type': 'float_type', 'loc': ('measuring_point_height',), 'msg': 'Input should be a valid number', 'input': None, 'url': 'https://errors.pydantic.dev/2.11/v/float_type'}]
PP-033|WellData|UnknownField|Validation Error: [{'type': 'float_type', 'loc': ('measuring_point_height',), 'msg': 'Input should be a valid number', 'input': None, 'url': 'https://errors.pydantic.dev/2.11/v/float_type'}]
PP-034|WellData|UnknownField|Validation Error: [{'type': 'float_type', 'loc': ('measuring_point_height',), 'msg': 'Input should be a valid number', 'input': None, 'url': 'https://errors.pydantic.dev/2.11/v/float_type'}]
PP-035|WellData|UnknownField|Validation Error: [{'type': 'float_type', 'loc': ('measuring_point_height',), 'msg': 'Input should be a valid number', 'input': None, 'url': 'https://errors.pydantic.dev/2.11/v/float_type'}]
PP-037|WellData|UnknownField|Validation Error: [{'type': 'value_error', 'loc': (), 'msg': 'Value error, well casing depth must be less than or equal to hole depth', 'input': {'location_id': 0, 'name': 'PP-037', 'first_visit_date': datetime.date(2017, 12, 5), 'hole_depth': 16.0, 'well_depth': 16.0, 'well_casing_diameter': None, 'well_casing_depth': 22.0, 'release_status': 'public', 'measuring_point_height': 0.0, 'measuring_point_description': 'Assume WLs reported bgs. Entered zero for mp height for calculated fields. Actual MP height may not be zero.', 'notes': [], 'well_completion_date': '1960-12-31 00:00:00.000', 'well_driller_name': None, 'well_construction_method': None, 'well_pump_type': None, 'is_suitable_for_datalogger': False}, 'ctx': {'error': ValueError('well casing depth must be less than or equal to hole depth')}, 'url': 'https://errors.pydantic.dev/2.11/v/value_error'}]
PP-040|WellData|UnknownField|Validation Error: [{'type': 'float_type', 'loc': ('measuring_point_height',), 'msg': 'Input should be a valid number', 'input': None, 'url': 'https://errors.pydantic.dev/2.11/v/float_type'}]
PP-041|WellData|UnknownField|Validation Error: [{'type': 'float_type', 'loc': ('measuring_point_height',), 'msg': 'Input should be a valid number', 'input': None, 'url': 'https://errors.pydantic.dev/2.11/v/float_type'}]
PP-042|WellData|UnknownField|Validation Error: [{'type': 'float_type', 'loc': ('measuring_point_height',), 'msg': 'Input should be a valid number', 'input': None, 'url': 'https://errors.pydantic.dev/2.11/v/float_type'}]
PP-043|WellData|UnknownField|Validation Error: [{'type': 'float_type', 'loc': ('measuring_point_height',), 'msg': 'Input should be a valid number', 'input': None, 'url': 'https://errors.pydantic.dev/2.11/v/float_type'}]
PP-044|WellData|UnknownField|Validation Error: [{'type': 'float_type', 'loc': ('measuring_point_height',), 'msg': 'Input should be a valid number', 'input': None, 'url': 'https://errors.pydantic.dev/2.11/v/float_type'}]
PP-045|WellData|UnknownField|Validation Error: [{'type': 'float_type', 'loc': ('measuring_point_height',), 'msg': 'Input should be a valid number', 'input': None, 'url': 'https://errors.pydantic.dev/2.11/v/float_type'}]
PP-046|WellData|UnknownField|Validation Error: [{'type': 'float_type', 'loc': ('measuring_point_height',), 'msg': 'Input should be a valid number', 'input': None, 'url': 'https://errors.pydantic.dev/2.11/v/float_type'}]
PP-047|WellData|UnknownField|Validation Error: [{'type': 'float_type', 'loc': ('measuring_point_height',), 'msg': 'Input should be a valid number', 'input': None, 'url': 'https://errors.pydantic.dev/2.11/v/float_type'}]
PP-048|WellData|UnknownField|Validation Error: [{'type': 'float_type', 'loc': ('measuring_point_height',), 'msg': 'Input should be a valid number', 'input': None, 'url': 'https://errors.pydantic.dev/2.11/v/float_type'}]
PP-049|WellData|UnknownField|Validation Error: [{'type': 'float_type', 'loc': ('measuring_point_height',), 'msg': 'Input should be a valid number', 'input': None, 'url': 'https://errors.pydantic.dev/2.11/v/float_type'}]
PP-050|WellData|UnknownField|Validation Error: [{'type': 'float_type', 'loc': ('measuring_point_height',), 'msg': 'Input should be a valid number', 'input': None, 'url': 'https://errors.pydantic.dev/2.11/v/float_type'}]
PP-051|WellData|UnknownField|Validation Error: [{'type': 'float_type', 'loc': ('measuring_point_height',), 'msg': 'Input should be a valid number', 'input': None, 'url': 'https://errors.pydantic.dev/2.11/v/float_type'}]
PP-052|WellData|UnknownField|Validation Error: [{'type': 'float_type', 'loc': ('measuring_point_height',), 'msg': 'Input should be a valid number', 'input': None, 'url': 'https://errors.pydantic.dev/2.11/v/float_type'}]
PP-053|WellData|UnknownField|Validation Error: [{'type': 'float_type', 'loc': ('measuring_point_height',), 'msg': 'Input should be a valid number', 'input': None, 'url': 'https://errors.pydantic.dev/2.11/v/float_type'}]
PP-055|WellData|UnknownField|Validation Error: [{'type': 'float_type', 'loc': ('measuring_point_height',), 'msg': 'Input should be a valid number', 'input': None, 'url': 'https://errors.pydantic.dev/2.11/v/float_type'}]
PP-056|WellData|UnknownField|Validation Error: [{'type': 'float_type', 'loc': ('measuring_point_height',), 'msg': 'Input should be a valid number', 'input': None, 'url': 'https://errors.pydantic.dev/2.11/v/float_type'}]
PP-057|WellData|UnknownField|Validation Error: [{'type': 'float_type', 'loc': ('measuring_point_height',), 'msg': 'Input should be a valid number', 'input': None, 'url': 'https://errors.pydantic.dev/2.11/v/float_type'}]
PP-060|WellData|UnknownField|Validation Error: [{'type': 'float_type', 'loc': ('measuring_point_height',), 'msg': 'Input should be a valid number', 'input': None, 'url': 'https://errors.pydantic.dev/2.11/v/float_type'}]
PP-061|WellData|UnknownField|Validation Error: [{'type': 'float_type', 'loc': ('measuring_point_height',), 'msg': 'Input should be a valid number', 'input': None, 'url': 'https://errors.pydantic.dev/2.11/v/float_type'}]
PP-062|WellData|UnknownField|Validation Error: [{'type': 'float_type', 'loc': ('measuring_point_height',), 'msg': 'Input should be a valid number', 'input': None, 'url': 'https://errors.pydantic.dev/2.11/v/float_type'}]
PP-063|WellData|UnknownField|Validation Error: [{'type': 'float_type', 'loc': ('measuring_point_height',), 'msg': 'Input should be a valid number', 'input': None, 'url': 'https://errors.pydantic.dev/2.11/v/float_type'}]
PP-064|WellData|UnknownField|Validation Error: [{'type': 'float_type', 'loc': ('measuring_point_height',), 'msg': 'Input should be a valid number', 'input': None, 'url': 'https://errors.pydantic.dev/2.11/v/float_type'}]
PP-065|WellData|UnknownField|Validation Error: [{'type': 'float_type', 'loc': ('measuring_point_height',), 'msg': 'Input should be a valid number', 'input': None, 'url': 'https://errors.pydantic.dev/2.11/v/float_type'}]
PP-066|WellData|UnknownField|Validation Error: [{'type': 'float_type', 'loc': ('measuring_point_height',), 'msg': 'Input should be a valid number', 'input': None, 'url': 'https://errors.pydantic.dev/2.11/v/float_type'}]
PP-067|WellData|UnknownField|Validation Error: [{'type': 'float_type', 'loc': ('measuring_point_height',), 'msg': 'Input should be a valid number', 'input': None, 'url': 'https://errors.pydantic.dev/2.11/v/float_type'}]
PP-068|WellData|UnknownField|Validation Error: [{'type': 'float_type', 'loc': ('measuring_point_height',), 'msg': 'Input should be a valid number', 'input': None, 'url': 'https://errors.pydantic.dev/2.11/v/float_type'}]
PP-070|WellData|UnknownField|Validation Error: [{'type': 'float_type', 'loc': ('measuring_point_height',), 'msg': 'Input should be a valid number', 'input': None, 'url': 'https://errors.pydantic.dev/2.11/v/float_type'}]
QU-001|WellData|UnknownField|Validation Error: [{'type': 'float_type', 'loc': ('measuring_point_height',), 'msg': 'Input should be a valid number', 'input': None, 'url': 'https://errors.pydantic.dev/2.11/v/float_type'}]
QU-003|WellData|UnknownField|Validation Error: [{'type': 'value_error', 'loc': (), 'msg': 'Value error, well casing depth must be less than or equal to hole depth', 'input': {'location_id': 0, 'name': 'QU-003', 'first_visit_date': datetime.date(2012, 6, 22), 'hole_depth': 200.0, 'well_depth': 200.0, 'well_casing_diameter': 6.6000000000000005, 'well_casing_depth': 500.0, 'release_status': 'public', 'measuring_point_height': 1.13, 'measuring_point_description': None, 'notes': [{'content': 'Good location for diver between Cabresto & Guadalupe.', 'note_type': 'General'}], 'well_completion_date': '1964-07-01 00:00:00.000', 'well_driller_name': None, 'well_construction_method': None, 'well_pump_type': None, 'is_suitable_for_datalogger': False}, 'ctx': {'error': ValueError('well casing depth must be less than or equal to hole depth')}, 'url': 'https://errors.pydantic.dev/2.11/v/value_error'}]
QU-011|WellData|UnknownField|Validation Error: [{'type': 'value_error', 'loc': (), 'msg': 'Value error, well casing depth must be less than or equal to hole depth', 'input': {'location_id': 0, 'name': 'QU-011', 'first_visit_date': datetime.date(2012, 6, 22), 'hole_depth': 114.0, 'well_depth': 114.0, 'well_casing_diameter': 6.6000000000000005, 'well_casing_depth': 136.0, 'release_status': 'public', 'measuring_point_height': 0.81, 'measuring_point_description': 'Top of casing at hash', 'notes': [{'content': 'Call before visiting. Easy access. Very shallow to sand.', 'note_type': 'General'}], 'well_completion_date': '1964-02-27 00:00:00.000', 'well_driller_name': 'Stinebaugh Drilling Co.', 'well_construction_method': None, 'well_pump_type': None, 'is_suitable_for_datalogger': True}, 'ctx': {'error': ValueError('well casing depth must be less than or equal to hole depth')}, 'url': 'https://errors.pydantic.dev/2.11/v/value_error'}]
QU-012|WellData|UnknownField|Validation Error: [{'type': 'float_type', 'loc': ('measuring_point_height',), 'msg': 'Input should be a valid number', 'input': None, 'url': 'https://errors.pydantic.dev/2.11/v/float_type'}]
QU-013|WellData|UnknownField|Validation Error: [{'type': 'float_type', 'loc': ('measuring_point_height',), 'msg': 'Input should be a valid number', 'input': None, 'url': 'https://errors.pydantic.dev/2.11/v/float_type'}]
QU-014|WellData|UnknownField|Validation Error: [{'type': 'float_type', 'loc': ('measuring_point_height',), 'msg': 'Input should be a valid number', 'input': None, 'url': 'https://errors.pydantic.dev/2.11/v/float_type'}]
QU-021|WellData|UnknownField|Validation Error: [{'type': 'float_type', 'loc': ('measuring_point_height',), 'msg': 'Input should be a valid number', 'input': None, 'url': 'https://errors.pydantic.dev/2.11/v/float_type'}]
QU-025|WellData|UnknownField|Validation Error: [{'type': 'float_type', 'loc': ('measuring_point_height',), 'msg': 'Input should be a valid number', 'input': None, 'url': 'https://errors.pydantic.dev/2.11/v/float_type'}]
QU-034|WellData|UnknownField|Validation Error: [{'type': 'value_error', 'loc': (), 'msg': 'Value error, well casing depth must be less than or equal to hole depth', 'input': {'location_id': 0, 'name': 'QU-034', 'first_visit_date': datetime.date(2012, 7, 24), 'hole_depth': 56.0, 'well_depth': 56.0, 'well_casing_diameter': 6.6000000000000005, 'well_casing_depth': 90.0, 'release_status': 'public', 'measuring_point_height': 0.0, 'measuring_point_description': 'Casing cut at ground', 'notes': [{'content': 'Knock on door; owner is retired and hard of hearing. Gurgling heard in well during measuring.', 'note_type': 'General'}], 'well_completion_date': '1969-02-15 00:00:00.000', 'well_driller_name': 'Fulkerson, Wesley', 'well_construction_method': None, 'well_pump_type': None, 'is_suitable_for_datalogger': True}, 'ctx': {'error': ValueError('well casing depth must be less than or equal to hole depth')}, 'url': 'https://errors.pydantic.dev/2.11/v/value_error'}]
QU-044|WellData|UnknownField|Validation Error: [{'type': 'float_type', 'loc': ('measuring_point_height',), 'msg': 'Input should be a valid number', 'input': None, 'url': 'https://errors.pydantic.dev/2.11/v/float_type'}]
QU-045|WellData|UnknownField|Validation Error: [{'type': 'float_type', 'loc': ('measuring_point_height',), 'msg': 'Input should be a valid number', 'input': None, 'url': 'https://errors.pydantic.dev/2.11/v/float_type'}]
QU-048|WellData|UnknownField|Validation Error: [{'type': 'float_type', 'loc': ('measuring_point_height',), 'msg': 'Input should be a valid number', 'input': None, 'url': 'https://errors.pydantic.dev/2.11/v/float_type'}]
QU-063|WellData|UnknownField|Validation Error: [{'type': 'float_type', 'loc': ('measuring_point_height',), 'msg': 'Input should be a valid number', 'input': None, 'url': 'https://errors.pydantic.dev/2.11/v/float_type'}]
QU-066|WellData|UnknownField|Validation Error: [{'type': 'float_type', 'loc': ('measuring_point_height',), 'msg': 'Input should be a valid number', 'input': None, 'url': 'https://errors.pydantic.dev/2.11/v/float_type'}]
QU-119|WellData|UnknownField|Validation Error: [{'type': 'float_type', 'loc': ('measuring_point_height',), 'msg': 'Input should be a valid number', 'input': None, 'url': 'https://errors.pydantic.dev/2.11/v/float_type'}]
QU-128|WellData|UnknownField|Validation Error: [{'type': 'float_type', 'loc': ('measuring_point_height',), 'msg': 'Input should be a valid number', 'input': None, 'url': 'https://errors.pydantic.dev/2.11/v/float_type'}]
QU-129|WellData|UnknownField|Validation Error: [{'type': 'float_type', 'loc': ('measuring_point_height',), 'msg': 'Input should be a valid number', 'input': None, 'url': 'https://errors.pydantic.dev/2.11/v/float_type'}]
QU-130|WellData|UnknownField|Validation Error: [{'type': 'float_type', 'loc': ('measuring_point_height',), 'msg': 'Input should be a valid number', 'input': None, 'url': 'https://errors.pydantic.dev/2.11/v/float_type'}]
QU-131|WellData|UnknownField|Validation Error: [{'type': 'float_type', 'loc': ('measuring_point_height',), 'msg': 'Input should be a valid number', 'input': None, 'url': 'https://errors.pydantic.dev/2.11/v/float_type'}]
QU-132|WellData|UnknownField|Validation Error: [{'type': 'float_type', 'loc': ('measuring_point_height',), 'msg': 'Input should be a valid number', 'input': None, 'url': 'https://errors.pydantic.dev/2.11/v/float_type'}]
QU-133|WellData|UnknownField|Validation Error: [{'type': 'float_type', 'loc': ('measuring_point_height',), 'msg': 'Input should be a valid number', 'input': None, 'url': 'https://errors.pydantic.dev/2.11/v/float_type'}]
QU-134|WellData|UnknownField|Validation Error: [{'type': 'float_type', 'loc': ('measuring_point_height',), 'msg': 'Input should be a valid number', 'input': None, 'url': 'https://errors.pydantic.dev/2.11/v/float_type'}]
QU-135|WellData|UnknownField|Validation Error: [{'type': 'float_type', 'loc': ('measuring_point_height',), 'msg': 'Input should be a valid number', 'input': None, 'url': 'https://errors.pydantic.dev/2.11/v/float_type'}]
QU-136|WellData|UnknownField|Validation Error: [{'type': 'float_type', 'loc': ('measuring_point_height',), 'msg': 'Input should be a valid number', 'input': None, 'url': 'https://errors.pydantic.dev/2.11/v/float_type'}]
QU-137|WellData|UnknownField|Validation Error: [{'type': 'float_type', 'loc': ('measuring_point_height',), 'msg': 'Input should be a valid number', 'input': None, 'url': 'https://errors.pydantic.dev/2.11/v/float_type'}]
QU-138|WellData|UnknownField|Validation Error: [{'type': 'float_type', 'loc': ('measuring_point_height',), 'msg': 'Input should be a valid number', 'input': None, 'url': 'https://errors.pydantic.dev/2.11/v/float_type'}]
QU-139|WellData|UnknownField|Validation Error: [{'type': 'float_type', 'loc': ('measuring_point_height',), 'msg': 'Input should be a valid number', 'input': None, 'url': 'https://errors.pydantic.dev/2.11/v/float_type'}]
QU-140|WellData|UnknownField|Validation Error: [{'type': 'float_type', 'loc': ('measuring_point_height',), 'msg': 'Input should be a valid number', 'input': None, 'url': 'https://errors.pydantic.dev/2.11/v/float_type'}]
QU-141|WellData|UnknownField|Validation Error: [{'type': 'float_type', 'loc': ('measuring_point_height',), 'msg': 'Input should be a valid number', 'input': None, 'url': 'https://errors.pydantic.dev/2.11/v/float_type'}]
QU-142|WellData|UnknownField|Validation Error: [{'type': 'float_type', 'loc': ('measuring_point_height',), 'msg': 'Input should be a valid number', 'input': None, 'url': 'https://errors.pydantic.dev/2.11/v/float_type'}]
QU-144|WellData|UnknownField|Validation Error: [{'type': 'float_type', 'loc': ('measuring_point_height',), 'msg': 'Input should be a valid number', 'input': None, 'url': 'https://errors.pydantic.dev/2.11/v/float_type'}]
QU-147|WellData|UnknownField|Validation Error: [{'type': 'float_type', 'loc': ('measuring_point_height',), 'msg': 'Input should be a valid number', 'input': None, 'url': 'https://errors.pydantic.dev/2.11/v/float_type'}]
QU-148|WellData|UnknownField|Validation Error: [{'type': 'float_type', 'loc': ('measuring_point_height',), 'msg': 'Input should be a valid number', 'input': None, 'url': 'https://errors.pydantic.dev/2.11/v/float_type'}]
QU-149|WellData|UnknownField|Validation Error: [{'type': 'float_type', 'loc': ('measuring_point_height',), 'msg': 'Input should be a valid number', 'input': None, 'url': 'https://errors.pydantic.dev/2.11/v/float_type'}]
QU-162|WellData|UnknownField|Validation Error: [{'type': 'float_type', 'loc': ('measuring_point_height',), 'msg': 'Input should be a valid number', 'input': None, 'url': 'https://errors.pydantic.dev/2.11/v/float_type'}]
QU-169|WellData|UnknownField|Validation Error: [{'type': 'float_type', 'loc': ('measuring_point_height',), 'msg': 'Input should be a valid number', 'input': None, 'url': 'https://errors.pydantic.dev/2.11/v/float_type'}]
QU-175|WellData|UnknownField|Validation Error: [{'type': 'float_type', 'loc': ('measuring_point_height',), 'msg': 'Input should be a valid number', 'input': None, 'url': 'https://errors.pydantic.dev/2.11/v/float_type'}]
QY-0288|WellData|UnknownField|Validation Error: [{'type': 'value_error', 'loc': (), 'msg': 'Value error, well casing depth must be less than or equal to hole depth', 'input': {'location_id': 0, 'name': 'QY-0288', 'first_visit_date': datetime.date(2015, 9, 28), 'hole_depth': 350.0, 'well_depth': 350.0, 'well_casing_diameter': 5.0000004, 'well_casing_depth': 360.0, 'release_status': 'public', 'measuring_point_height': 0.0, 'measuring_point_description': 'WLs reported bgs. Entered zero for mp height for calculated fields. Actual MP height may not be zero.', 'notes': [], 'well_completion_date': None, 'well_driller_name': None, 'well_construction_method': None, 'well_pump_type': None, 'is_suitable_for_datalogger': False}, 'ctx': {'error': ValueError('well casing depth must be less than or equal to hole depth')}, 'url': 'https://errors.pydantic.dev/2.11/v/value_error'}]
QY-0726|WellData|UnknownField|Validation Error: [{'type': 'value_error', 'loc': (), 'msg': 'Value error, well casing depth must be less than or equal to hole depth', 'input': {'location_id': 0, 'name': 'QY-0726', 'first_visit_date': datetime.date(2015, 9, 28), 'hole_depth': 124.0, 'well_depth': 124.0, 'well_casing_diameter': 5.0000004, 'well_casing_depth': 140.0, 'release_status': 'public', 'measuring_point_height': 0.0, 'measuring_point_description': 'WLs reported bgs. Entered zero for mp height for calculated fields. Actual MP height may not be zero.', 'notes': [], 'well_completion_date': '1931-01-01 00:00:00.000', 'well_driller_name': 'Kirk, Joe', 'well_construction_method': None, 'well_pump_type': None, 'is_suitable_for_datalogger': False}, 'ctx': {'error': ValueError('well casing depth must be less than or equal to hole depth')}, 'url': 'https://errors.pydantic.dev/2.11/v/value_error'}]
QY-0727|WellData|UnknownField|Validation Error: [{'type': 'value_error', 'loc': (), 'msg': 'Value error, well casing depth must be less than or equal to hole depth', 'input': {'location_id': 0, 'name': 'QY-0727', 'first_visit_date': datetime.date(2015, 9, 28), 'hole_depth': 108.0, 'well_depth': 108.0, 'well_casing_diameter': 5.0000004, 'well_casing_depth': 110.0, 'release_status': 'public', 'measuring_point_height': 0.0, 'measuring_point_description': 'WLs reported bgs. Entered zero for mp height for calculated fields. Actual MP height may not be zero.', 'notes': [], 'well_completion_date': '1945-01-01 00:00:00.000', 'well_driller_name': 'Kirk, Joe', 'well_construction_method': None, 'well_pump_type': None, 'is_suitable_for_datalogger': False}, 'ctx': {'error': ValueError('well casing depth must be less than or equal to hole depth')}, 'url': 'https://errors.pydantic.dev/2.11/v/value_error'}]
QY-0832|WellData|Unknown|Unknown lexicon value: LU_CurrentUse:,
QY-0902|WellData|UnknownField|Validation Error: [{'type': 'value_error', 'loc': (), 'msg': 'Value error, well casing depth must be less than or equal to hole depth', 'input': {'location_id': 0, 'name': 'QY-0902', 'first_visit_date': datetime.date(2015, 9, 28), 'hole_depth': 272.0, 'well_depth': 272.0, 'well_casing_diameter': 5.0000004, 'well_casing_depth': 280.0, 'release_status': 'public', 'measuring_point_height': 0.0, 'measuring_point_description': 'WLs reported bgs. Entered zero for mp height for calculated fields. Actual MP height may not be zero.', 'notes': [], 'well_completion_date': '1950-01-01 00:00:00.000', 'well_driller_name': 'Gillean, R.C.', 'well_construction_method': None, 'well_pump_type': None, 'is_suitable_for_datalogger': False}, 'ctx': {'error': ValueError('well casing depth must be less than or equal to hole depth')}, 'url': 'https://errors.pydantic.dev/2.11/v/value_error'}]
RA-039|WellData|UnknownField|Validation Error: [{'type': 'float_type', 'loc': ('measuring_point_height',), 'msg': 'Input should be a valid number', 'input': None, 'url': 'https://errors.pydantic.dev/2.11/v/float_type'}]
RA-111|WellData|UnknownField|Validation Error: [{'type': 'float_type', 'loc': ('measuring_point_height',), 'msg': 'Input should be a valid number', 'input': None, 'url': 'https://errors.pydantic.dev/2.11/v/float_type'}]
RA-112|WellData|UnknownField|Validation Error: [{'type': 'float_type', 'loc': ('measuring_point_height',), 'msg': 'Input should be a valid number', 'input': None, 'url': 'https://errors.pydantic.dev/2.11/v/float_type'}]
RA-116|WellData|UnknownField|Validation Error: [{'type': 'float_type', 'loc': ('measuring_point_height',), 'msg': 'Input should be a valid number', 'input': None, 'url': 'https://errors.pydantic.dev/2.11/v/float_type'}]
SA-0019|WellData|UnknownField|"Validation Error: [{'type': 'value_error', 'loc': (), 'msg': 'Value error, well casing depth must be less than or equal to hole depth', 'input': {'location_id': 0, 'name': 'SA-0019', 'first_visit_date': datetime.date(2009, 9, 30), 'hole_depth': 120.0, 'well_depth': 120.0, 'well_casing_diameter': 3.9960000000000004, 'well_casing_depth': 350.0, 'release_status': 'public', 'measuring_point_height': 0.3, 'measuring_point_description': '1"" hole in casing marked w/orange paint, RP location is concrete slab (0 ft)', 'notes': [{'content': 'Obstruction at 76 ft, bottom of well?', 'note_type': 'General'}], 'well_completion_date': '2011-01-17 00:00:00.000', 'well_driller_name': 'Sirman Drilling & Construction', 'well_construction_method': 'Air-Rotary', 'well_pump_type': None, 'is_suitable_for_datalogger': False}, 'ctx': {'error': ValueError('well casing depth must be less than or equal to hole depth')}, 'url': 'https://errors.pydantic.dev/2.11/v/value_error'}]"
SA-0036|WellData|UnknownField|"Validation Error: [{'type': 'value_error', 'loc': (), 'msg': 'Value error, well depth must be less than than or equal to hole depth', 'input': {'location_id': 0, 'name': 'SA-0036', 'first_visit_date': datetime.date(2009, 9, 30), 'hole_depth': 120.0, 'well_depth': 140.0, 'well_casing_diameter': 6.0, 'well_casing_depth': None, 'release_status': 'public', 'measuring_point_height': 0.4, 'measuring_point_description': 'Edge of steel casing marked w/orange paint.', 'notes': [{'content': 'Call in advance. May need to turn off well and let rest at least 15 min. Owners request - DO NOT jack up top plate  - foot valve on bottom of well. Raise 1/2"" w/ crowbar.', 'note_type': 'General'}], 'well_completion_date': None, 'well_driller_name': None, 'well_construction_method': None, 'well_pump_type': None, 'is_suitable_for_datalogger': False}, 'ctx': {'error': ValueError('well depth must be less than than or equal to hole depth')}, 'url': 'https://errors.pydantic.dev/2.11/v/value_error'}]"
SA-0319|WellData|UnknownField|"Validation Error: [{'type': 'value_error', 'loc': (), 'msg': 'Value error, well casing depth must be less than or equal to hole depth', 'input': {'location_id': 0, 'name': 'SA-0319', 'first_visit_date': datetime.date(2009, 7, 29), 'hole_depth': 65.0, 'well_depth': 65.0, 'well_casing_diameter': 3.96, 'well_casing_depth': 150.0, 'release_status': 'public', 'measuring_point_height': 0.0, 'measuring_point_description': ""Put in MP Hgt of 0.0' so SW elevation would not be blank."", 'notes': [], 'well_completion_date': '2001-11-29 00:00:00.000', 'well_driller_name': 'Mauldin Drilling Company', 'well_construction_method': None, 'well_pump_type': None, 'is_suitable_for_datalogger': False}, 'ctx': {'error': ValueError('well casing depth must be less than or equal to hole depth')}, 'url': 'https://errors.pydantic.dev/2.11/v/value_error'}]"
SAC-0289|WellData|UnknownField|Validation Error: [{'type': 'float_type', 'loc': ('measuring_point_height',), 'msg': 'Input should be a valid number', 'input': None, 'url': 'https://errors.pydantic.dev/2.11/v/float_type'}]
SAC-0299|WellData|Unknown|Unknown lexicon value: LU_CurrentUse:W
SB-0914|WellData|UnknownField|Validation Error: [{'type': 'float_type', 'loc': ('measuring_point_height',), 'msg': 'Input should be a valid number', 'input': None, 'url': 'https://errors.pydantic.dev/2.11/v/float_type'}]
SB-0919|WellData|UnknownField|Validation Error: [{'type': 'float_type', 'loc': ('measuring_point_height',), 'msg': 'Input should be a valid number', 'input': None, 'url': 'https://errors.pydantic.dev/2.11/v/float_type'}]
SM-0012|WellData|UnknownField|"Validation Error: [{'type': 'value_error', 'loc': (), 'msg': 'Value error, well casing depth must be less than or equal to hole depth', 'input': {'location_id': 0, 'name': 'SM-0012', 'first_visit_date': datetime.date(2005, 11, 11), 'hole_depth': 355.0, 'well_depth': 355.0, 'well_casing_diameter': 6.0, 'well_casing_depth': 356.0, 'release_status': 'public', 'measuring_point_height': 1.65, 'measuring_point_description': 'TOC. 8 5/8"" steel surface collar; 5"" pvc casing to TD', 'notes': [{'content': 'Anytime.  Must put tape down inner pvc pipe on side away from church (very spotty). Lid requires use of rubber mallet.  Hits cavernous zone and blows air (pull tape out fast). Sonic only. Possibly try again with steel tape?', 'note_type': 'General'}], 'well_completion_date': '2002-04-02 00:00:00.000', 'well_driller_name': 'Richard Carter', 'well_construction_method': 'Air-Rotary', 'well_pump_type': None, 'is_suitable_for_datalogger': False}, 'ctx': {'error': ValueError('well casing depth must be less than or equal to hole depth')}, 'url': 'https://errors.pydantic.dev/2.11/v/value_error'}]"
SM-0049|WellData|UnknownField|"Validation Error: [{'type': 'value_error', 'loc': (), 'msg': 'Value error, well casing depth must be less than or equal to hole depth', 'input': {'location_id': 0, 'name': 'SM-0049', 'first_visit_date': datetime.date(2005, 11, 11), 'hole_depth': 298.0, 'well_depth': 298.0, 'well_casing_diameter': 6.720000000000001, 'well_casing_depth': 310.0, 'release_status': 'public', 'measuring_point_height': 1.9, 'measuring_point_description': 'TOC (metal casing)', 'notes': [{'content': ""Call to inform him when we'll be out there. Gate to subdivision off of main road often dummy-locked. Gate to house usually locked unless owner notified. November: Logger has 7m of upward range remaining - quickly responds! Watch carefully."", 'note_type': 'General'}], 'well_completion_date': '1979-05-08 00:00:00.000', 'well_driller_name': 'Braziel Well Drilling', 'well_construction_method': 'Air-Rotary', 'well_pump_type': None, 'is_suitable_for_datalogger': False}, 'ctx': {'error': ValueError('well casing depth must be less than or equal to hole depth')}, 'url': 'https://errors.pydantic.dev/2.11/v/value_error'}]"
SM-0067|WellData|UnknownField|Validation Error: [{'type': 'float_type', 'loc': ('measuring_point_height',), 'msg': 'Input should be a valid number', 'input': None, 'url': 'https://errors.pydantic.dev/2.11/v/float_type'}]
SM-0081|WellData|UnknownField|Validation Error: [{'type': 'float_type', 'loc': ('measuring_point_height',), 'msg': 'Input should be a valid number', 'input': None, 'url': 'https://errors.pydantic.dev/2.11/v/float_type'}]
SM-0098|WellData|UnknownField|Validation Error: [{'type': 'float_type', 'loc': ('measuring_point_height',), 'msg': 'Input should be a valid number', 'input': None, 'url': 'https://errors.pydantic.dev/2.11/v/float_type'}]
SM-0104|WellData|UnknownField|Validation Error: [{'type': 'float_type', 'loc': ('measuring_point_height',), 'msg': 'Input should be a valid number', 'input': None, 'url': 'https://errors.pydantic.dev/2.11/v/float_type'}]
SM-0105|WellData|UnknownField|Validation Error: [{'type': 'float_type', 'loc': ('measuring_point_height',), 'msg': 'Input should be a valid number', 'input': None, 'url': 'https://errors.pydantic.dev/2.11/v/float_type'}]
SM-0106|WellData|UnknownField|Validation Error: [{'type': 'float_type', 'loc': ('measuring_point_height',), 'msg': 'Input should be a valid number', 'input': None, 'url': 'https://errors.pydantic.dev/2.11/v/float_type'}]
SM-0108|WellData|UnknownField|Validation Error: [{'type': 'float_type', 'loc': ('measuring_point_height',), 'msg': 'Input should be a valid number', 'input': None, 'url': 'https://errors.pydantic.dev/2.11/v/float_type'}]
SM-0109|WellData|UnknownField|Validation Error: [{'type': 'float_type', 'loc': ('measuring_point_height',), 'msg': 'Input should be a valid number', 'input': None, 'url': 'https://errors.pydantic.dev/2.11/v/float_type'}]
SM-0110|WellData|UnknownField|Validation Error: [{'type': 'float_type', 'loc': ('measuring_point_height',), 'msg': 'Input should be a valid number', 'input': None, 'url': 'https://errors.pydantic.dev/2.11/v/float_type'}]
SM-0111|WellData|UnknownField|Validation Error: [{'type': 'float_type', 'loc': ('measuring_point_height',), 'msg': 'Input should be a valid number', 'input': None, 'url': 'https://errors.pydantic.dev/2.11/v/float_type'}]
SM-0112|WellData|UnknownField|Validation Error: [{'type': 'float_type', 'loc': ('measuring_point_height',), 'msg': 'Input should be a valid number', 'input': None, 'url': 'https://errors.pydantic.dev/2.11/v/float_type'}]
SM-0133|WellData|UnknownField|Validation Error: [{'type': 'float_type', 'loc': ('measuring_point_height',), 'msg': 'Input should be a valid number', 'input': None, 'url': 'https://errors.pydantic.dev/2.11/v/float_type'}]
SM-0134|WellData|UnknownField|Validation Error: [{'type': 'float_type', 'loc': ('measuring_point_height',), 'msg': 'Input should be a valid number', 'input': None, 'url': 'https://errors.pydantic.dev/2.11/v/float_type'}]
SM-0135|WellData|UnknownField|Validation Error: [{'type': 'float_type', 'loc': ('measuring_point_height',), 'msg': 'Input should be a valid number', 'input': None, 'url': 'https://errors.pydantic.dev/2.11/v/float_type'}]
SM-0138|WellData|UnknownField|Validation Error: [{'type': 'float_type', 'loc': ('measuring_point_height',), 'msg': 'Input should be a valid number', 'input': None, 'url': 'https://errors.pydantic.dev/2.11/v/float_type'}]
SM-0140|WellData|UnknownField|Validation Error: [{'type': 'float_type', 'loc': ('measuring_point_height',), 'msg': 'Input should be a valid number', 'input': None, 'url': 'https://errors.pydantic.dev/2.11/v/float_type'}]
SM-0143|WellData|UnknownField|Validation Error: [{'type': 'float_type', 'loc': ('measuring_point_height',), 'msg': 'Input should be a valid number', 'input': None, 'url': 'https://errors.pydantic.dev/2.11/v/float_type'}]
SM-0144|WellData|UnknownField|Validation Error: [{'type': 'float_type', 'loc': ('measuring_point_height',), 'msg': 'Input should be a valid number', 'input': None, 'url': 'https://errors.pydantic.dev/2.11/v/float_type'}]
SM-0145|WellData|UnknownField|Validation Error: [{'type': 'float_type', 'loc': ('measuring_point_height',), 'msg': 'Input should be a valid number', 'input': None, 'url': 'https://errors.pydantic.dev/2.11/v/float_type'}]
SM-0146|WellData|UnknownField|Validation Error: [{'type': 'float_type', 'loc': ('measuring_point_height',), 'msg': 'Input should be a valid number', 'input': None, 'url': 'https://errors.pydantic.dev/2.11/v/float_type'}]
SM-0147|WellData|UnknownField|Validation Error: [{'type': 'float_type', 'loc': ('measuring_point_height',), 'msg': 'Input should be a valid number', 'input': None, 'url': 'https://errors.pydantic.dev/2.11/v/float_type'}]
SM-0148|WellData|UnknownField|Validation Error: [{'type': 'float_type', 'loc': ('measuring_point_height',), 'msg': 'Input should be a valid number', 'input': None, 'url': 'https://errors.pydantic.dev/2.11/v/float_type'}]
SM-0149|WellData|UnknownField|Validation Error: [{'type': 'float_type', 'loc': ('measuring_point_height',), 'msg': 'Input should be a valid number', 'input': None, 'url': 'https://errors.pydantic.dev/2.11/v/float_type'}]
SM-0151|WellData|UnknownField|Validation Error: [{'type': 'float_type', 'loc': ('measuring_point_height',), 'msg': 'Input should be a valid number', 'input': None, 'url': 'https://errors.pydantic.dev/2.11/v/float_type'}]
SM-0152|WellData|UnknownField|Validation Error: [{'type': 'float_type', 'loc': ('measuring_point_height',), 'msg': 'Input should be a valid number', 'input': None, 'url': 'https://errors.pydantic.dev/2.11/v/float_type'}]
SM-0155|WellData|UnknownField|Validation Error: [{'type': 'float_type', 'loc': ('measuring_point_height',), 'msg': 'Input should be a valid number', 'input': None, 'url': 'https://errors.pydantic.dev/2.11/v/float_type'}]
SM-0156|WellData|UnknownField|Validation Error: [{'type': 'float_type', 'loc': ('measuring_point_height',), 'msg': 'Input should be a valid number', 'input': None, 'url': 'https://errors.pydantic.dev/2.11/v/float_type'}]
SM-0157|WellData|UnknownField|Validation Error: [{'type': 'float_type', 'loc': ('measuring_point_height',), 'msg': 'Input should be a valid number', 'input': None, 'url': 'https://errors.pydantic.dev/2.11/v/float_type'}]
SM-0158|WellData|UnknownField|Validation Error: [{'type': 'float_type', 'loc': ('measuring_point_height',), 'msg': 'Input should be a valid number', 'input': None, 'url': 'https://errors.pydantic.dev/2.11/v/float_type'}]
SM-0159|WellData|UnknownField|Validation Error: [{'type': 'float_type', 'loc': ('measuring_point_height',), 'msg': 'Input should be a valid number', 'input': None, 'url': 'https://errors.pydantic.dev/2.11/v/float_type'}]
SM-0160|WellData|UnknownField|Validation Error: [{'type': 'float_type', 'loc': ('measuring_point_height',), 'msg': 'Input should be a valid number', 'input': None, 'url': 'https://errors.pydantic.dev/2.11/v/float_type'}]
SM-0161|WellData|UnknownField|Validation Error: [{'type': 'float_type', 'loc': ('measuring_point_height',), 'msg': 'Input should be a valid number', 'input': None, 'url': 'https://errors.pydantic.dev/2.11/v/float_type'}]
SM-0162|WellData|UnknownField|Validation Error: [{'type': 'float_type', 'loc': ('measuring_point_height',), 'msg': 'Input should be a valid number', 'input': None, 'url': 'https://errors.pydantic.dev/2.11/v/float_type'}]
SM-0163|WellData|UnknownField|Validation Error: [{'type': 'float_type', 'loc': ('measuring_point_height',), 'msg': 'Input should be a valid number', 'input': None, 'url': 'https://errors.pydantic.dev/2.11/v/float_type'}]
SM-0164|WellData|UnknownField|Validation Error: [{'type': 'float_type', 'loc': ('measuring_point_height',), 'msg': 'Input should be a valid number', 'input': None, 'url': 'https://errors.pydantic.dev/2.11/v/float_type'}]
SM-0165|WellData|UnknownField|Validation Error: [{'type': 'float_type', 'loc': ('measuring_point_height',), 'msg': 'Input should be a valid number', 'input': None, 'url': 'https://errors.pydantic.dev/2.11/v/float_type'}]
SM-0166|WellData|UnknownField|Validation Error: [{'type': 'float_type', 'loc': ('measuring_point_height',), 'msg': 'Input should be a valid number', 'input': None, 'url': 'https://errors.pydantic.dev/2.11/v/float_type'}]
SM-0167|WellData|UnknownField|Validation Error: [{'type': 'float_type', 'loc': ('measuring_point_height',), 'msg': 'Input should be a valid number', 'input': None, 'url': 'https://errors.pydantic.dev/2.11/v/float_type'}]
SM-0168|WellData|UnknownField|Validation Error: [{'type': 'float_type', 'loc': ('measuring_point_height',), 'msg': 'Input should be a valid number', 'input': None, 'url': 'https://errors.pydantic.dev/2.11/v/float_type'}]
SM-0169|WellData|UnknownField|Validation Error: [{'type': 'float_type', 'loc': ('measuring_point_height',), 'msg': 'Input should be a valid number', 'input': None, 'url': 'https://errors.pydantic.dev/2.11/v/float_type'}]
SM-0171|WellData|UnknownField|Validation Error: [{'type': 'float_type', 'loc': ('measuring_point_height',), 'msg': 'Input should be a valid number', 'input': None, 'url': 'https://errors.pydantic.dev/2.11/v/float_type'}]
SM-0175|WellData|UnknownField|Validation Error: [{'type': 'float_type', 'loc': ('measuring_point_height',), 'msg': 'Input should be a valid number', 'input': None, 'url': 'https://errors.pydantic.dev/2.11/v/float_type'}]
SM-0177|WellData|UnknownField|Validation Error: [{'type': 'float_type', 'loc': ('measuring_point_height',), 'msg': 'Input should be a valid number', 'input': None, 'url': 'https://errors.pydantic.dev/2.11/v/float_type'}]
SM-0178|WellData|UnknownField|Validation Error: [{'type': 'float_type', 'loc': ('measuring_point_height',), 'msg': 'Input should be a valid number', 'input': None, 'url': 'https://errors.pydantic.dev/2.11/v/float_type'}]
SM-0179|WellData|UnknownField|Validation Error: [{'type': 'float_type', 'loc': ('measuring_point_height',), 'msg': 'Input should be a valid number', 'input': None, 'url': 'https://errors.pydantic.dev/2.11/v/float_type'}]
SM-0181|WellData|UnknownField|Validation Error: [{'type': 'float_type', 'loc': ('measuring_point_height',), 'msg': 'Input should be a valid number', 'input': None, 'url': 'https://errors.pydantic.dev/2.11/v/float_type'}]
SM-0182|WellData|UnknownField|Validation Error: [{'type': 'float_type', 'loc': ('measuring_point_height',), 'msg': 'Input should be a valid number', 'input': None, 'url': 'https://errors.pydantic.dev/2.11/v/float_type'}]
SM-0184|WellData|UnknownField|Validation Error: [{'type': 'float_type', 'loc': ('measuring_point_height',), 'msg': 'Input should be a valid number', 'input': None, 'url': 'https://errors.pydantic.dev/2.11/v/float_type'}]
SM-0185|WellData|UnknownField|Validation Error: [{'type': 'float_type', 'loc': ('measuring_point_height',), 'msg': 'Input should be a valid number', 'input': None, 'url': 'https://errors.pydantic.dev/2.11/v/float_type'}]
SM-0186|WellData|UnknownField|Validation Error: [{'type': 'float_type', 'loc': ('measuring_point_height',), 'msg': 'Input should be a valid number', 'input': None, 'url': 'https://errors.pydantic.dev/2.11/v/float_type'}]
SM-0187|WellData|UnknownField|Validation Error: [{'type': 'float_type', 'loc': ('measuring_point_height',), 'msg': 'Input should be a valid number', 'input': None, 'url': 'https://errors.pydantic.dev/2.11/v/float_type'}]
SM-0189|WellData|UnknownField|Validation Error: [{'type': 'float_type', 'loc': ('measuring_point_height',), 'msg': 'Input should be a valid number', 'input': None, 'url': 'https://errors.pydantic.dev/2.11/v/float_type'}]
SM-0190|WellData|UnknownField|Validation Error: [{'type': 'float_type', 'loc': ('measuring_point_height',), 'msg': 'Input should be a valid number', 'input': None, 'url': 'https://errors.pydantic.dev/2.11/v/float_type'}]
SM-0191|WellData|UnknownField|Validation Error: [{'type': 'float_type', 'loc': ('measuring_point_height',), 'msg': 'Input should be a valid number', 'input': None, 'url': 'https://errors.pydantic.dev/2.11/v/float_type'}]
SM-0192|WellData|UnknownField|Validation Error: [{'type': 'float_type', 'loc': ('measuring_point_height',), 'msg': 'Input should be a valid number', 'input': None, 'url': 'https://errors.pydantic.dev/2.11/v/float_type'}]
SM-0193|WellData|UnknownField|Validation Error: [{'type': 'float_type', 'loc': ('measuring_point_height',), 'msg': 'Input should be a valid number', 'input': None, 'url': 'https://errors.pydantic.dev/2.11/v/float_type'}]
SM-0194|WellData|UnknownField|Validation Error: [{'type': 'float_type', 'loc': ('measuring_point_height',), 'msg': 'Input should be a valid number', 'input': None, 'url': 'https://errors.pydantic.dev/2.11/v/float_type'}]
SM-0195|WellData|UnknownField|Validation Error: [{'type': 'float_type', 'loc': ('measuring_point_height',), 'msg': 'Input should be a valid number', 'input': None, 'url': 'https://errors.pydantic.dev/2.11/v/float_type'}]
SM-0196|WellData|UnknownField|Validation Error: [{'type': 'float_type', 'loc': ('measuring_point_height',), 'msg': 'Input should be a valid number', 'input': None, 'url': 'https://errors.pydantic.dev/2.11/v/float_type'}]
SM-0197|WellData|UnknownField|Validation Error: [{'type': 'float_type', 'loc': ('measuring_point_height',), 'msg': 'Input should be a valid number', 'input': None, 'url': 'https://errors.pydantic.dev/2.11/v/float_type'}]
SM-0198|WellData|UnknownField|Validation Error: [{'type': 'float_type', 'loc': ('measuring_point_height',), 'msg': 'Input should be a valid number', 'input': None, 'url': 'https://errors.pydantic.dev/2.11/v/float_type'}]
SM-0199|WellData|UnknownField|Validation Error: [{'type': 'float_type', 'loc': ('measuring_point_height',), 'msg': 'Input should be a valid number', 'input': None, 'url': 'https://errors.pydantic.dev/2.11/v/float_type'}]
SM-0200|WellData|UnknownField|Validation Error: [{'type': 'float_type', 'loc': ('measuring_point_height',), 'msg': 'Input should be a valid number', 'input': None, 'url': 'https://errors.pydantic.dev/2.11/v/float_type'}]
SM-0201|WellData|UnknownField|Validation Error: [{'type': 'float_type', 'loc': ('measuring_point_height',), 'msg': 'Input should be a valid number', 'input': None, 'url': 'https://errors.pydantic.dev/2.11/v/float_type'}]
SM-0202|WellData|UnknownField|Validation Error: [{'type': 'float_type', 'loc': ('measuring_point_height',), 'msg': 'Input should be a valid number', 'input': None, 'url': 'https://errors.pydantic.dev/2.11/v/float_type'}]
SM-0203|WellData|UnknownField|Validation Error: [{'type': 'float_type', 'loc': ('measuring_point_height',), 'msg': 'Input should be a valid number', 'input': None, 'url': 'https://errors.pydantic.dev/2.11/v/float_type'}]
SM-0208|WellData|UnknownField|Validation Error: [{'type': 'float_type', 'loc': ('measuring_point_height',), 'msg': 'Input should be a valid number', 'input': None, 'url': 'https://errors.pydantic.dev/2.11/v/float_type'}]
SM-0218|WellData|UnknownField|Validation Error: [{'type': 'float_type', 'loc': ('measuring_point_height',), 'msg': 'Input should be a valid number', 'input': None, 'url': 'https://errors.pydantic.dev/2.11/v/float_type'}]
SM-0239|WellData|UnknownField|Validation Error: [{'type': 'float_type', 'loc': ('measuring_point_height',), 'msg': 'Input should be a valid number', 'input': None, 'url': 'https://errors.pydantic.dev/2.11/v/float_type'}]
SM-0240|WellData|UnknownField|Validation Error: [{'type': 'float_type', 'loc': ('measuring_point_height',), 'msg': 'Input should be a valid number', 'input': None, 'url': 'https://errors.pydantic.dev/2.11/v/float_type'}]
SM-0256|WellData|UnknownField|Validation Error: [{'type': 'float_type', 'loc': ('measuring_point_height',), 'msg': 'Input should be a valid number', 'input': None, 'url': 'https://errors.pydantic.dev/2.11/v/float_type'}]
SO-0002|WellData|UnknownField|Validation Error: [{'type': 'float_type', 'loc': ('measuring_point_height',), 'msg': 'Input should be a valid number', 'input': None, 'url': 'https://errors.pydantic.dev/2.11/v/float_type'}]
SV-0012|WellData|UnknownField|Validation Error: [{'type': 'value_error', 'loc': (), 'msg': 'Value error, well depth must be less than than or equal to hole depth', 'input': {'location_id': 0, 'name': 'SV-0012', 'first_visit_date': datetime.date(2016, 7, 29), 'hole_depth': 257.0, 'well_depth': 275.0, 'well_casing_diameter': None, 'well_casing_depth': 190.0, 'release_status': 'private', 'measuring_point_height': 2.17, 'measuring_point_description': None, 'notes': [], 'well_completion_date': '1995-06-19 00:00:00.000', 'well_driller_name': 'Earl & Sons, Inc.', 'well_construction_method': None, 'well_pump_type': None, 'is_suitable_for_datalogger': False}, 'ctx': {'error': ValueError('well depth must be less than than or equal to hole depth')}, 'url': 'https://errors.pydantic.dev/2.11/v/value_error'}]
SV-0125|WellData|UnknownField|Validation Error: [{'type': 'value_error', 'loc': (), 'msg': 'Value error, well casing depth must be less than or equal to hole depth', 'input': {'location_id': 0, 'name': 'SV-0125', 'first_visit_date': datetime.date(2016, 7, 29), 'hole_depth': 375.0, 'well_depth': 375.0, 'well_casing_diameter': 5.5200000000000005, 'well_casing_depth': 380.0, 'release_status': 'private', 'measuring_point_height': 1.67, 'measuring_point_description': None, 'notes': [], 'well_completion_date': '1996-07-27 00:00:00.000', 'well_driller_name': 'Earl & Sons, Inc.', 'well_construction_method': 'Driven', 'well_pump_type': None, 'is_suitable_for_datalogger': False}, 'ctx': {'error': ValueError('well casing depth must be less than or equal to hole depth')}, 'url': 'https://errors.pydantic.dev/2.11/v/value_error'}]
TB-0010|WellData|UnknownField|Validation Error: [{'type': 'float_type', 'loc': ('measuring_point_height',), 'msg': 'Input should be a valid number', 'input': None, 'url': 'https://errors.pydantic.dev/2.11/v/float_type'}]
TB-0011|WellData|UnknownField|Validation Error: [{'type': 'float_type', 'loc': ('measuring_point_height',), 'msg': 'Input should be a valid number', 'input': None, 'url': 'https://errors.pydantic.dev/2.11/v/float_type'}]
TB-0078|WellData|UnknownField|Validation Error: [{'type': 'float_type', 'loc': ('measuring_point_height',), 'msg': 'Input should be a valid number', 'input': None, 'url': 'https://errors.pydantic.dev/2.11/v/float_type'}]
TB-0099|WellData|UnknownField|Validation Error: [{'type': 'float_type', 'loc': ('measuring_point_height',), 'msg': 'Input should be a valid number', 'input': None, 'url': 'https://errors.pydantic.dev/2.11/v/float_type'}]
TB-0160|WellData|UnknownField|Validation Error: [{'type': 'float_type', 'loc': ('measuring_point_height',), 'msg': 'Input should be a valid number', 'input': None, 'url': 'https://errors.pydantic.dev/2.11/v/float_type'}]
TB-0178|WellData|UnknownField|Validation Error: [{'type': 'float_type', 'loc': ('measuring_point_height',), 'msg': 'Input should be a valid number', 'input': None, 'url': 'https://errors.pydantic.dev/2.11/v/float_type'}]
TB-0193|WellData|UnknownField|Validation Error: [{'type': 'float_type', 'loc': ('measuring_point_height',), 'msg': 'Input should be a valid number', 'input': None, 'url': 'https://errors.pydantic.dev/2.11/v/float_type'}]
TB-0216|WellData|UnknownField|Validation Error: [{'type': 'float_type', 'loc': ('measuring_point_height',), 'msg': 'Input should be a valid number', 'input': None, 'url': 'https://errors.pydantic.dev/2.11/v/float_type'}]
TB-0231|WellData|UnknownField|Validation Error: [{'type': 'float_type', 'loc': ('measuring_point_height',), 'msg': 'Input should be a valid number', 'input': None, 'url': 'https://errors.pydantic.dev/2.11/v/float_type'}]
TB-0232|WellData|UnknownField|Validation Error: [{'type': 'float_type', 'loc': ('measuring_point_height',), 'msg': 'Input should be a valid number', 'input': None, 'url': 'https://errors.pydantic.dev/2.11/v/float_type'}]
TB-0235|WellData|UnknownField|Validation Error: [{'type': 'float_type', 'loc': ('measuring_point_height',), 'msg': 'Input should be a valid number', 'input': None, 'url': 'https://errors.pydantic.dev/2.11/v/float_type'}]
TB-0237|WellData|UnknownField|Validation Error: [{'type': 'float_type', 'loc': ('measuring_point_height',), 'msg': 'Input should be a valid number', 'input': None, 'url': 'https://errors.pydantic.dev/2.11/v/float_type'}]
TB-0238|WellData|UnknownField|Validation Error: [{'type': 'float_type', 'loc': ('measuring_point_height',), 'msg': 'Input should be a valid number', 'input': None, 'url': 'https://errors.pydantic.dev/2.11/v/float_type'}]
TB-0239|WellData|UnknownField|Validation Error: [{'type': 'float_type', 'loc': ('measuring_point_height',), 'msg': 'Input should be a valid number', 'input': None, 'url': 'https://errors.pydantic.dev/2.11/v/float_type'}]
TB-0256|WellData|UnknownField|Validation Error: [{'type': 'float_type', 'loc': ('measuring_point_height',), 'msg': 'Input should be a valid number', 'input': None, 'url': 'https://errors.pydantic.dev/2.11/v/float_type'}]
TB-0257|WellData|UnknownField|Validation Error: [{'type': 'float_type', 'loc': ('measuring_point_height',), 'msg': 'Input should be a valid number', 'input': None, 'url': 'https://errors.pydantic.dev/2.11/v/float_type'}]
TB-0258|WellData|UnknownField|Validation Error: [{'type': 'float_type', 'loc': ('measuring_point_height',), 'msg': 'Input should be a valid number', 'input': None, 'url': 'https://errors.pydantic.dev/2.11/v/float_type'}]
TB-0259|WellData|UnknownField|Validation Error: [{'type': 'float_type', 'loc': ('measuring_point_height',), 'msg': 'Input should be a valid number', 'input': None, 'url': 'https://errors.pydantic.dev/2.11/v/float_type'}]
TB-0260|WellData|UnknownField|Validation Error: [{'type': 'float_type', 'loc': ('measuring_point_height',), 'msg': 'Input should be a valid number', 'input': None, 'url': 'https://errors.pydantic.dev/2.11/v/float_type'}]
TB-0261|WellData|UnknownField|Validation Error: [{'type': 'float_type', 'loc': ('measuring_point_height',), 'msg': 'Input should be a valid number', 'input': None, 'url': 'https://errors.pydantic.dev/2.11/v/float_type'}]
TB-0262|WellData|UnknownField|Validation Error: [{'type': 'float_type', 'loc': ('measuring_point_height',), 'msg': 'Input should be a valid number', 'input': None, 'url': 'https://errors.pydantic.dev/2.11/v/float_type'}]
TB-0263|WellData|UnknownField|Validation Error: [{'type': 'float_type', 'loc': ('measuring_point_height',), 'msg': 'Input should be a valid number', 'input': None, 'url': 'https://errors.pydantic.dev/2.11/v/float_type'}]
TB-0264|WellData|UnknownField|Validation Error: [{'type': 'float_type', 'loc': ('measuring_point_height',), 'msg': 'Input should be a valid number', 'input': None, 'url': 'https://errors.pydantic.dev/2.11/v/float_type'}]
TC-236|WellData|UnknownField|Validation Error: [{'type': 'float_type', 'loc': ('measuring_point_height',), 'msg': 'Input should be a valid number', 'input': None, 'url': 'https://errors.pydantic.dev/2.11/v/float_type'}]
TC-250|WellData|UnknownField|Validation Error: [{'type': 'float_type', 'loc': ('measuring_point_height',), 'msg': 'Input should be a valid number', 'input': None, 'url': 'https://errors.pydantic.dev/2.11/v/float_type'}]
TC-280|WellData|UnknownField|Validation Error: [{'type': 'float_type', 'loc': ('measuring_point_height',), 'msg': 'Input should be a valid number', 'input': None, 'url': 'https://errors.pydantic.dev/2.11/v/float_type'}]
TC-302|WellData|UnknownField|Validation Error: [{'type': 'float_type', 'loc': ('measuring_point_height',), 'msg': 'Input should be a valid number', 'input': None, 'url': 'https://errors.pydantic.dev/2.11/v/float_type'}]
TC-414|WellData|UnknownField|Validation Error: [{'type': 'float_type', 'loc': ('measuring_point_height',), 'msg': 'Input should be a valid number', 'input': None, 'url': 'https://errors.pydantic.dev/2.11/v/float_type'}]
TC-415|WellData|UnknownField|Validation Error: [{'type': 'float_type', 'loc': ('measuring_point_height',), 'msg': 'Input should be a valid number', 'input': None, 'url': 'https://errors.pydantic.dev/2.11/v/float_type'}]
TC-416|WellData|UnknownField|Validation Error: [{'type': 'float_type', 'loc': ('measuring_point_height',), 'msg': 'Input should be a valid number', 'input': None, 'url': 'https://errors.pydantic.dev/2.11/v/float_type'}]
TC-417|WellData|UnknownField|Validation Error: [{'type': 'float_type', 'loc': ('measuring_point_height',), 'msg': 'Input should be a valid number', 'input': None, 'url': 'https://errors.pydantic.dev/2.11/v/float_type'}]
TC-418|WellData|UnknownField|Validation Error: [{'type': 'float_type', 'loc': ('measuring_point_height',), 'msg': 'Input should be a valid number', 'input': None, 'url': 'https://errors.pydantic.dev/2.11/v/float_type'}]
TC-419|WellData|UnknownField|Validation Error: [{'type': 'float_type', 'loc': ('measuring_point_height',), 'msg': 'Input should be a valid number', 'input': None, 'url': 'https://errors.pydantic.dev/2.11/v/float_type'}]
TC-420|WellData|UnknownField|Validation Error: [{'type': 'float_type', 'loc': ('measuring_point_height',), 'msg': 'Input should be a valid number', 'input': None, 'url': 'https://errors.pydantic.dev/2.11/v/float_type'}]
TO-0498|WellData|UnknownField|Validation Error: [{'type': 'float_type', 'loc': ('measuring_point_height',), 'msg': 'Input should be a valid number', 'input': None, 'url': 'https://errors.pydantic.dev/2.11/v/float_type'}]
TO-0500|WellData|UnknownField|Validation Error: [{'type': 'float_type', 'loc': ('measuring_point_height',), 'msg': 'Input should be a valid number', 'input': None, 'url': 'https://errors.pydantic.dev/2.11/v/float_type'}]
TO-0501|WellData|UnknownField|Validation Error: [{'type': 'float_type', 'loc': ('measuring_point_height',), 'msg': 'Input should be a valid number', 'input': None, 'url': 'https://errors.pydantic.dev/2.11/v/float_type'}]
TO-0502|WellData|UnknownField|Validation Error: [{'type': 'float_type', 'loc': ('measuring_point_height',), 'msg': 'Input should be a valid number', 'input': None, 'url': 'https://errors.pydantic.dev/2.11/v/float_type'}]
TO-0503|WellData|UnknownField|Validation Error: [{'type': 'float_type', 'loc': ('measuring_point_height',), 'msg': 'Input should be a valid number', 'input': None, 'url': 'https://errors.pydantic.dev/2.11/v/float_type'}]
TO-0504|WellData|UnknownField|Validation Error: [{'type': 'float_type', 'loc': ('measuring_point_height',), 'msg': 'Input should be a valid number', 'input': None, 'url': 'https://errors.pydantic.dev/2.11/v/float_type'}]
TO-0505|WellData|UnknownField|Validation Error: [{'type': 'float_type', 'loc': ('measuring_point_height',), 'msg': 'Input should be a valid number', 'input': None, 'url': 'https://errors.pydantic.dev/2.11/v/float_type'}]
TO-0506|WellData|UnknownField|Validation Error: [{'type': 'float_type', 'loc': ('measuring_point_height',), 'msg': 'Input should be a valid number', 'input': None, 'url': 'https://errors.pydantic.dev/2.11/v/float_type'}]
TO-0507|WellData|UnknownField|Validation Error: [{'type': 'float_type', 'loc': ('measuring_point_height',), 'msg': 'Input should be a valid number', 'input': None, 'url': 'https://errors.pydantic.dev/2.11/v/float_type'}]
TO-0508|WellData|UnknownField|Validation Error: [{'type': 'float_type', 'loc': ('measuring_point_height',), 'msg': 'Input should be a valid number', 'input': None, 'url': 'https://errors.pydantic.dev/2.11/v/float_type'}]
TO-0509|WellData|UnknownField|Validation Error: [{'type': 'float_type', 'loc': ('measuring_point_height',), 'msg': 'Input should be a valid number', 'input': None, 'url': 'https://errors.pydantic.dev/2.11/v/float_type'}]
TO-0510|WellData|UnknownField|Validation Error: [{'type': 'float_type', 'loc': ('measuring_point_height',), 'msg': 'Input should be a valid number', 'input': None, 'url': 'https://errors.pydantic.dev/2.11/v/float_type'}]
TO-0511|WellData|UnknownField|Validation Error: [{'type': 'float_type', 'loc': ('measuring_point_height',), 'msg': 'Input should be a valid number', 'input': None, 'url': 'https://errors.pydantic.dev/2.11/v/float_type'}]
TO-0512|WellData|UnknownField|Validation Error: [{'type': 'float_type', 'loc': ('measuring_point_height',), 'msg': 'Input should be a valid number', 'input': None, 'url': 'https://errors.pydantic.dev/2.11/v/float_type'}]
TO-0513|WellData|UnknownField|Validation Error: [{'type': 'float_type', 'loc': ('measuring_point_height',), 'msg': 'Input should be a valid number', 'input': None, 'url': 'https://errors.pydantic.dev/2.11/v/float_type'}]
TO-0514|WellData|UnknownField|Validation Error: [{'type': 'float_type', 'loc': ('measuring_point_height',), 'msg': 'Input should be a valid number', 'input': None, 'url': 'https://errors.pydantic.dev/2.11/v/float_type'}]
TO-0515|WellData|UnknownField|Validation Error: [{'type': 'float_type', 'loc': ('measuring_point_height',), 'msg': 'Input should be a valid number', 'input': None, 'url': 'https://errors.pydantic.dev/2.11/v/float_type'}]
TO-0516|WellData|UnknownField|Validation Error: [{'type': 'float_type', 'loc': ('measuring_point_height',), 'msg': 'Input should be a valid number', 'input': None, 'url': 'https://errors.pydantic.dev/2.11/v/float_type'}]
TO-0517|WellData|UnknownField|Validation Error: [{'type': 'float_type', 'loc': ('measuring_point_height',), 'msg': 'Input should be a valid number', 'input': None, 'url': 'https://errors.pydantic.dev/2.11/v/float_type'}]
TO-0518|WellData|UnknownField|Validation Error: [{'type': 'float_type', 'loc': ('measuring_point_height',), 'msg': 'Input should be a valid number', 'input': None, 'url': 'https://errors.pydantic.dev/2.11/v/float_type'}]
TO-0519|WellData|UnknownField|Validation Error: [{'type': 'float_type', 'loc': ('measuring_point_height',), 'msg': 'Input should be a valid number', 'input': None, 'url': 'https://errors.pydantic.dev/2.11/v/float_type'}]
TO-0520|WellData|UnknownField|Validation Error: [{'type': 'float_type', 'loc': ('measuring_point_height',), 'msg': 'Input should be a valid number', 'input': None, 'url': 'https://errors.pydantic.dev/2.11/v/float_type'}]
TO-0521|WellData|UnknownField|Validation Error: [{'type': 'float_type', 'loc': ('measuring_point_height',), 'msg': 'Input should be a valid number', 'input': None, 'url': 'https://errors.pydantic.dev/2.11/v/float_type'}]
TO-0522|WellData|UnknownField|Validation Error: [{'type': 'float_type', 'loc': ('measuring_point_height',), 'msg': 'Input should be a valid number', 'input': None, 'url': 'https://errors.pydantic.dev/2.11/v/float_type'}]
TO-0523|WellData|UnknownField|Validation Error: [{'type': 'float_type', 'loc': ('measuring_point_height',), 'msg': 'Input should be a valid number', 'input': None, 'url': 'https://errors.pydantic.dev/2.11/v/float_type'}]
TO-0524|WellData|UnknownField|Validation Error: [{'type': 'float_type', 'loc': ('measuring_point_height',), 'msg': 'Input should be a valid number', 'input': None, 'url': 'https://errors.pydantic.dev/2.11/v/float_type'}]
TO-0525|WellData|UnknownField|Validation Error: [{'type': 'float_type', 'loc': ('measuring_point_height',), 'msg': 'Input should be a valid number', 'input': None, 'url': 'https://errors.pydantic.dev/2.11/v/float_type'}]
TO-0526|WellData|UnknownField|Validation Error: [{'type': 'float_type', 'loc': ('measuring_point_height',), 'msg': 'Input should be a valid number', 'input': None, 'url': 'https://errors.pydantic.dev/2.11/v/float_type'}]
TO-0527|WellData|UnknownField|Validation Error: [{'type': 'float_type', 'loc': ('measuring_point_height',), 'msg': 'Input should be a valid number', 'input': None, 'url': 'https://errors.pydantic.dev/2.11/v/float_type'}]
TO-0528|WellData|UnknownField|Validation Error: [{'type': 'float_type', 'loc': ('measuring_point_height',), 'msg': 'Input should be a valid number', 'input': None, 'url': 'https://errors.pydantic.dev/2.11/v/float_type'}]
TO-0529|WellData|UnknownField|Validation Error: [{'type': 'float_type', 'loc': ('measuring_point_height',), 'msg': 'Input should be a valid number', 'input': None, 'url': 'https://errors.pydantic.dev/2.11/v/float_type'}]
TO-0530|WellData|UnknownField|Validation Error: [{'type': 'float_type', 'loc': ('measuring_point_height',), 'msg': 'Input should be a valid number', 'input': None, 'url': 'https://errors.pydantic.dev/2.11/v/float_type'}]
TO-0531|WellData|UnknownField|Validation Error: [{'type': 'float_type', 'loc': ('measuring_point_height',), 'msg': 'Input should be a valid number', 'input': None, 'url': 'https://errors.pydantic.dev/2.11/v/float_type'}]
TO-0532|WellData|UnknownField|Validation Error: [{'type': 'float_type', 'loc': ('measuring_point_height',), 'msg': 'Input should be a valid number', 'input': None, 'url': 'https://errors.pydantic.dev/2.11/v/float_type'}]
TO-0533|WellData|UnknownField|Validation Error: [{'type': 'float_type', 'loc': ('measuring_point_height',), 'msg': 'Input should be a valid number', 'input': None, 'url': 'https://errors.pydantic.dev/2.11/v/float_type'}]
TO-0534|WellData|UnknownField|Validation Error: [{'type': 'float_type', 'loc': ('measuring_point_height',), 'msg': 'Input should be a valid number', 'input': None, 'url': 'https://errors.pydantic.dev/2.11/v/float_type'}]
TO-0535|WellData|UnknownField|Validation Error: [{'type': 'float_type', 'loc': ('measuring_point_height',), 'msg': 'Input should be a valid number', 'input': None, 'url': 'https://errors.pydantic.dev/2.11/v/float_type'}]
TO-0536|WellData|UnknownField|Validation Error: [{'type': 'float_type', 'loc': ('measuring_point_height',), 'msg': 'Input should be a valid number', 'input': None, 'url': 'https://errors.pydantic.dev/2.11/v/float_type'}]
TO-0537|WellData|UnknownField|Validation Error: [{'type': 'float_type', 'loc': ('measuring_point_height',), 'msg': 'Input should be a valid number', 'input': None, 'url': 'https://errors.pydantic.dev/2.11/v/float_type'}]
TO-0538|WellData|UnknownField|Validation Error: [{'type': 'float_type', 'loc': ('measuring_point_height',), 'msg': 'Input should be a valid number', 'input': None, 'url': 'https://errors.pydantic.dev/2.11/v/float_type'}]
TO-0539|WellData|UnknownField|Validation Error: [{'type': 'float_type', 'loc': ('measuring_point_height',), 'msg': 'Input should be a valid number', 'input': None, 'url': 'https://errors.pydantic.dev/2.11/v/float_type'}]
TO-0540|WellData|UnknownField|Validation Error: [{'type': 'float_type', 'loc': ('measuring_point_height',), 'msg': 'Input should be a valid number', 'input': None, 'url': 'https://errors.pydantic.dev/2.11/v/float_type'}]
TO-0541|WellData|UnknownField|Validation Error: [{'type': 'float_type', 'loc': ('measuring_point_height',), 'msg': 'Input should be a valid number', 'input': None, 'url': 'https://errors.pydantic.dev/2.11/v/float_type'}]
TO-0542|WellData|UnknownField|Validation Error: [{'type': 'float_type', 'loc': ('measuring_point_height',), 'msg': 'Input should be a valid number', 'input': None, 'url': 'https://errors.pydantic.dev/2.11/v/float_type'}]
TO-0543|WellData|UnknownField|Validation Error: [{'type': 'float_type', 'loc': ('measuring_point_height',), 'msg': 'Input should be a valid number', 'input': None, 'url': 'https://errors.pydantic.dev/2.11/v/float_type'}]
TO-0544|WellData|UnknownField|Validation Error: [{'type': 'float_type', 'loc': ('measuring_point_height',), 'msg': 'Input should be a valid number', 'input': None, 'url': 'https://errors.pydantic.dev/2.11/v/float_type'}]
TO-0545|WellData|UnknownField|Validation Error: [{'type': 'float_type', 'loc': ('measuring_point_height',), 'msg': 'Input should be a valid number', 'input': None, 'url': 'https://errors.pydantic.dev/2.11/v/float_type'}]
TO-0546|WellData|UnknownField|Validation Error: [{'type': 'float_type', 'loc': ('measuring_point_height',), 'msg': 'Input should be a valid number', 'input': None, 'url': 'https://errors.pydantic.dev/2.11/v/float_type'}]
TO-0547|WellData|UnknownField|Validation Error: [{'type': 'float_type', 'loc': ('measuring_point_height',), 'msg': 'Input should be a valid number', 'input': None, 'url': 'https://errors.pydantic.dev/2.11/v/float_type'}]
TO-0548|WellData|UnknownField|Validation Error: [{'type': 'float_type', 'loc': ('measuring_point_height',), 'msg': 'Input should be a valid number', 'input': None, 'url': 'https://errors.pydantic.dev/2.11/v/float_type'}]
TO-0549|WellData|UnknownField|Validation Error: [{'type': 'float_type', 'loc': ('measuring_point_height',), 'msg': 'Input should be a valid number', 'input': None, 'url': 'https://errors.pydantic.dev/2.11/v/float_type'}]
TO-0550|WellData|UnknownField|Validation Error: [{'type': 'float_type', 'loc': ('measuring_point_height',), 'msg': 'Input should be a valid number', 'input': None, 'url': 'https://errors.pydantic.dev/2.11/v/float_type'}]
TO-0551|WellData|UnknownField|Validation Error: [{'type': 'float_type', 'loc': ('measuring_point_height',), 'msg': 'Input should be a valid number', 'input': None, 'url': 'https://errors.pydantic.dev/2.11/v/float_type'}]
TO-0552|WellData|UnknownField|Validation Error: [{'type': 'float_type', 'loc': ('measuring_point_height',), 'msg': 'Input should be a valid number', 'input': None, 'url': 'https://errors.pydantic.dev/2.11/v/float_type'}]
TO-0553|WellData|UnknownField|Validation Error: [{'type': 'float_type', 'loc': ('measuring_point_height',), 'msg': 'Input should be a valid number', 'input': None, 'url': 'https://errors.pydantic.dev/2.11/v/float_type'}]
TO-0554|WellData|UnknownField|Validation Error: [{'type': 'float_type', 'loc': ('measuring_point_height',), 'msg': 'Input should be a valid number', 'input': None, 'url': 'https://errors.pydantic.dev/2.11/v/float_type'}]
TO-0555|WellData|UnknownField|Validation Error: [{'type': 'float_type', 'loc': ('measuring_point_height',), 'msg': 'Input should be a valid number', 'input': None, 'url': 'https://errors.pydantic.dev/2.11/v/float_type'}]
TO-0556|WellData|UnknownField|Validation Error: [{'type': 'float_type', 'loc': ('measuring_point_height',), 'msg': 'Input should be a valid number', 'input': None, 'url': 'https://errors.pydantic.dev/2.11/v/float_type'}]
TO-0557|WellData|UnknownField|Validation Error: [{'type': 'float_type', 'loc': ('measuring_point_height',), 'msg': 'Input should be a valid number', 'input': None, 'url': 'https://errors.pydantic.dev/2.11/v/float_type'}]
TO-0558|WellData|UnknownField|Validation Error: [{'type': 'float_type', 'loc': ('measuring_point_height',), 'msg': 'Input should be a valid number', 'input': None, 'url': 'https://errors.pydantic.dev/2.11/v/float_type'}]
TO-0559|WellData|UnknownField|Validation Error: [{'type': 'float_type', 'loc': ('measuring_point_height',), 'msg': 'Input should be a valid number', 'input': None, 'url': 'https://errors.pydantic.dev/2.11/v/float_type'}]
TO-0560|WellData|UnknownField|Validation Error: [{'type': 'float_type', 'loc': ('measuring_point_height',), 'msg': 'Input should be a valid number', 'input': None, 'url': 'https://errors.pydantic.dev/2.11/v/float_type'}]
TO-0561|WellData|UnknownField|Validation Error: [{'type': 'float_type', 'loc': ('measuring_point_height',), 'msg': 'Input should be a valid number', 'input': None, 'url': 'https://errors.pydantic.dev/2.11/v/float_type'}]
TV-116|WellData|Unknown|Unknown lexicon value: LU_AquiferType:S
TV-180|WellData|Unknown|Unknown lexicon value: LU_AquiferType:S
TV-182|WellData|Unknown|Unknown lexicon value: LU_AquiferType:S
TV-186|WellData|Unknown|Unknown lexicon value: LU_AquiferType:S
TV-191|WellData|Unknown|Unknown lexicon value: LU_AquiferType:S
TV-192|WellData|Unknown|Unknown lexicon value: LU_AquiferType:S
TV-193|WellData|Unknown|Unknown lexicon value: LU_AquiferType:S
TV-207|WellData|Unknown|Unknown lexicon value: LU_ConstructionMethod:AH
TV-207|WellData|UnknownField|"Validation Error: [{'type': 'enum', 'loc': ('well_construction_method',), 'msg': ""Input should be 'Air-Rotary', 'Bored or augered', 'Cable-tool', 'Hydraulic rotary (mud or water)', 'Air percussion', 'Reverse rotary', 'Driven' or 'Other (explain in notes)'"", 'input': 'Unknown', 'ctx': {'expected': ""'Air-Rotary', 'Bored or augered', 'Cable-tool', 'Hydraulic rotary (mud or water)', 'Air percussion', 'Reverse rotary', 'Driven' or 'Other (explain in notes)'""}, 'url': 'https://errors.pydantic.dev/2.11/v/enum'}]"
TV-237|WellData|Unknown|Unknown lexicon value: LU_AquiferType:S
TV-244|WellData|Unknown|Unknown lexicon value: LU_AquiferType:S
TV-252|WellData|Unknown|Unknown lexicon value: LU_AquiferType:S
TV-295|WellData|Unknown|Unknown lexicon value: LU_AquiferType:S
TV-296|WellData|Unknown|Unknown lexicon value: LU_AquiferType:S
TV-302|WellData|Unknown|Unknown lexicon value: LU_AquiferType:S
TV-303|WellData|Unknown|Unknown lexicon value: LU_AquiferType:S
TV-304|WellData|Unknown|Unknown lexicon value: LU_AquiferType:S
UC-0080|WellData|UnknownField|Validation Error: [{'type': 'value_error', 'loc': (), 'msg': 'Value error, well casing depth must be less than or equal to hole depth', 'input': {'location_id': 0, 'name': 'UC-0080', 'first_visit_date': datetime.date(2012, 12, 14), 'hole_depth': 86.0, 'well_depth': 86.0, 'well_casing_diameter': 5.496, 'well_casing_depth': 86.5, 'release_status': 'public', 'measuring_point_height': 1.75, 'measuring_point_description': 'top of casing', 'notes': [], 'well_completion_date': '1990-01-01 00:00:00.000', 'well_driller_name': None, 'well_construction_method': None, 'well_pump_type': None, 'is_suitable_for_datalogger': False}, 'ctx': {'error': ValueError('well casing depth must be less than or equal to hole depth')}, 'url': 'https://errors.pydantic.dev/2.11/v/value_error'}]
WL-0006|WellData|UnknownField|Validation Error: [{'type': 'float_type', 'loc': ('measuring_point_height',), 'msg': 'Input should be a valid number', 'input': None, 'url': 'https://errors.pydantic.dev/2.11/v/float_type'}]
WL-0011|WellData|UnknownField|Validation Error: [{'type': 'float_type', 'loc': ('measuring_point_height',), 'msg': 'Input should be a valid number', 'input': None, 'url': 'https://errors.pydantic.dev/2.11/v/float_type'}]
WL-0069|WellData|UnknownField|Validation Error: [{'type': 'float_type', 'loc': ('measuring_point_height',), 'msg': 'Input should be a valid number', 'input': None, 'url': 'https://errors.pydantic.dev/2.11/v/float_type'}]
WL-0070|WellData|UnknownField|Validation Error: [{'type': 'float_type', 'loc': ('measuring_point_height',), 'msg': 'Input should be a valid number', 'input': None, 'url': 'https://errors.pydantic.dev/2.11/v/float_type'}]
WL-0082|WellData|UnknownField|Validation Error: [{'type': 'float_type', 'loc': ('measuring_point_height',), 'msg': 'Input should be a valid number', 'input': None, 'url': 'https://errors.pydantic.dev/2.11/v/float_type'}]
WL-0084|WellData|UnknownField|Validation Error: [{'type': 'float_type', 'loc': ('measuring_point_height',), 'msg': 'Input should be a valid number', 'input': None, 'url': 'https://errors.pydantic.dev/2.11/v/float_type'}]
WL-0133|WellData|UnknownField|Validation Error: [{'type': 'float_type', 'loc': ('measuring_point_height',), 'msg': 'Input should be a valid number', 'input': None, 'url': 'https://errors.pydantic.dev/2.11/v/float_type'}]
WL-0135|WellData|UnknownField|Validation Error: [{'type': 'float_type', 'loc': ('measuring_point_height',), 'msg': 'Input should be a valid number', 'input': None, 'url': 'https://errors.pydantic.dev/2.11/v/float_type'}]
WL-0165|WellData|UnknownField|Validation Error: [{'type': 'float_type', 'loc': ('measuring_point_height',), 'msg': 'Input should be a valid number', 'input': None, 'url': 'https://errors.pydantic.dev/2.11/v/float_type'}]
WL-0173|WellData|UnknownField|Validation Error: [{'type': 'float_type', 'loc': ('measuring_point_height',), 'msg': 'Input should be a valid number', 'input': None, 'url': 'https://errors.pydantic.dev/2.11/v/float_type'}]
WL-0197|WellData|UnknownField|Validation Error: [{'type': 'float_type', 'loc': ('measuring_point_height',), 'msg': 'Input should be a valid number', 'input': None, 'url': 'https://errors.pydantic.dev/2.11/v/float_type'}]
WL-0201|WellData|UnknownField|Validation Error: [{'type': 'float_type', 'loc': ('measuring_point_height',), 'msg': 'Input should be a valid number', 'input': None, 'url': 'https://errors.pydantic.dev/2.11/v/float_type'}]
WL-0202|WellData|UnknownField|Validation Error: [{'type': 'float_type', 'loc': ('measuring_point_height',), 'msg': 'Input should be a valid number', 'input': None, 'url': 'https://errors.pydantic.dev/2.11/v/float_type'}]
WL-0230|WellData|UnknownField|Validation Error: [{'type': 'float_type', 'loc': ('measuring_point_height',), 'msg': 'Input should be a valid number', 'input': None, 'url': 'https://errors.pydantic.dev/2.11/v/float_type'}]
WL-0302|WellData|UnknownField|Validation Error: [{'type': 'float_type', 'loc': ('measuring_point_height',), 'msg': 'Input should be a valid number', 'input': None, 'url': 'https://errors.pydantic.dev/2.11/v/float_type'}]
WL-0305|WellData|UnknownField|Validation Error: [{'type': 'float_type', 'loc': ('measuring_point_height',), 'msg': 'Input should be a valid number', 'input': None, 'url': 'https://errors.pydantic.dev/2.11/v/float_type'}]
WL-0326|WellData|UnknownField|Validation Error: [{'type': 'float_type', 'loc': ('measuring_point_height',), 'msg': 'Input should be a valid number', 'input': None, 'url': 'https://errors.pydantic.dev/2.11/v/float_type'}]
WL-0327|WellData|UnknownField|Validation Error: [{'type': 'date_from_datetime_inexact', 'loc': ('well_completion_date',), 'msg': 'Datetimes provided to dates should have zero time - e.g. be exact dates', 'input': '1997-08-07 12:00:00.000', 'url': 'https://errors.pydantic.dev/2.11/v/date_from_datetime_inexact'}]
WL-0328|WellData|UnknownField|Validation Error: [{'type': 'date_from_datetime_inexact', 'loc': ('well_completion_date',), 'msg': 'Datetimes provided to dates should have zero time - e.g. be exact dates', 'input': '2016-03-04 12:00:00.000', 'url': 'https://errors.pydantic.dev/2.11/v/date_from_datetime_inexact'}]
WL-0343|WellData|UnknownField|Validation Error: [{'type': 'date_from_datetime_inexact', 'loc': ('well_completion_date',), 'msg': 'Datetimes provided to dates should have zero time - e.g. be exact dates', 'input': '1987-05-01 01:33:00.000', 'url': 'https://errors.pydantic.dev/2.11/v/date_from_datetime_inexact'}]
WL-0346|WellData|UnknownField|Validation Error: [{'type': 'date_from_datetime_inexact', 'loc': ('well_completion_date',), 'msg': 'Datetimes provided to dates should have zero time - e.g. be exact dates', 'input': '2004-03-31 10:42:00.000', 'url': 'https://errors.pydantic.dev/2.11/v/date_from_datetime_inexact'}]
WL-0347|WellData|UnknownField|Validation Error: [{'type': 'date_from_datetime_inexact', 'loc': ('well_completion_date',), 'msg': 'Datetimes provided to dates should have zero time - e.g. be exact dates', 'input': '1985-10-05 15:28:00.000', 'url': 'https://errors.pydantic.dev/2.11/v/date_from_datetime_inexact'}]
WL-0350|WellData|UnknownField|Validation Error: [{'type': 'float_type', 'loc': ('measuring_point_height',), 'msg': 'Input should be a valid number', 'input': None, 'url': 'https://errors.pydantic.dev/2.11/v/float_type'}]
WL-0351|WellData|UnknownField|Validation Error: [{'type': 'float_type', 'loc': ('measuring_point_height',), 'msg': 'Input should be a valid number', 'input': None, 'url': 'https://errors.pydantic.dev/2.11/v/float_type'}]
BC-0061|WellData|FormationZone|Unknown formation: 211MENF/211PNLK
BC-0031|WellData|FormationZone|Unknown formation: 231AGZC/230MNKP
BC-0039|WellData|FormationZone|Unknown formation: 221MRSN/221BLUF
BC-0043|WellData|FormationZone|Unknown formation: 210MNCS/211DKOT
BC-0051|WellData|FormationZone|Unknown formation: 211MENF/211PNLK
BC-0057|WellData|FormationZone|Unknown formation: 211MENF/211PNLK
BC-0079|WellData|FormationZone|Unknown formation: 231AGZC/230MNKP
BC-0080|WellData|FormationZone|Unknown formation: 231AGZC/230MNKP
BC-0086|WellData|FormationZone|Unknown formation: 231AGZC/230MNKP
BC-0088|WellData|FormationZone|Unknown formation: 310GLOR/300YESO
BC-0268|WellData|FormationZone|Unknown formation: 231AGZC/230MNKP
BC-0269|WellData|FormationZone|Unknown formation: 231AGZC/230MNKP
BC-0272|WellData|FormationZone|Unknown formation: 231AGZC/230MNKP
BC-0162|WellData|FormationZone|Unknown formation: 230MNKP
BC-0221|WellData|FormationZone|Unknown formation: 310GLOR/300YESO
BC-0241|WellData|FormationZone|Unknown formation: 410PRCGf
BC-0317|WellData|FormationZone|Unknown formation: 211MENF/211PNLK
BW-0077|WellData|FormationZone|Unknown formation: 110ALVM/211MVRD
BW-0137|WellData|FormationZone|Unknown formation: 110ALVM/211MVRD
BW-0138|WellData|FormationZone|Unknown formation: 110ALVM/211MVRD
BW-0142|WellData|FormationZone|Unknown formation: 110ALVM/211MVRD
BW-0143|WellData|FormationZone|Unknown formation: 110ALVM/211MVRD
BW-0090|WellData|FormationZone|Unknown formation: 110ALVM/211MVRD
BW-0096|WellData|FormationZone|Unknown formation: 110ALVM/211MVRD
BW-0097|WellData|FormationZone|Unknown formation: 110ALVM/211MVRD
BW-0098|WellData|FormationZone|Unknown formation: 110ALVM/211MVRD
BW-0099|WellData|FormationZone|Unknown formation: 110ALVM/211MVRD
BW-0100|WellData|FormationZone|Unknown formation: 110ALVM/211MVRD
BW-0101|WellData|FormationZone|Unknown formation: 110ALVM/211MVRD
BW-0102|WellData|FormationZone|Unknown formation: 110ALVM/211MVRD
BW-0103|WellData|FormationZone|Unknown formation: 110ALVM/211MVRD
BW-0106|WellData|FormationZone|Unknown formation: 110ALVM/313SADG
BW-0109|WellData|FormationZone|Unknown formation: 110ALVM/300YESO
BW-0115|WellData|FormationZone|Unknown formation: 211MVRD/110ALVM
BW-0116|WellData|FormationZone|Unknown formation: 110ALVM/211MVRD
BW-0119|WellData|FormationZone|Unknown formation: 110ALVM/211MVRD
BW-0120|WellData|FormationZone|Unknown formation: 110ALVM/211MVRD
BW-0132|WellData|FormationZone|Unknown formation: 110ALVM/210MNCS
CX-0002|WellData|FormationZone|Unknown formation: 121OGLL/000EXRV
CX-0003|WellData|FormationZone|Unknown formation: 000EXRV/121OGLL
CX-0062|WellData|FormationZone|Unknown formation: 121OGLL/211DKOT
EB-067|WellData|FormationZone|Unknown formation: 121TSUQsa
EB-069|WellData|FormationZone|Unknown formation: 121TSUQa
EB-070|WellData|FormationZone|Unknown formation: 121TSUQa
EB-071|WellData|FormationZone|Unknown formation: 121TSUQa
EB-077|WellData|FormationZone|Unknown formation: 121TSUQsf
EB-078|WellData|FormationZone|Unknown formation: 121TSUQs
EB-079|WellData|FormationZone|Unknown formation: 121TSUQsf
EB-080|WellData|FormationZone|Unknown formation: 121TSUQsf
EB-081|WellData|FormationZone|Unknown formation: 121TSUQsf
EB-082|WellData|FormationZone|Unknown formation: 121TSUQsf
EB-157|WellData|FormationZone|Unknown formation: 121CHMTvs
EB-001|WellData|FormationZone|Unknown formation: 112ANCH/123GLST
EB-002|WellData|FormationZone|Unknown formation: 112ANCH/120IRSV
EB-003|WellData|FormationZone|Unknown formation: 121TSUQa
EB-004|WellData|FormationZone|Unknown formation: 121TSUQa
EB-005|WellData|FormationZone|Unknown formation: 121TSUQa
EB-006|WellData|FormationZone|Unknown formation: 121TSUQsa
EB-007|WellData|FormationZone|Unknown formation: 112ANCH/123ESPN
EB-008|WellData|FormationZone|Unknown formation: 121TSUQs
EB-009|WellData|FormationZone|Unknown formation: 121TSUQs
EB-010|WellData|FormationZone|Unknown formation: 121TSUQa
EB-011|WellData|FormationZone|Unknown formation: 121TSUQs
EB-012|WellData|FormationZone|Unknown formation: 121TSUQs
EB-013|WellData|FormationZone|Unknown formation: 121TSUQs
EB-014|WellData|FormationZone|Unknown formation: 121TSUQs
EB-016|WellData|FormationZone|Unknown formation: 121TSUQs
EB-020|WellData|FormationZone|Unknown formation: 121TSUQe/123ESPN
EB-022|WellData|FormationZone|Unknown formation: 121TSUQa
EB-023|WellData|FormationZone|Unknown formation: 121TSUQs
EB-058|WellData|FormationZone|Unknown formation: 121TSUQs
EB-059|WellData|FormationZone|Unknown formation: 121TSUQs
EB-060|WellData|FormationZone|Unknown formation: 121TSUQs
EB-062|WellData|FormationZone|Unknown formation: 121TSUQs
EB-063|WellData|FormationZone|Unknown formation: 121TSUQs
EB-064|WellData|FormationZone|Unknown formation: 121TSUQsf
EB-065|WellData|FormationZone|Unknown formation: 121TSUQsf/121TSUQs
EB-066|WellData|FormationZone|Unknown formation: 121TSUQsf
EB-168|WellData|FormationZone|Unknown formation: 121TSUQs
EB-169|WellData|FormationZone|Unknown formation: 121TSUQs
EB-170|WellData|FormationZone|Unknown formation: 121TSUQs
EB-171|WellData|FormationZone|Unknown formation: 121TSUQs
EB-172|WellData|FormationZone|Unknown formation: 121TSUQs
EB-173|WellData|FormationZone|Unknown formation: 121TSUQs
EB-174|WellData|FormationZone|Unknown formation: 121TSUQs
EB-175|WellData|FormationZone|Unknown formation: 121TSUQs
EB-176|WellData|FormationZone|Unknown formation: 121TSUQs
EB-177|WellData|FormationZone|Unknown formation: 121TSUQs
EB-178|WellData|FormationZone|Unknown formation: 121TSUQsf
EB-179|WellData|FormationZone|Unknown formation: 121TSUQs
EB-180|WellData|FormationZone|Unknown formation: 121TSUQs
EB-181|WellData|FormationZone|Unknown formation: 121TSUQs
EB-182|WellData|FormationZone|Unknown formation: 121TSUQs
EB-183|WellData|FormationZone|Unknown formation: 121TSUQa
EB-184|WellData|FormationZone|Unknown formation: 121TSUQs
EB-185|WellData|FormationZone|Unknown formation: 121TSUQs
EB-186|WellData|FormationZone|Unknown formation: 121TSUQs
EB-187|WellData|FormationZone|Unknown formation: 110ALVM/121TSUQs
EB-188|WellData|FormationZone|Unknown formation: 121TSUQsa
EB-189|WellData|FormationZone|Unknown formation: 121TSUQa
EB-190|WellData|FormationZone|Unknown formation: 121TSUQa
EB-191|WellData|FormationZone|Unknown formation: 110ALVM/121TSUQs
EB-192|WellData|FormationZone|Unknown formation: 110ALVM/121TSUQs
EB-193|WellData|FormationZone|Unknown formation: 121TSUQsa
EB-194|WellData|FormationZone|Unknown formation: 121TSUQs
EB-195|WellData|FormationZone|Unknown formation: 121TSUQsa
EB-196|WellData|FormationZone|Unknown formation: 121TSUQa
EB-197|WellData|FormationZone|Unknown formation: 110ALVM/121TSUQs
EB-198|WellData|FormationZone|Unknown formation: 121TSUQs
EB-199|WellData|FormationZone|Unknown formation: 121TSUQs
EB-200|WellData|FormationZone|Unknown formation: 121TSUQa
EB-201|WellData|FormationZone|Unknown formation: 112ANCH/123ESPN
EB-083|WellData|FormationZone|Unknown formation: 121TSUQsf
EB-084|WellData|FormationZone|Unknown formation: 121TSUQs
EB-085|WellData|FormationZone|Unknown formation: 121TSUQsf
EB-086|WellData|FormationZone|Unknown formation: 121TSUQsf
EB-087|WellData|FormationZone|Unknown formation: 121TSUQs
EB-089|WellData|FormationZone|Unknown formation: 121TSUQs
EB-090|WellData|FormationZone|Unknown formation: 121TSUQs
EB-091|WellData|FormationZone|Unknown formation: 121TSUQs
EB-092|WellData|FormationZone|Unknown formation: 121TSUQsf
EB-093|WellData|FormationZone|Unknown formation: 121TSUQs
EB-094|WellData|FormationZone|Unknown formation: 121TSUQs
EB-095|WellData|FormationZone|Unknown formation: 121TSUQsf
EB-096|WellData|FormationZone|Unknown formation: 121TSUQs
EB-097|WellData|FormationZone|Unknown formation: 121TSUQs
EB-098|WellData|FormationZone|Unknown formation: 121TSUQs
EB-099|WellData|FormationZone|Unknown formation: 121TSUQa
EB-100|WellData|FormationZone|Unknown formation: 121TSUQsf
EB-101|WellData|FormationZone|Unknown formation: 121TSUQsf
EB-104|WellData|FormationZone|Unknown formation: 121TSUQs
EB-105|WellData|FormationZone|Unknown formation: 121TSUQs/121TSUQsf
EB-107|WellData|FormationZone|Unknown formation: 121TSUQs
EB-108|WellData|FormationZone|Unknown formation: 121TSUQs
EB-109|WellData|FormationZone|Unknown formation: 121TSUQs
EB-110|WellData|FormationZone|Unknown formation: 121TSUQs
EB-111|WellData|FormationZone|Unknown formation: 121TSUQa
EB-112|WellData|FormationZone|Unknown formation: 121TSUQs
EB-113|WellData|FormationZone|Unknown formation: 121TSUQs
EB-114|WellData|FormationZone|Unknown formation: 121TSUQs
EB-115|WellData|FormationZone|Unknown formation: 121TSUQs
EB-116|WellData|FormationZone|Unknown formation: 121TSUQs
EB-117|WellData|FormationZone|Unknown formation: 121TSUQa
EB-119|WellData|FormationZone|Unknown formation: 121TSUQa
EB-120|WellData|FormationZone|Unknown formation: 121TSUQs
EB-121|WellData|FormationZone|Unknown formation: 121TSUQsf
EB-122|WellData|FormationZone|Unknown formation: 121TSUQs/121TSUQsf
EB-123|WellData|FormationZone|Unknown formation: 121TSUQs/121TSUQsa
EB-124|WellData|FormationZone|Unknown formation: 121TSUQs
EB-125|WellData|FormationZone|Unknown formation: 121TSUQs
EB-126|WellData|FormationZone|Unknown formation: 121TSUQs
EB-127|WellData|FormationZone|Unknown formation: 121TSUQs
EB-128|WellData|FormationZone|Unknown formation: 121TSUQa
EB-129|WellData|FormationZone|Unknown formation: 121TSUQs/112ANCH
EB-130|WellData|FormationZone|Unknown formation: 121TSUQs
EB-131|WellData|FormationZone|Unknown formation: 112ANCH/121TSUQs
EB-132|WellData|FormationZone|Unknown formation: 112ANCHsr
EB-133|WellData|FormationZone|Unknown formation: 112ANCHsr
EB-134|WellData|FormationZone|Unknown formation: 112ANCHsr
EB-135|WellData|FormationZone|Unknown formation: 112ANCHsr
EB-136|WellData|FormationZone|Unknown formation: 121TSUQsf
EB-137|WellData|FormationZone|Unknown formation: 121TSUQs
EB-138|WellData|FormationZone|Unknown formation: 121TSUQs
EB-140|WellData|FormationZone|Unknown formation: 121TSUQs
EB-141|WellData|FormationZone|Unknown formation: 121TSUQs
EB-142|WellData|FormationZone|Unknown formation: 121TSUQs
EB-143|WellData|FormationZone|Unknown formation: 121TSUQs
EB-144|WellData|FormationZone|Unknown formation: 121TSUQs
EB-145|WellData|FormationZone|Unknown formation: 121TSUQs
EB-146|WellData|FormationZone|Unknown formation: 121TSUQs
EB-147|WellData|FormationZone|Unknown formation: 121TSUQs
EB-148|WellData|FormationZone|Unknown formation: 121TSUQs
EB-149|WellData|FormationZone|Unknown formation: 121TSUQs
EB-150|WellData|FormationZone|Unknown formation: 121TSUQs
EB-151|WellData|FormationZone|Unknown formation: 121TSUQs
EB-152|WellData|FormationZone|Unknown formation: 121TSUQs
EB-153|WellData|FormationZone|Unknown formation: 121TSUQs
EB-154|WellData|FormationZone|Unknown formation: 121TSUQs
EB-155|WellData|FormationZone|Unknown formation: 121TSUQs
EB-156|WellData|FormationZone|Unknown formation: 121TSUQs
EB-158|WellData|FormationZone|Unknown formation: 121TSUQacu/121TSUQsf
EB-159|WellData|FormationZone|Unknown formation: 121TSUQsf
EB-160|WellData|FormationZone|Unknown formation: 121TSUQsf
EB-161|WellData|FormationZone|Unknown formation: 121TSUQacuf
EB-162|WellData|FormationZone|Unknown formation: 121TSUQsf
EB-163|WellData|FormationZone|Unknown formation: 121TSUQacuf
EB-164|WellData|FormationZone|Unknown formation: 121TSUQs
EB-165|WellData|FormationZone|Unknown formation: 121TSUQsf
EB-166|WellData|FormationZone|Unknown formation: 121TSUQs
EB-167|WellData|FormationZone|Unknown formation: 121TSUQs
EB-268|WellData|FormationZone|Unknown formation: 121CHMTv
EB-269|WellData|FormationZone|Unknown formation: 121CHMTv
EB-270|WellData|FormationZone|Unknown formation: 121CHMTv
EB-271|WellData|FormationZone|Unknown formation: 121TSUQa
EB-272|WellData|FormationZone|Unknown formation: 121TSUQs
EB-273|WellData|FormationZone|Unknown formation: 121TSUQsf
EB-274|WellData|FormationZone|Unknown formation: 121TSUQs
EB-275|WellData|FormationZone|Unknown formation: 121TSUQs
EB-276|WellData|FormationZone|Unknown formation: 121TSUQs
EB-277|WellData|FormationZone|Unknown formation: 121TSUQs
EB-278|WellData|FormationZone|Unknown formation: 121TSUQs
EB-279|WellData|FormationZone|Unknown formation: 121TSUQs
EB-280|WellData|FormationZone|Unknown formation: 121TSUQs
EB-281|WellData|FormationZone|Unknown formation: 121TSUQs
EB-282|WellData|FormationZone|Unknown formation: 121TSUQs
EB-283|WellData|FormationZone|Unknown formation: 121TSUQs
EB-284|WellData|FormationZone|Unknown formation: 121TSUQs
EB-285|WellData|FormationZone|Unknown formation: 121TSUQsf/121TSUQs
EB-286|WellData|FormationZone|Unknown formation: 121TSUQs/121TSUQsf
EB-287|WellData|FormationZone|Unknown formation: 121TSUQs/121TSUQsf
EB-288|WellData|FormationZone|Unknown formation: 121TSUQce/121TSUQb
EB-289|WellData|FormationZone|Unknown formation: 121TSUQs/121TSUQsf
EB-290|WellData|FormationZone|Unknown formation: 121TSUQsf
EB-291|WellData|FormationZone|Unknown formation: 121TSUQsf
EB-292|WellData|FormationZone|Unknown formation: 121TSUQsf
EB-293|WellData|FormationZone|Unknown formation: 121TSUQs
EB-294|WellData|FormationZone|Unknown formation: 121TSUQs
EB-295|WellData|FormationZone|Unknown formation: 121TSUQsf
EB-296|WellData|FormationZone|Unknown formation: 121TSUQsf
EB-537|WellData|FormationZone|Unknown formation: 121TSUQs
EB-204|WellData|FormationZone|Unknown formation: 112ANCH/123ESPN
EB-207|WellData|FormationZone|Unknown formation: 121TSUQs
EB-208|WellData|FormationZone|Unknown formation: 121TSUQs
EB-216|WellData|FormationZone|Unknown formation: 112ANCH/121TSUQ
EB-217|WellData|FormationZone|Unknown formation: 112ANCH/121TSUQa
EB-218|WellData|FormationZone|Unknown formation: 121TSUQs
EB-219|WellData|FormationZone|Unknown formation: 121TSUQs
EB-221|WellData|FormationZone|Unknown formation: 112ANCH/121TSUQs
EB-222|WellData|FormationZone|Unknown formation: 112ANCH/121TSUQs
EB-224|WellData|FormationZone|Unknown formation: 121TSUQsa
EB-225|WellData|FormationZone|Unknown formation: 121TSUQs
EB-226|WellData|FormationZone|Unknown formation: 121TSUQs
EB-227|WellData|FormationZone|Unknown formation: 121TSUQs
EB-228|WellData|FormationZone|Unknown formation: 112ANCHsr
EB-229|WellData|FormationZone|Unknown formation: 121TSUQs
EB-232|WellData|FormationZone|Unknown formation: 121TSUQsa
EB-233|WellData|FormationZone|Unknown formation: 121TSUQs
EB-236|WellData|FormationZone|Unknown formation: 121TSUQs
EB-237|WellData|FormationZone|Unknown formation: 121TSUQs
EB-238|WellData|FormationZone|Unknown formation: 121TSUQs
EB-239|WellData|FormationZone|Unknown formation: 121TSUQs
EB-240|WellData|FormationZone|Unknown formation: 121TSUQs
EB-241|WellData|FormationZone|Unknown formation: 121TSUQs
EB-242|WellData|FormationZone|Unknown formation: 121TSUQs
EB-243|WellData|FormationZone|Unknown formation: 121TSUQs
EB-245|WellData|FormationZone|Unknown formation: 121TSUQs
EB-246|WellData|FormationZone|Unknown formation: 121TSUQs
EB-247|WellData|FormationZone|Unknown formation: 121TSUQs
EB-248|WellData|FormationZone|Unknown formation: 121TSUQsa
EB-249|WellData|FormationZone|Unknown formation: 121TSUQs
EB-250|WellData|FormationZone|Unknown formation: 121TSUQs
EB-251|WellData|FormationZone|Unknown formation: 121TSUQa
EB-252|WellData|FormationZone|Unknown formation: 121TSUQa
EB-253|WellData|FormationZone|Unknown formation: 121TSUQs
EB-254|WellData|FormationZone|Unknown formation: 121TSUQa
EB-255|WellData|FormationZone|Unknown formation: 121TSUQa
EB-256|WellData|FormationZone|Unknown formation: 121TSUQa
EB-257|WellData|FormationZone|Unknown formation: 121TSUQa
EB-258|WellData|FormationZone|Unknown formation: 121TSUQa
EB-259|WellData|FormationZone|Unknown formation: 121TSUQa
EB-260|WellData|FormationZone|Unknown formation: 121CHMTv
EB-261|WellData|FormationZone|Unknown formation: 110ALVM/121CHMTv
EB-262|WellData|FormationZone|Unknown formation: 121CHMTv
EB-263|WellData|FormationZone|Unknown formation: 121CHMTv
EB-264|WellData|FormationZone|Unknown formation: 110ALVM/121CHMTv
EB-265|WellData|FormationZone|Unknown formation: 121CHMTv
EB-266|WellData|FormationZone|Unknown formation: 121CHMTv
EB-267|WellData|FormationZone|Unknown formation: 110ALVM/121CHMTv
EB-369|WellData|FormationZone|Unknown formation: 121TSUQs
EB-370|WellData|FormationZone|Unknown formation: 112ANCHsr
EB-371|WellData|FormationZone|Unknown formation: 121TSUQs/400EMBD
EB-372|WellData|FormationZone|Unknown formation: 121TSUQs
EB-373|WellData|FormationZone|Unknown formation: 121TSUQs
EB-374|WellData|FormationZone|Unknown formation: 112ANCH/123ESPN
EB-375|WellData|FormationZone|Unknown formation: 121TSUQa
EB-376|WellData|FormationZone|Unknown formation: 121TSUQa
EB-379|WellData|FormationZone|Unknown formation: 112ANCH/121TSUQe
EB-380|WellData|FormationZone|Unknown formation: 112ANCH/121TSUQe
EB-382|WellData|FormationZone|Unknown formation: 121TSUQs
EB-385|WellData|FormationZone|Unknown formation: 112ANCH/121TSUQe
EB-538|WellData|FormationZone|Unknown formation: 121TSUQa
EB-297|WellData|FormationZone|Unknown formation: 121TSUQs
EB-298|WellData|FormationZone|Unknown formation: 121TSUQb
EB-299|WellData|FormationZone|Unknown formation: 121TSUQb
EB-300|WellData|FormationZone|Unknown formation: 121TSUQacuf
EB-307|WellData|FormationZone|Unknown formation: 120IRSV/121TSUQe
EB-308|WellData|FormationZone|Unknown formation: 120IRSV/112ANCH
EB-309|WellData|FormationZone|Unknown formation: 121TSUQs
EB-310|WellData|FormationZone|Unknown formation: 112ANCH/121TSUQs
EB-311|WellData|FormationZone|Unknown formation: 112ANCH/121TSUQe
EB-313|WellData|FormationZone|Unknown formation: 112ANCH/121TSUQ
EB-315|WellData|FormationZone|Unknown formation: 112ANCH/121TSUQ
EB-317|WellData|FormationZone|Unknown formation: 121TSUQs
EB-318|WellData|FormationZone|Unknown formation: 121TSUQs
EB-319|WellData|FormationZone|Unknown formation: 121TSUQs
EB-320|WellData|FormationZone|Unknown formation: 121TSUQs
EB-321|WellData|FormationZone|Unknown formation: 112ANCH/121TSUQs
EB-322|WellData|FormationZone|Unknown formation: 121TSUQs
EB-324|WellData|FormationZone|Unknown formation: 121TSUQs
EB-325|WellData|FormationZone|Unknown formation: 121TSUQs
EB-326|WellData|FormationZone|Unknown formation: 121TSUQs
EB-327|WellData|FormationZone|Unknown formation: 121TSUQs
EB-328|WellData|FormationZone|Unknown formation: 121TSUQs
EB-329|WellData|FormationZone|Unknown formation: 121TSUQs
EB-331|WellData|FormationZone|Unknown formation: 112ANCH/120IRSV
EB-336|WellData|FormationZone|Unknown formation: 121TSUQs
EB-337|WellData|FormationZone|Unknown formation: 121TSUQs
EB-338|WellData|FormationZone|Unknown formation: 121TSUQs
EB-348|WellData|FormationZone|Unknown formation: 112ANCH/123ESPN
EB-354|WellData|FormationZone|Unknown formation: 121TSUQs
EB-355|WellData|FormationZone|Unknown formation: 121TSUQs
EB-356|WellData|FormationZone|Unknown formation: 121TSUQs
EB-357|WellData|FormationZone|Unknown formation: 121TSUQs
EB-358|WellData|FormationZone|Unknown formation: 121TSUQs
EB-359|WellData|FormationZone|Unknown formation: 121TSUQs
EB-360|WellData|FormationZone|Unknown formation: 121TSUQsa
EB-361|WellData|FormationZone|Unknown formation: 121TSUQs
EB-364|WellData|FormationZone|Unknown formation: 121TSUQs
EB-367|WellData|FormationZone|Unknown formation: 121TSUQs
EB-368|WellData|FormationZone|Unknown formation: 121TSUQs
EB-473|WellData|FormationZone|Unknown formation: 121TSUQs
EB-474|WellData|FormationZone|Unknown formation: 121TSUQs
EB-475|WellData|FormationZone|Unknown formation: 121TSUQs
EB-476|WellData|FormationZone|Unknown formation: 121TSUQs
EB-477|WellData|FormationZone|Unknown formation: 121TSUQs
EB-478|WellData|FormationZone|Unknown formation: 121CHMTv
EB-479|WellData|FormationZone|Unknown formation: 121CHMTv
EB-480|WellData|FormationZone|Unknown formation: 121CHMTv
EB-481|WellData|FormationZone|Unknown formation: 121CHMTv
EB-386|WellData|FormationZone|Unknown formation: 121TSUQsa
EB-391|WellData|FormationZone|Unknown formation: 121TSUQs
EB-392|WellData|FormationZone|Unknown formation: 112ANCH/121TSUQ
EB-393|WellData|FormationZone|Unknown formation: 112ANCH/123ESPN
EB-397|WellData|FormationZone|Unknown formation: 112ANCH/123ESPN
EB-399|WellData|FormationZone|Unknown formation: 112ANCH/123ESPN
EB-400|WellData|FormationZone|Unknown formation: 123ESPN/112ANCH
EB-406|WellData|FormationZone|Unknown formation: 121TSUQs
EB-407|WellData|FormationZone|Unknown formation: 121TSUQs
EB-408|WellData|FormationZone|Unknown formation: 121TSUQs
EB-409|WellData|FormationZone|Unknown formation: 121TSUQs
EB-410|WellData|FormationZone|Unknown formation: 121TSUQs
EB-415|WellData|FormationZone|Unknown formation: 121TSUQs
EB-416|WellData|FormationZone|Unknown formation: 121TSUQacuf
EB-417|WellData|FormationZone|Unknown formation: 121TSUQa
EB-418|WellData|FormationZone|Unknown formation: 112ANCH/121TSUQa
EB-419|WellData|FormationZone|Unknown formation: 121TSUQae
EB-422|WellData|FormationZone|Unknown formation: 121TSUQa/112ANCH
EB-423|WellData|FormationZone|Unknown formation: 121TSUQa/123ESPN
EB-426|WellData|FormationZone|Unknown formation: 121TSUQa/112ANCH
EB-427|WellData|FormationZone|Unknown formation: 121TSUQa
EB-429|WellData|FormationZone|Unknown formation: 121TSUQs
EB-430|WellData|FormationZone|Unknown formation: 121TSUQa
EB-432|WellData|FormationZone|Unknown formation: 121TSUQae
EB-434|WellData|FormationZone|Unknown formation: 121TSUQs
EB-436|WellData|FormationZone|Unknown formation: 121TSUQa/112ANCH
EB-437|WellData|FormationZone|Unknown formation: 121TSUQae
EB-442|WellData|FormationZone|Unknown formation: 121TSUQe
EB-451|WellData|FormationZone|Unknown formation: 121TSUQae
EB-455|WellData|FormationZone|Unknown formation: 121TSUQs
EB-456|WellData|FormationZone|Unknown formation: 112ANCH/231CHNL
EB-459|WellData|FormationZone|Unknown formation: 121TSUQs
EB-460|WellData|FormationZone|Unknown formation: 112ANCHsr
EB-461|WellData|FormationZone|Unknown formation: 318ABO/325MDER
EB-463|WellData|FormationZone|Unknown formation: 121TSUQa
EB-464|WellData|FormationZone|Unknown formation: 121TSUQs
EB-465|WellData|FormationZone|Unknown formation: 123ESPN/112ANCH
EB-466|WellData|FormationZone|Unknown formation: 121TSUQsf
EB-467|WellData|FormationZone|Unknown formation: 121TSUQs
EB-470|WellData|FormationZone|Unknown formation: 121TSUQsa
EB-471|WellData|FormationZone|Unknown formation: 325MDER/400EMBD
EB-472|WellData|FormationZone|Unknown formation: 121TSUQs
EB-586|WellData|FormationZone|Unknown formation: 121TSUQs
EB-587|WellData|FormationZone|Unknown formation: 121TSUQs
EB-588|WellData|FormationZone|Unknown formation: 121TSUQs
EB-589|WellData|FormationZone|Unknown formation: 121TSUQs
EB-590|WellData|FormationZone|Unknown formation: 121TSUQs
EB-591|WellData|FormationZone|Unknown formation: 121TSUQs
EB-592|WellData|FormationZone|Unknown formation: 121TSUQs
EB-593|WellData|FormationZone|Unknown formation: 121TSUQs
EB-596|WellData|FormationZone|Unknown formation: 121TSUQs
EB-597|WellData|FormationZone|Unknown formation: 121TSUQsf
EB-598|WellData|FormationZone|Unknown formation: 121TSUQs
EB-599|WellData|FormationZone|Unknown formation: 121TSUQs
EB-600|WellData|FormationZone|Unknown formation: 121TSUQs
EB-601|WellData|FormationZone|Unknown formation: 121TSUQs
EB-602|WellData|FormationZone|Unknown formation: 121TSUQs
EB-603|WellData|FormationZone|Unknown formation: 121TSUQs
EB-604|WellData|FormationZone|Unknown formation: 121TSUQs
EB-606|WellData|FormationZone|Unknown formation: 121TSUQae
EB-607|WellData|FormationZone|Unknown formation: 112ANCH/121TSUQa
EB-608|WellData|FormationZone|Unknown formation: 121TSUQs
EB-609|WellData|FormationZone|Unknown formation: 121TSUQsf
EB-610|WellData|FormationZone|Unknown formation: 121TSUQsf
EB-611|WellData|FormationZone|Unknown formation: 121TSUQsf
EB-615|WellData|FormationZone|Unknown formation: 121TSUQs
EB-617|WellData|FormationZone|Unknown formation: 121TSUQs
EB-482|WellData|FormationZone|Unknown formation: 121TSUQacuf
EB-483|WellData|FormationZone|Unknown formation: 121TSUQacuf/121TSUQce
EB-484|WellData|FormationZone|Unknown formation: 121CHMTv
EB-485|WellData|FormationZone|Unknown formation: 121CHMTv
EB-486|WellData|FormationZone|Unknown formation: 121TSUQacuf/121TSUQce
EB-487|WellData|FormationZone|Unknown formation: 121TSUQsa
EB-488|WellData|FormationZone|Unknown formation: 121TSUQsf/121TSUQacu
EB-489|WellData|FormationZone|Unknown formation: 121TSUQacu/121TSUQsf
EB-490|WellData|FormationZone|Unknown formation: 121TSUQsf
EB-505|WellData|FormationZone|Unknown formation: 121TSUQs
EB-506|WellData|FormationZone|Unknown formation: 121TSUQa
EB-507|WellData|FormationZone|Unknown formation: 121TSUQs
EB-508|WellData|FormationZone|Unknown formation: 121TSUQs
EB-512|WellData|FormationZone|Unknown formation: 121TSUQs
EB-513|WellData|FormationZone|Unknown formation: 121TSUQs
EB-514|WellData|FormationZone|Unknown formation: 121TSUQa
EB-515|WellData|FormationZone|Unknown formation: 121TSUQs
EB-516|WellData|FormationZone|Unknown formation: 121TSUQs
EB-518|WellData|FormationZone|Unknown formation: 121TSUQa
EB-519|WellData|FormationZone|Unknown formation: 121TSUQa
EB-520|WellData|FormationZone|Unknown formation: 121TSUQa
EB-522|WellData|FormationZone|Unknown formation: 121TSUQsf
EB-523|WellData|FormationZone|Unknown formation: 121TSUQa
EB-525|WellData|FormationZone|Unknown formation: 121TSUQs
EB-528|WellData|FormationZone|Unknown formation: 121TSUQs
EB-529|WellData|FormationZone|Unknown formation: 121TSUQs
EB-530|WellData|FormationZone|Unknown formation: 121TSUQs
EB-531|WellData|FormationZone|Unknown formation: 121TSUQa
EB-534|WellData|FormationZone|Unknown formation: 110ALVM/210CRCS
EB-535|WellData|FormationZone|Unknown formation: 121TSUQs
EB-539|WellData|FormationZone|Unknown formation: 112ANCH/121TSUQ
EB-540|WellData|FormationZone|Unknown formation: 121TSUQa
EB-541|WellData|FormationZone|Unknown formation: 121TSUQs
EB-542|WellData|FormationZone|Unknown formation: 121TSUQs
EB-543|WellData|FormationZone|Unknown formation: 121TSUQbfl
EB-544|WellData|FormationZone|Unknown formation: 121TSUQs
EB-545|WellData|FormationZone|Unknown formation: 121TSUQs
EB-546|WellData|FormationZone|Unknown formation: 121TSUQs
EB-547|WellData|FormationZone|Unknown formation: 121TSUQs
EB-548|WellData|FormationZone|Unknown formation: 121TSUQs
EB-549|WellData|FormationZone|Unknown formation: 123ESPN/400EMBD
EB-550|WellData|FormationZone|Unknown formation: 121TSUQs
EB-551|WellData|FormationZone|Unknown formation: 121TSUQs
EB-552|WellData|FormationZone|Unknown formation: 121TSUQs
EB-553|WellData|FormationZone|Unknown formation: 121TSUQs
EB-554|WellData|FormationZone|Unknown formation: 121TSUQs
EB-555|WellData|FormationZone|Unknown formation: 121TSUQs
EB-556|WellData|FormationZone|Unknown formation: 121TSUQs
EB-557|WellData|FormationZone|Unknown formation: 121TSUQs
EB-558|WellData|FormationZone|Unknown formation: 121TSUQs
EB-559|WellData|FormationZone|Unknown formation: 121TSUQs
EB-560|WellData|FormationZone|Unknown formation: 121TSUQs
EB-561|WellData|FormationZone|Unknown formation: 121TSUQs
EB-562|WellData|FormationZone|Unknown formation: 121TSUQs
EB-563|WellData|FormationZone|Unknown formation: 121TSUQa
EB-564|WellData|FormationZone|Unknown formation: 121TSUQa
EB-565|WellData|FormationZone|Unknown formation: 121TSUQa
EB-566|WellData|FormationZone|Unknown formation: 121TSUQa
EB-567|WellData|FormationZone|Unknown formation: 121TSUQa
EB-568|WellData|FormationZone|Unknown formation: 121TSUQa
EB-569|WellData|FormationZone|Unknown formation: 121TSUQs
EB-570|WellData|FormationZone|Unknown formation: 121TSUQa
EB-572|WellData|FormationZone|Unknown formation: 121TSUQa
EB-573|WellData|FormationZone|Unknown formation: 121TSUQs
EB-574|WellData|FormationZone|Unknown formation: 112ANCH/123ESPN
EB-575|WellData|FormationZone|Unknown formation: 121TSUQa
EB-576|WellData|FormationZone|Unknown formation: 121TSUQa
EB-578|WellData|FormationZone|Unknown formation: 121TSUQs
EB-579|WellData|FormationZone|Unknown formation: 121TSUQs
EB-582|WellData|FormationZone|Unknown formation: 121TSUQs
EB-583|WellData|FormationZone|Unknown formation: 121TSUQs
EB-584|WellData|FormationZone|Unknown formation: 121TSUQs
EB-585|WellData|FormationZone|Unknown formation: 121TSUQs
EB-619|WellData|FormationZone|Unknown formation: 121TSUQs
EB-625|WellData|FormationZone|Unknown formation: 121TSUQb
EB-626|WellData|FormationZone|Unknown formation: 121TSUQsf
EB-627|WellData|FormationZone|Unknown formation: 121TSUQsa
EB-628|WellData|FormationZone|Unknown formation: 121TSUQacu
EB-629|WellData|FormationZone|Unknown formation: 121TSUQsf
EB-630|WellData|FormationZone|Unknown formation: 121TSUQsf
EB-631|WellData|FormationZone|Unknown formation: 121TSUQsf
EB-632|WellData|FormationZone|Unknown formation: 121TSUQsf
EB-633|WellData|FormationZone|Unknown formation: 121TSUQsf
EB-634|WellData|FormationZone|Unknown formation: 121TSUQsf
EB-635|WellData|FormationZone|Unknown formation: 121TSUQa
EB-636|WellData|FormationZone|Unknown formation: 121TSUQsf
EB-637|WellData|FormationZone|Unknown formation: 121TSUQsf
EB-638|WellData|FormationZone|Unknown formation: 121TSUQsf
EB-639|WellData|FormationZone|Unknown formation: 121TSUQsf
EB-640|WellData|FormationZone|Unknown formation: 112ANCH/123GLST
EB-641|WellData|FormationZone|Unknown formation: 121TSUQs
EB-642|WellData|FormationZone|Unknown formation: 121TSUQsf
EB-643|WellData|FormationZone|Unknown formation: 121TSUQs
EB-645|WellData|FormationZone|Unknown formation: 121TSUQs
EB-646|WellData|FormationZone|Unknown formation: 121TSUQs
EB-649|WellData|FormationZone|Unknown formation: 121TSUQa
EB-650|WellData|FormationZone|Unknown formation: 121TSUQa
EB-651|WellData|FormationZone|Unknown formation: 121TSUQa
EB-655|WellData|FormationZone|Unknown formation: 121TSUQs
EB-658|WellData|FormationZone|Unknown formation: 121TSUQs
EB-659|WellData|FormationZone|Unknown formation: 121TSUQs
EB-660|WellData|FormationZone|Unknown formation: 121TSUQs
EB-661|WellData|FormationZone|Unknown formation: 121TSUQs
EB-662|WellData|FormationZone|Unknown formation: 121TSUQs
EB-663|WellData|FormationZone|Unknown formation: 121TSUQs
EB-664|WellData|FormationZone|Unknown formation: 121TSUQs
EB-665|WellData|FormationZone|Unknown formation: 121TSUQs
EB-666|WellData|FormationZone|Unknown formation: 121TSUQs
EB-667|WellData|FormationZone|Unknown formation: 121TSUQs
EB-668|WellData|FormationZone|Unknown formation: 121TSUQs
EB-671|WellData|FormationZone|Unknown formation: 121TSUQs
EB-672|WellData|FormationZone|Unknown formation: 121TSUQs
EB-673|WellData|FormationZone|Unknown formation: 121TSUQs
EB-674|WellData|FormationZone|Unknown formation: 121TSUQa/400EMBD
EB-675|WellData|FormationZone|Unknown formation: 121TSUQae
EB-677|WellData|FormationZone|Unknown formation: 112ANCH/325SAND
EB-687|WellData|FormationZone|Unknown formation: 121TSUQs
EB-688|WellData|FormationZone|Unknown formation: 121TSUQs
EB-689|WellData|FormationZone|Unknown formation: 121TSUQs
EB-691|WellData|FormationZone|Unknown formation: 112ANCH/120IRSV
ED-0088|WellData|FormationZone|Unknown formation: 110ALVM/313CKBF
ED-0202|WellData|FormationZone|Unknown formation: 110ALVM/313CLBD
ED-0209|WellData|FormationZone|Unknown formation: 110ALVM/312RSLR
ED-0235|WellData|FormationZone|Unknown formation: 110ALVM/312RSLR
ED-0181|WellData|FormationZone|Unknown formation: 312CSTL/312RSLR/313CLBD
ED-0182|WellData|FormationZone|Unknown formation: 312CSTL/312RSLR
ED-0186|WellData|FormationZone|Unknown formation: 312CSTL/312RSLR/313CLBD
ED-0196|WellData|FormationZone|Unknown formation: 313CLBD/312RSLR
ED-0198|WellData|FormationZone|Unknown formation: 313CLBD/312RSLR
ED-0199|WellData|FormationZone|Unknown formation: 313CLBD/312RSLR
ED-0309|WellData|FormationZone|Unknown formation: 110ALVM/312RSLR
ED-0247|WellData|FormationZone|Unknown formation: 110ALVM/312RSLR
ED-0337|WellData|FormationZone|Unknown formation: 312CSTL/312RSLR
ED-0352|WellData|FormationZone|Unknown formation: 312CSTL/312RSLR
ED-0354|WellData|FormationZone|Unknown formation: 312CSTL/312RSLR/110ALVM
LC-006|WellData|FormationZone|Unknown formation: 112ANCH/120IRSV
LC-009|WellData|FormationZone|Unknown formation: 112ANCH/120IRSV
LC-010|WellData|FormationZone|Unknown formation: 112ANCH/120IRSV
LC-011|WellData|FormationZone|Unknown formation: 120IRSV/121TSUQe
LC-025|WellData|FormationZone|Unknown formation: 112ANCH/110ALVM
LC-027|WellData|FormationZone|Unknown formation: 121TSUQs/112ANCH
LC-028|WellData|FormationZone|Unknown formation: 112ANCH/120IRSV
MG-039|WellData|FormationZone|Unknown formation: 123DTMGign
MG-041|WellData|FormationZone|Unknown formation: 123DTMGign
MG-043|WellData|FormationZone|Unknown formation: 123DTMGign
MI-0099|WellData|FormationZone|Unknown formation: 211DKOT/217PRGR
MI-0123|WellData|FormationZone|Unknown formation: 211DKOT/217PRGR
MI-0124|WellData|FormationZone|Unknown formation: 211DKOT/217PRGR
MI-0132|WellData|FormationZone|Unknown formation: 211DKOT/217PRGR
MI-0133|WellData|FormationZone|Unknown formation: 211DKOT/217PRGR
MI-0134|WellData|FormationZone|Unknown formation: 211DKOT/217PRGR
MI-0135|WellData|FormationZone|Unknown formation: 211DKOT/217PRGR
MI-0139|WellData|FormationZone|Unknown formation: 211DKOT/217PRGR
MI-0140|WellData|FormationZone|Unknown formation: 211DKOT/217PRGR
MI-0141|WellData|FormationZone|Unknown formation: 211DKOT/217PRGR
MI-0142|WellData|FormationZone|Unknown formation: 211DKOT/217PRGR
MI-0143|WellData|FormationZone|Unknown formation: 211DKOT/217PRGR
MI-0144|WellData|FormationZone|Unknown formation: 211DKOT/217PRGR
MI-0145|WellData|FormationZone|Unknown formation: 211DKOT/217PRGR
MI-0146|WellData|FormationZone|Unknown formation: 211DKOT/217PRGR
MI-0147|WellData|FormationZone|Unknown formation: 211DKOT/217PRGR
MI-0148|WellData|FormationZone|Unknown formation: 211DKOT/217PRGR
MI-0149|WellData|FormationZone|Unknown formation: 211DKOT/217PRGR
MI-0150|WellData|FormationZone|Unknown formation: 211DKOT/217PRGR
MI-0151|WellData|FormationZone|Unknown formation: 211DKOT/217PRGR
MI-0152|WellData|FormationZone|Unknown formation: 211DKOT/217PRGR/221MRSN
MI-0182|WellData|FormationZone|Unknown formation: 211DKOT/217PRGR
MI-0183|WellData|FormationZone|Unknown formation: 211DKOT/217PRGR
MI-0190|WellData|FormationZone|Unknown formation: 211GRRS/211DKOT/217PRGR
MI-0191|WellData|FormationZone|Unknown formation: 211GRRS/211DKOT/217PRGR
MI-0195|WellData|FormationZone|Unknown formation: 211DKOT/217PRGR
MI-0196|WellData|FormationZone|Unknown formation: 211DKOT/217PRGR
MI-0198|WellData|FormationZone|Unknown formation: 211DKOT/217PRGR
MI-0199|WellData|FormationZone|Unknown formation: 211DKOT/217PRGR
MI-0200|WellData|FormationZone|Unknown formation: 211DKOT/217PRGR
MI-0201|WellData|FormationZone|Unknown formation: 211DKOT/217PRGR
MI-0203|WellData|FormationZone|Unknown formation: 211DKOT/217PRGR
MI-0204|WellData|FormationZone|Unknown formation: 211DKOT/217PRGR
MI-0205|WellData|FormationZone|Unknown formation: 211DKOT/217PRGR
MI-0206|WellData|FormationZone|Unknown formation: 211DKOT/217PRGR
MI-0207|WellData|FormationZone|Unknown formation: 211DKOT/217PRGR
MI-0208|WellData|FormationZone|Unknown formation: 211DKOT/217PRGR
MI-0209|WellData|FormationZone|Unknown formation: 211DKOT/217PRGR
MI-0210|WellData|FormationZone|Unknown formation: 211DKOT/217PRGR
MI-0211|WellData|FormationZone|Unknown formation: 211DKOT/217PRGR
MI-0218|WellData|FormationZone|Unknown formation: 231CHNL/110AVMB
MI-0222|WellData|FormationZone|Unknown formation: 211DKOT/217PRGR
MI-0223|WellData|FormationZone|Unknown formation: 211DKOT/217PRGR
MI-0225|WellData|FormationZone|Unknown formation: 211DKOT/217PRGR
MI-0226|WellData|FormationZone|Unknown formation: 211DKOT/217PRGR
MI-0227|WellData|FormationZone|Unknown formation: 211DKOT/217PRGR
MI-0229|WellData|FormationZone|Unknown formation: 211DKOT/217PRGR
MI-0230|WellData|FormationZone|Unknown formation: 211DKOT/217PRGR/110AVMB
MI-0238|WellData|FormationZone|Unknown formation: 211GRRG/211DKOT/217PRGR
MI-0240|WellData|FormationZone|Unknown formation: 211DKOT/217PRGR/220ENRD
MI-0243|WellData|FormationZone|Unknown formation: 211GRRS/211DKOT/217PRGR
MI-0244|WellData|FormationZone|Unknown formation: 211GRRS/211DKOT/217PRGR
MI-0245|WellData|FormationZone|Unknown formation: 211GRRS/211DKOT/217PRGR
MI-0247|WellData|FormationZone|Unknown formation: 211DKOT/217PRGR
MI-0248|WellData|FormationZone|Unknown formation: 211DKOT/217PRGR
MI-0252|WellData|FormationZone|Unknown formation: 211DKOT/217PRGR
MI-0253|WellData|FormationZone|Unknown formation: 211DKOT/217PRGR
MI-0254|WellData|FormationZone|Unknown formation: 211DKOT/217PRGR
MI-0256|WellData|FormationZone|Unknown formation: 211DKOT/217PRGR
MI-0281|WellData|FormationZone|Unknown formation: 211GRRS/211DKOT/217PRGR
MI-0282|WellData|FormationZone|Unknown formation: 211DKOT/217PRGR
MI-0283|WellData|FormationZone|Unknown formation: 211DKOT/217PRGR
MI-0285|WellData|FormationZone|Unknown formation: 211DKOT/217PRGR
MI-0286|WellData|FormationZone|Unknown formation: 211DKOT/217PRGR
MI-0289|WellData|FormationZone|Unknown formation: 211DKOT/217PRGR
MI-0290|WellData|FormationZone|Unknown formation: 211DKOT/217PRGR
MI-0293|WellData|FormationZone|Unknown formation: 110AVMB/326MGDL
NM-23639|WellData|FormationZone|Unknown formation: 110PTOD
NM-23662|WellData|FormationZone|Unknown formation: 110PTOD
NM-23664|WellData|FormationZone|Unknown formation: 110PTOD
NM-23665|WellData|FormationZone|Unknown formation: 110PTOD
NM-23666|WellData|FormationZone|Unknown formation: 110PTOD
NM-26869|WellData|FormationZone|Unknown formation: 123PICSu
NM-26870|WellData|FormationZone|Unknown formation: 122TSUQdx/123PICSu
NM-26872|WellData|FormationZone|Unknown formation: 123PICSu
NM-26873|WellData|FormationZone|Unknown formation: 123PICSmc
NM-26874|WellData|FormationZone|Unknown formation: 123PICSu
NM-26876|WellData|FormationZone|Unknown formation: 122TSUQdx/123PICSu
NM-26877|WellData|FormationZone|Unknown formation: 123PICSm
NM-26882|WellData|FormationZone|Unknown formation: 112SNTFA/112SNTFP
NM-26902|WellData|FormationZone|Unknown formation: 318ABO/325MDER
NM-26904|WellData|FormationZone|Unknown formation: 112SNTFT
NM-26922|WellData|FormationZone|Unknown formation: 112SNTFT
NM-26938|WellData|FormationZone|Unknown formation: 318ABO/325MDER
NM-26946|WellData|FormationZone|Unknown formation: 211MENFL
NM-26962|WellData|FormationZone|Unknown formation: 221MRSN[RCAP]
PC-007|WellData|FormationZone|Unknown formation: 211MENFL
PC-009|WellData|FormationZone|Unknown formation: 211MENFL
PC-085|WellData|FormationZone|Unknown formation: 211MENFL
PC-096|WellData|FormationZone|Unknown formation: 110AVMB/210MNCSL
PC-097|WellData|FormationZone|Unknown formation: 211MENFL
PC-065|WellData|FormationZone|Unknown formation: 325MDER/318ABO
PC-074|WellData|FormationZone|Unknown formation: 112SNTFT
PP-054|WellData|FormationZone|Unknown formation: 122TSUQdx/123PICSu
PP-059|WellData|FormationZone|Unknown formation: 123PICSu/123PICSm
PP-069|WellData|FormationZone|Unknown formation: 123PICSu
PC-099|WellData|FormationZone|Unknown formation: 112SNTFT
PC-110|WellData|FormationZone|Unknown formation: 112SNTFT
PC-112|WellData|FormationZone|Unknown formation: 112SNTFT
PC-115|WellData|FormationZone|Unknown formation: 112SNTFT
PC-124|WellData|FormationZone|Unknown formation: 112SNTFT
PP-006|WellData|FormationZone|Unknown formation: 122TSUQdx/123PICSu
PP-008|WellData|FormationZone|Unknown formation: 123PICSu
PP-011|WellData|FormationZone|Unknown formation: 123PICSu
PP-017|WellData|FormationZone|Unknown formation: 110ALVM/123PICSm
PP-022|WellData|FormationZone|Unknown formation: 122TSUQdx/123PICSu
PP-023|WellData|FormationZone|Unknown formation: 123PICSu
PP-026|WellData|FormationZone|Unknown formation: 123PICSu/123PICSm
PP-027|WellData|FormationZone|Unknown formation: 123PICSu
PP-028|WellData|FormationZone|Unknown formation: 122TSUQdx/123PICSu
PP-029|WellData|FormationZone|Unknown formation: 123PICSu
PP-030|WellData|FormationZone|Unknown formation: 122TSUQdx
PP-031|WellData|FormationZone|Unknown formation: 122TSUQdx
PP-036|WellData|FormationZone|Unknown formation: 123PICSm
PP-038|WellData|FormationZone|Unknown formation: 123PICSm
QY-0015|WellData|FormationZone|Unknown formation: 110AVMB/221MRSN
QY-0025|WellData|FormationZone|Unknown formation: 110AVMB/221MRSN
QY-0028|WellData|FormationZone|Unknown formation: 221MRSN/220ENRD
QY-0115|WellData|FormationZone|Unknown formation: 110ALVM/231CHNL
QY-0052|WellData|FormationZone|Unknown formation: 110AVMB/231CHNL
QY-0053|WellData|FormationZone|Unknown formation: 110AVMB/231CHNL
QY-0083|WellData|FormationZone|Unknown formation: 110AVMB/231CHNL
QY-0199|WellData|FormationZone|Unknown formation: 110AVMB/220ENRD
QY-0200|WellData|FormationZone|Unknown formation: 110AVMB/220ENRD
QY-0201|WellData|FormationZone|Unknown formation: 110AVMB/220ENRD
QY-0217|WellData|FormationZone|Unknown formation: 110AVMB/220ENRD
QY-0218|WellData|FormationZone|Unknown formation: 110AVMB/220ENRD
QY-0146|WellData|FormationZone|Unknown formation: 110AVMB/231CHNL
QY-0158|WellData|FormationZone|Unknown formation: 221MRSN/220ENRD
QY-0161|WellData|FormationZone|Unknown formation: 221MRSN/220ENRD
QY-0167|WellData|FormationZone|Unknown formation: 221MRSN/220ENRD
QY-0180|WellData|FormationZone|Unknown formation: 110AVMB/220ENRD
QY-0181|WellData|FormationZone|Unknown formation: 110AVMB/220ENRD
QY-0182|WellData|FormationZone|Unknown formation: 110AVMB/220ENRD
QY-0183|WellData|FormationZone|Unknown formation: 110AVMB/220ENRD
QY-0184|WellData|FormationZone|Unknown formation: 110AVMB/220ENRD
QY-0185|WellData|FormationZone|Unknown formation: 110AVMB/220ENRD
QY-0225|WellData|FormationZone|Unknown formation: 110AVMB/220ENRD
QY-0230|WellData|FormationZone|Unknown formation: 110AVMB/221MRSN
QY-0231|WellData|FormationZone|Unknown formation: 110AVMB/221MRSN
QY-0234|WellData|FormationZone|Unknown formation: 221MRSN/220ENRD
QY-0236|WellData|FormationZone|Unknown formation: 221MRSN/220ENRD
QY-0251|WellData|FormationZone|Unknown formation: 221MRSN/220ENRD
QY-0264|WellData|FormationZone|Unknown formation: 110ALVM/231CHNL
QY-0271|WellData|FormationZone|Unknown formation: 110ALVM/231CHNL
QY-0402|WellData|FormationZone|Unknown formation: 110ALVM/231CHNL
QY-0403|WellData|FormationZone|Unknown formation: 110ALVM/231CHNL
QY-0404|WellData|FormationZone|Unknown formation: 110ALVM/231CHNL
QY-0405|WellData|FormationZone|Unknown formation: 110ALVM/231CHNL
QY-0406|WellData|FormationZone|Unknown formation: 110ALVM/231CHNL
QY-0407|WellData|FormationZone|Unknown formation: 231CHNL/231SNRS
QY-0408|WellData|FormationZone|Unknown formation: 231CHNL/231SNRS
QY-0410|WellData|FormationZone|Unknown formation: 231CHNL/231SNRS
QY-0411|WellData|FormationZone|Unknown formation: 231CHNL/231SNRS
QY-0395|WellData|FormationZone|Unknown formation: 231CHNL/231SNRS
QY-0396|WellData|FormationZone|Unknown formation: 231CHNL/231SNRS
QY-0415|WellData|FormationZone|Unknown formation: 231CHNL/231SNRS
QY-0426|WellData|FormationZone|Unknown formation: 110ALVM/231CHNL
QY-0431|WellData|FormationZone|Unknown formation: 110AVMB/231SNRS
QY-0436|WellData|FormationZone|Unknown formation: 231CHNL/231SNRS
QY-0450|WellData|FormationZone|Unknown formation: 110ALVM/231SNRS
QY-0457|WellData|FormationZone|Unknown formation: 110AVMB/231SNRS
QY-0461|WellData|FormationZone|Unknown formation: 110AVMB/231SNRS
QY-0462|WellData|FormationZone|Unknown formation: 110AVMB/231SNRS
QY-0463|WellData|FormationZone|Unknown formation: 110AVMB/231SNRS
QY-0468|WellData|FormationZone|Unknown formation: 110AVMB/231SNRS
QY-0469|WellData|FormationZone|Unknown formation: 110AVMB/231SNRS
QY-0483|WellData|FormationZone|Unknown formation: 121OGLL/231SNRS
QY-0487|WellData|FormationZone|Unknown formation: 110ALVM/121OGLL
QY-0489|WellData|FormationZone|Unknown formation: 110ALVM/110AVMB
QY-0490|WellData|FormationZone|Unknown formation: 110ALVM/110AVMB
QY-0522|WellData|FormationZone|Unknown formation: 110ALVM/121OGLL
QY-0523|WellData|FormationZone|Unknown formation: 110ALVM/121OGLL
QY-0524|WellData|FormationZone|Unknown formation: 121OGLL/210CRCS
QY-0525|WellData|FormationZone|Unknown formation: 121OGLL/210CRCS
QY-0543|WellData|FormationZone|Unknown formation: 121OGLL/210CRCS
QY-0547|WellData|FormationZone|Unknown formation: 221MRSN/231CHNL
QY-0548|WellData|FormationZone|Unknown formation: 121OGLL/210CRCS
QY-0549|WellData|FormationZone|Unknown formation: 221MRSN/231CHNL
QY-0552|WellData|FormationZone|Unknown formation: 110ALVM/231CHNL
QY-0553|WellData|FormationZone|Unknown formation: 110ALVM/231CHNL
QY-0556|WellData|FormationZone|Unknown formation: 110ALVM/231CHNL
QY-0557|WellData|FormationZone|Unknown formation: 110ALVM/231CHNL
QY-0609|WellData|FormationZone|Unknown formation: 121OGLL/231CHNL
QY-0670|WellData|FormationZone|Unknown formation: 121OGLL/231CHNL
QY-0768|WellData|FormationZone|Unknown formation: 110ALVM/231CHNL
QY-0787|WellData|FormationZone|Unknown formation: 121OGLL/231CHNL
QY-0906|WellData|FormationZone|Unknown formation: 110ALVM/231CHNL
QY-0907|WellData|FormationZone|Unknown formation: 110ALVM/231CHNL
QY-0917|WellData|FormationZone|Unknown formation: 110ALVM/231CHNL
QY-0921|WellData|FormationZone|Unknown formation: 121OGLL/210CRCS
QY-0922|WellData|FormationZone|Unknown formation: 121OGLL/210CRCS
QY-0923|WellData|FormationZone|Unknown formation: 121OGLL/210CRCS
QY-0924|WellData|FormationZone|Unknown formation: 121OGLL/210CRCS
QY-0926|WellData|FormationZone|Unknown formation: 121OGLL/210CRCS
QY-0843|WellData|FormationZone|Unknown formation: 110ALVM/231CHNL
QY-0846|WellData|FormationZone|Unknown formation: 121OGLL/220ENRD
QY-0864|WellData|FormationZone|Unknown formation: 110ALVM/231CHNL
QY-0998|WellData|FormationZone|Unknown formation: 110AVMB/231CHNL
QY-1001|WellData|FormationZone|Unknown formation: 110ALVM/231CHNL
QY-1006|WellData|FormationZone|Unknown formation: 110ALVM/231CHNL
QY-1011|WellData|FormationZone|Unknown formation: 110AVMB/231CHNL
QY-0950|WellData|FormationZone|Unknown formation: 110AVMB/231CHNL
QY-0972|WellData|FormationZone|Unknown formation: 110ALVM/231CHNL
QY-0980|WellData|FormationZone|Unknown formation: 110AVMB/231CHNL
RA-085|WellData|FormationZone|Unknown formation: 122A
RA-019|WellData|FormationZone|Unknown formation: 122
RA-067|WellData|FormationZone|Unknown formation: 122TSUQdx
RA-082|WellData|FormationZone|Unknown formation: 122ABQU
SA-0063|WellData|FormationZone|Unknown formation: 123SPRSlower
SA-0068|WellData|FormationZone|Unknown formation: 112QTBFpd
SA-0071|WellData|FormationZone|Unknown formation: 112QTBFppm
SA-0072|WellData|FormationZone|Unknown formation: 112QTBFpd
SA-0073|WellData|FormationZone|Unknown formation: 112QTBFppm
SA-0075|WellData|FormationZone|Unknown formation: 112QTBFppm
SA-0076|WellData|FormationZone|Unknown formation: 112QTBFppm
SA-0077|WellData|FormationZone|Unknown formation: 112QTBFppm
SA-0078|WellData|FormationZone|Unknown formation: 112QTBFppm
SA-0081|WellData|FormationZone|Unknown formation: 112QTBFppm
SA-0082|WellData|FormationZone|Unknown formation: 112QTBFppm
SA-0084|WellData|FormationZone|Unknown formation: 112QTBFppm
SA-0086|WellData|FormationZone|Unknown formation: 112QTBFppm
SA-0087|WellData|FormationZone|Unknown formation: 112QTBFppm
SA-0101|WellData|FormationZone|Unknown formation: 123DTMGandbas
SA-0102|WellData|FormationZone|Unknown formation: 123DTMGandbas
SA-0103|WellData|FormationZone|Unknown formation: 112QTBFppm
SA-0105|WellData|FormationZone|Unknown formation: 112QTBFppm
SA-0106|WellData|FormationZone|Unknown formation: 112QTBFppm
SA-0005|WellData|FormationZone|Unknown formation: 123DTMGign
SA-0006|WellData|FormationZone|Unknown formation: 123DTMGign
SA-0008|WellData|FormationZone|Unknown formation: 112QTBFppm/123DTMGign
SA-0009|WellData|FormationZone|Unknown formation: 112QTBFppm/123DTMGign
SA-0016|WellData|FormationZone|Unknown formation: 112QTBFppm
SA-0017|WellData|FormationZone|Unknown formation: 112QTBFppm/123DTMGign
SA-0018|WellData|FormationZone|Unknown formation: 112QTBFppm
SA-0028|WellData|FormationZone|Unknown formation: 112QTBFppm
SA-0030|WellData|FormationZone|Unknown formation: 112QTBFppm/123DTMGign
SA-0038|WellData|FormationZone|Unknown formation: 112QTBFppm
SA-0042|WellData|FormationZone|Unknown formation: 123DTMGign
SA-0044|WellData|FormationZone|Unknown formation: 112QTBFppm/123DTMGign
SA-0050|WellData|FormationZone|Unknown formation: 112QTBF/123DTMGign
SA-0051|WellData|FormationZone|Unknown formation: 112QTBFppm/123DTMGign
SA-0053|WellData|FormationZone|Unknown formation: 112QTBFlac
SA-0056|WellData|FormationZone|Unknown formation: 112QTBFlac
SA-0057|WellData|FormationZone|Unknown formation: 112QTBFlac
SA-0059|WellData|FormationZone|Unknown formation: 123SPRSlower
SA-0177|WellData|FormationZone|Unknown formation: 123DTMGrhydac
SA-0178|WellData|FormationZone|Unknown formation: 123DTMGrhydac
SA-0179|WellData|FormationZone|Unknown formation: 123DTMGrhydac
SA-0182|WellData|FormationZone|Unknown formation: 123DTMGign
SA-0183|WellData|FormationZone|Unknown formation: 123SPRSmid_uppe
SA-0184|WellData|FormationZone|Unknown formation: 123DTMGign
SA-0188|WellData|FormationZone|Unknown formation: 112QTBFppm
SA-0189|WellData|FormationZone|Unknown formation: 112QTBFppm
SA-0192|WellData|FormationZone|Unknown formation: 112QTBFpd
SA-0195|WellData|FormationZone|Unknown formation: 123DTMGign
SA-0196|WellData|FormationZone|Unknown formation: 050QUAL/112QTBFppm
SA-0197|WellData|FormationZone|Unknown formation: 050QUAL/112QTBFppm
SA-0198|WellData|FormationZone|Unknown formation: 050QUAL/112QTBF
SA-0199|WellData|FormationZone|Unknown formation: 050QUAL/112QTBFppm
SA-0107|WellData|FormationZone|Unknown formation: 112QTBFppm
SA-0108|WellData|FormationZone|Unknown formation: 112QTBFpd
SA-0109|WellData|FormationZone|Unknown formation: 112QTBFppm
SA-0110|WellData|FormationZone|Unknown formation: 112QTBFppm
SA-0112|WellData|FormationZone|Unknown formation: 112QTBFppm
SA-0113|WellData|FormationZone|Unknown formation: 123DTMGign
SA-0114|WellData|FormationZone|Unknown formation: 112QTBFppm
SA-0115|WellData|FormationZone|Unknown formation: 112QTBFppm
SA-0116|WellData|FormationZone|Unknown formation: 123DTMGign
SA-0117|WellData|FormationZone|Unknown formation: 123DTMGign
SA-0123|WellData|FormationZone|Unknown formation: 123DTMGign
SA-0126|WellData|FormationZone|Unknown formation: 123DTMGandbas
SA-0127|WellData|FormationZone|Unknown formation: 123DTMGandbas
SA-0128|WellData|FormationZone|Unknown formation: 112QTBFppm
SA-0129|WellData|FormationZone|Unknown formation: 112QTBFppm
SA-0130|WellData|FormationZone|Unknown formation: 123DTMGign
SA-0131|WellData|FormationZone|Unknown formation: 123DTMGign
SA-0132|WellData|FormationZone|Unknown formation: 112QTBFppm
SA-0133|WellData|FormationZone|Unknown formation: 112QTBFppm
SA-0134|WellData|FormationZone|Unknown formation: 112QTBFppm
SA-0135|WellData|FormationZone|Unknown formation: 112QTBFppm
SA-0136|WellData|FormationZone|Unknown formation: 112QTBFppm
SA-0137|WellData|FormationZone|Unknown formation: 112QTBFppm
SA-0138|WellData|FormationZone|Unknown formation: 112QTBFppm
SA-0139|WellData|FormationZone|Unknown formation: 112QTBFppm
SA-0140|WellData|FormationZone|Unknown formation: 112QTBFppm
SA-0145|WellData|FormationZone|Unknown formation: 123DTMGrhydac
SA-0146|WellData|FormationZone|Unknown formation: 123DTMGrhydac
SA-0147|WellData|FormationZone|Unknown formation: 123DTMGrhydac
SA-0148|WellData|FormationZone|Unknown formation: 123DTMGrhydac
SA-0149|WellData|FormationZone|Unknown formation: 123DTMGandbas
SA-0151|WellData|FormationZone|Unknown formation: 112QTBFppm
SA-0161|WellData|FormationZone|Unknown formation: 123DTMGign
SA-0162|WellData|FormationZone|Unknown formation: 123DTMGrhydac
SA-0164|WellData|FormationZone|Unknown formation: 123DTMGandbas
SA-0165|WellData|FormationZone|Unknown formation: 112QTBFppm
SA-0166|WellData|FormationZone|Unknown formation: 123DTMGrhydac
SA-0168|WellData|FormationZone|Unknown formation: 112QTBFppm
SA-0170|WellData|FormationZone|Unknown formation: 112QTBFpd
SA-0171|WellData|FormationZone|Unknown formation: 112QTBFpd
SA-0172|WellData|FormationZone|Unknown formation: 112QTBFppm
SA-0174|WellData|FormationZone|Unknown formation: 112QTBFppm
SA-0175|WellData|FormationZone|Unknown formation: 112QTBFppm
SA-0176|WellData|FormationZone|Unknown formation: 112QTBFppm
SA-0335|WellData|FormationZone|Unknown formation: 112QTBFppm
SA-0337|WellData|FormationZone|Unknown formation: 112QTBFppm
SA-0338|WellData|FormationZone|Unknown formation: 123DTMGign
SA-0339|WellData|FormationZone|Unknown formation: 112QTBFppm
SA-0340|WellData|FormationZone|Unknown formation: 112QTBFppm
SA-0341|WellData|FormationZone|Unknown formation: 123DTMGign
SA-0342|WellData|FormationZone|Unknown formation: 112QTBFppm
SA-0343|WellData|FormationZone|Unknown formation: 112QTBFppm
SA-0200|WellData|FormationZone|Unknown formation: 123DTMGrhydac
SA-0203|WellData|FormationZone|Unknown formation: 112QTBFppm
SA-0204|WellData|FormationZone|Unknown formation: 123DTMGandbas
SA-0205|WellData|FormationZone|Unknown formation: 123DTMGign
SA-0206|WellData|FormationZone|Unknown formation: 123SPRSmid_uppe
SA-0207|WellData|FormationZone|Unknown formation: 123DTMGign
SA-0208|WellData|FormationZone|Unknown formation: 123DTMGign
SA-0209|WellData|FormationZone|Unknown formation: 112QTBFppm
SA-0210|WellData|FormationZone|Unknown formation: 123DTMGign
SA-0211|WellData|FormationZone|Unknown formation: 112QTBFppm
SA-0212|WellData|FormationZone|Unknown formation: 112QTBFpd
SA-0213|WellData|FormationZone|Unknown formation: 112QTBFpd
SA-0214|WellData|FormationZone|Unknown formation: 112QTBFpd
SA-0214|WellData|Unknown|Unknown lexicon value: LU_Depth_CompletionSource:1
SA-0216|WellData|FormationZone|Unknown formation: 112QTBFpd
SA-0217|WellData|FormationZone|Unknown formation: 112QTBFppm
SA-0218|WellData|FormationZone|Unknown formation: 112QTBFppm
SA-0219|WellData|FormationZone|Unknown formation: 112QTBFppm
SA-0220|WellData|FormationZone|Unknown formation: 112QTBFppm
SA-0221|WellData|FormationZone|Unknown formation: 112QTBFppm
SA-0222|WellData|FormationZone|Unknown formation: 112QTBFppm/123SPRSDTMGlav
SA-0224|WellData|FormationZone|Unknown formation: 112QTBFppm
SA-0225|WellData|FormationZone|Unknown formation: 112QTBFppm
SA-0226|WellData|FormationZone|Unknown formation: 112QTBFppm
SA-0238|WellData|FormationZone|Unknown formation: 123SPRSlower
SA-0301|WellData|FormationZone|Unknown formation: 112QTBFppm
SA-0303|WellData|FormationZone|Unknown formation: 112QTBFppm
SA-0304|WellData|FormationZone|Unknown formation: 112QTBFppm
SA-0305|WellData|FormationZone|Unknown formation: 123DTMGrhydac
SA-0306|WellData|FormationZone|Unknown formation: 123DTMGrhydac
SA-0307|WellData|FormationZone|Unknown formation: 123DTMGrhydac
SA-0308|WellData|FormationZone|Unknown formation: 123DTMGign
SA-0309|WellData|FormationZone|Unknown formation: 123SPRSmid_uppe
SA-0311|WellData|FormationZone|Unknown formation: 123DTMGign
SA-0312|WellData|FormationZone|Unknown formation: 123DTMGandbas
SA-0313|WellData|FormationZone|Unknown formation: 123DTMGign
SA-0315|WellData|FormationZone|Unknown formation: 112QTBFpd
SA-0316|WellData|FormationZone|Unknown formation: 112QTBFppm
SA-0317|WellData|FormationZone|Unknown formation: 123DTMGign
SA-0318|WellData|FormationZone|Unknown formation: 123DTMGrhydac
SA-0320|WellData|FormationZone|Unknown formation: 112QTBFppm
SA-0321|WellData|FormationZone|Unknown formation: 112QTBFppm
SA-0322|WellData|FormationZone|Unknown formation: 112QTBFppm
SA-0323|WellData|FormationZone|Unknown formation: 112QTBFppm
SAC-0292|WellData|Unknown|Unknown lexicon value: LU_Status:O
SAC-0294|WellData|Unknown|Unknown lexicon value: LU_Status:O
SAC-0295|WellData|Unknown|Unknown lexicon value: LU_Status:O
SAC-0299|WellData|Unknown|Unknown lexicon value: LU_Status:O
SAC-0300|WellData|Unknown|Unknown lexicon value: LU_Depth_CompletionSource:OSE
SAC-0302|WellData|Unknown|Unknown lexicon value: LU_Depth_CompletionSource:OSE
SD-0057|WellData|FormationZone|Unknown formation: 110ALVM/325MDER
SD-0029|WellData|FormationZone|Unknown formation: 325MDER/110ALVM
SD-0042|WellData|FormationZone|Unknown formation: 325MDER/050QUAL
SD-0049|WellData|FormationZone|Unknown formation: 325MDER/050QUAL
SD-0077|WellData|FormationZone|Unknown formation: 325MDER/110ALVM
SD-0108|WellData|FormationZone|Unknown formation: 325MDER/110ALVM
SD-0120|WellData|FormationZone|Unknown formation: 110ALVM/400PREC
SD-0122|WellData|FormationZone|Unknown formation: 110ALVM/400PREC
SD-0132|WellData|FormationZone|Unknown formation: 231CHNL/231SNRS
SD-0138|WellData|FormationZone|Unknown formation: 110ALVM/231CHNL
SD-0143|WellData|FormationZone|Unknown formation: 110ALVM/231CHNL
SD-0255|WellData|FormationZone|Unknown formation: 110ALVM/231SNRS
SD-0262|WellData|FormationZone|Unknown formation: 110ALVM/231CHNL
SD-0225|WellData|FormationZone|Unknown formation: 050QUAL/325MDER
SD-0226|WellData|FormationZone|Unknown formation: 050QUAL/325MDER
SD-0229|WellData|FormationZone|Unknown formation: 050QUAL/325MDER
SD-0239|WellData|FormationZone|Unknown formation: 300YESO/110ALVM
SM-0026|WellData|FormationZone|Unknown formation: 110ALVM/300YESO
SD-0263|WellData|FormationZone|Unknown formation: 110ALVM/231CHNL
SD-0264|WellData|FormationZone|Unknown formation: 231CHNL/221TDLT/220ENRD
SD-0267|WellData|FormationZone|Unknown formation: 313SADR/231SNRS
SD-0269|WellData|FormationZone|Unknown formation: 050QUAL/310ABO
SD-0280|WellData|FormationZone|Unknown formation: 231CHNL/110ALVM
SD-0283|WellData|FormationZone|Unknown formation: 231CHNL/221TDLT/220ENRD
SD-0284|WellData|FormationZone|Unknown formation: 221TDLT/220ENRD/231CHNL
SD-0298|WellData|FormationZone|Unknown formation: 050QUAL/310ABO
SD-0304|WellData|FormationZone|Unknown formation: 325MDER/050QUAL
SD-0308|WellData|FormationZone|Unknown formation: 325MDER/310ABO
SD-0310|WellData|FormationZone|Unknown formation: 325MDER/310ABO
SD-0312|WellData|FormationZone|Unknown formation: 110ALVM/211DKOT
SD-0328|WellData|FormationZone|Unknown formation: 110ALVM/231CHNL
SM-0007|WellData|FormationZone|Unknown formation: 260SNAN/300YESO
SM-0170|WellData|FormationZone|Unknown formation: 260SNAN_lower
SM-0172|WellData|FormationZone|Unknown formation: 300YESO_upper
SM-0173|WellData|FormationZone|Unknown formation: 300YESO_upper
SM-0174|WellData|FormationZone|Unknown formation: 260SNAN_lower
SM-0183|WellData|FormationZone|Unknown formation: 260SNAN/300YESO
SM-0217|WellData|FormationZone|Unknown formation: 260SNAN_lower
SM-0219|WellData|FormationZone|Unknown formation: 260SNAN_lower
SM-0223|WellData|FormationZone|Unknown formation: 260SNAN/300YESO
SM-0230|WellData|FormationZone|Unknown formation: 300YESO_upper
SM-0231|WellData|FormationZone|Unknown formation: 300YESO_upper
SM-0070|WellData|FormationZone|Unknown formation: 260SNAN/300YESO
SM-0091|WellData|FormationZone|Unknown formation: 300YESO/310ABO
SM-0243|WellData|FormationZone|Unknown formation: 300YESO_upper
SO-0095|WellData|FormationZone|Unknown formation: 110ALVM/310MBLC
SO-0096|WellData|FormationZone|Unknown formation: 310MBLC/310ABO
SM-0260|WellData|FormationZone|Unknown formation: 110ALVM/300YESO
SM-0261|WellData|FormationZone|Unknown formation: 110ALVM/300YESO
SV-0032|WellData|FormationZone|Unknown formation: 320SNDI/400SAND
SV-0034|WellData|FormationZone|Unknown formation: 325MDER/400SAND
SV-0036|WellData|FormationZone|Unknown formation: 325MDER/310ABO
SV-0037|WellData|FormationZone|Unknown formation: 325MDER/310ABO
SV-0120|WellData|FormationZone|Unknown formation: 325MDER/310ABO
TB-0093|WellData|FormationZone|Unknown formation: 180TKSCC_Upper
TB-0094|WellData|FormationZone|Unknown formation: 180TKSCC_Upper
TB-0012|WellData|FormationZone|Unknown formation: 180TKSCC_Upper
TB-0021|WellData|FormationZone|Unknown formation: 120TSBV_Lower
TB-0022|WellData|FormationZone|Unknown formation: 180TKSCC_Upper
TB-0023|WellData|FormationZone|Unknown formation: 210GLUPC_Lower
TB-0038|WellData|FormationZone|Unknown formation: 180TKSCC_Upper
TB-0041|WellData|FormationZone|Unknown formation: 180TKSCC_Upper
TB-0042|WellData|FormationZone|Unknown formation: 120TSBV_Lower
TB-0043|WellData|FormationZone|Unknown formation: 120TSBV_Lower
TB-0050|WellData|FormationZone|Unknown formation: 180TKSCC_Upper
TB-0051|WellData|FormationZone|Unknown formation: 180TKSCC_Upper
TB-0052|WellData|FormationZone|Unknown formation: 180TKSCC_Upper
TB-0052|WellData|Unknown|Unknown lexicon value: LU_Depth_CompletionSource:C
TB-0053|WellData|FormationZone|Unknown formation: 120TSBV_Lower
TB-0069|WellData|FormationZone|Unknown formation: 180TKSCC_Upper
TB-0070|WellData|FormationZone|Unknown formation: 120TSBV_Lower
TB-0173|WellData|FormationZone|Unknown formation: 210GLUPC_Lower
TB-0179|WellData|FormationZone|Unknown formation: 180TKSCC_Upper
TB-0180|WellData|FormationZone|Unknown formation: 180TKSCC_Upper
TB-0181|WellData|FormationZone|Unknown formation: 180TKSCC_Upper
TB-0182|WellData|FormationZone|Unknown formation: 180TKSCC_Upper
TB-0183|WellData|FormationZone|Unknown formation: 180TKSCC_Upper
TB-0184|WellData|FormationZone|Unknown formation: 180TKSCC_Upper
TB-0185|WellData|FormationZone|Unknown formation: 180TKSCC_Upper
TB-0186|WellData|FormationZone|Unknown formation: 180TKSCC_Upper
TB-0187|WellData|FormationZone|Unknown formation: 210GLUPC_Lower
TB-0189|WellData|FormationZone|Unknown formation: 180TKSCC_Upper
TB-0192|WellData|FormationZone|Unknown formation: 180TKSCC_Upper
TB-0194|WellData|FormationZone|Unknown formation: 120TSBV_Upper
TB-0195|WellData|FormationZone|Unknown formation: 180TKSCC_Upper
TB-0196|WellData|FormationZone|Unknown formation: 180TKSCC_Upper
TB-0197|WellData|FormationZone|Unknown formation: 180TKSCC_Upper
TB-0198|WellData|FormationZone|Unknown formation: 120TSBV_Upper
TB-0199|WellData|FormationZone|Unknown formation: 120TSBV_Upper
TB-0200|WellData|FormationZone|Unknown formation: 120TSBV_Lower
TB-0095|WellData|FormationZone|Unknown formation: 180TKSCC_Upper
TB-0096|WellData|FormationZone|Unknown formation: 180TKSCC_Upper
TB-0097|WellData|FormationZone|Unknown formation: 180TKSCC_Upper
TB-0098|WellData|FormationZone|Unknown formation: 180TKSCC_Upper
TB-0100|WellData|FormationZone|Unknown formation: 210GLUPC_Lower
TB-0101|WellData|FormationZone|Unknown formation: 210GLUPC_Lower
TB-0104|WellData|FormationZone|Unknown formation: 120TSBV_Upper
TB-0105|WellData|FormationZone|Unknown formation: 120TSBV_Upper
TB-0106|WellData|FormationZone|Unknown formation: 210GLUPC_Lower
TB-0107|WellData|FormationZone|Unknown formation: 210GLUPC_Lower
TB-0111|WellData|FormationZone|Unknown formation: 210GLUPC_Lower
TB-0112|WellData|FormationZone|Unknown formation: 210GLUPC_Lower
TB-0113|WellData|FormationZone|Unknown formation: 210GLUPC_Lower
TB-0114|WellData|FormationZone|Unknown formation: 210GLUPC_Lower
TB-0115|WellData|FormationZone|Unknown formation: 210GLUPC_Lower
TB-0116|WellData|FormationZone|Unknown formation: 210GLUPC_Lower
TB-0118|WellData|FormationZone|Unknown formation: 210GLUPC_Lower
TB-0119|WellData|FormationZone|Unknown formation: 180TKSCC_Upper
TB-0120|WellData|FormationZone|Unknown formation: 180TKSCC_Upper
TB-0121|WellData|FormationZone|Unknown formation: 180TKSCC_Upper
TB-0122|WellData|FormationZone|Unknown formation: 180TKSCC_Upper
TB-0123|WellData|FormationZone|Unknown formation: 180TKSCC_Upper
TB-0124|WellData|FormationZone|Unknown formation: 180TKSCC_Upper
TB-0125|WellData|FormationZone|Unknown formation: 180TKSCC_Upper
TB-0126|WellData|FormationZone|Unknown formation: 180TKSCC_Upper
TB-0129|WellData|FormationZone|Unknown formation: 180TKSCC_Upper
TB-0130|WellData|FormationZone|Unknown formation: 180TKSCC_Upper
TB-0132|WellData|FormationZone|Unknown formation: 180TKSCC_Upper
TB-0133|WellData|FormationZone|Unknown formation: 180TKSCC_Upper
TB-0143|WellData|FormationZone|Unknown formation: 180TKSCC_Upper
TB-0144|WellData|FormationZone|Unknown formation: 120TSBV_Lower
TB-0145|WellData|FormationZone|Unknown formation: 120TSBV_Lower
TB-0146|WellData|FormationZone|Unknown formation: 180TKSCC_Upper
TB-0147|WellData|FormationZone|Unknown formation: 180TKSCC_Upper
TB-0148|WellData|FormationZone|Unknown formation: 180TKSCC_Upper
TB-0149|WellData|FormationZone|Unknown formation: 180TKSCC_Upper
TB-0150|WellData|FormationZone|Unknown formation: 120TSBV_Lower
TB-0151|WellData|FormationZone|Unknown formation: 120TSBV_Lower
TB-0152|WellData|FormationZone|Unknown formation: 120TSBV_Lower
TB-0153|WellData|FormationZone|Unknown formation: 180TKSCC_Upper
TB-0154|WellData|FormationZone|Unknown formation: 120TSBV_Upper
TB-0156|WellData|FormationZone|Unknown formation: 120TSBV_Upper
TB-0158|WellData|FormationZone|Unknown formation: 180TKSCC_Upper
TB-0159|WellData|FormationZone|Unknown formation: 210GLUPC_Lower
TB-0162|WellData|FormationZone|Unknown formation: 120TSBV_Upper
TB-0165|WellData|FormationZone|Unknown formation: 120TSBV_Upper
TB-0168|WellData|FormationZone|Unknown formation: 120TSBV_Upper
TB-0169|WellData|FormationZone|Unknown formation: 120TSBV_Upper
TB-0170|WellData|FormationZone|Unknown formation: 120TSBV_Upper
TB-0171|WellData|FormationZone|Unknown formation: 180TKSCC_Upper
TB-0172|WellData|FormationZone|Unknown formation: 210GLUPC_Lower
TB-0206|WellData|FormationZone|Unknown formation: 210GLUPC_Lower
TB-0207|WellData|FormationZone|Unknown formation: 210GLUPC_Lower
TB-0209|WellData|FormationZone|Unknown formation: 210GLUPC_Lower
TB-0211|WellData|FormationZone|Unknown formation: 180TKSCC_Upper
TB-0214|WellData|FormationZone|Unknown formation: 120TSBV_Lower
TB-0217|WellData|FormationZone|Unknown formation: 210GLUPC_Lower
TB-0218|WellData|FormationZone|Unknown formation: 180TKSCC_Upper
TB-0219|WellData|FormationZone|Unknown formation: 180TKSCC_Upper
TB-0220|WellData|FormationZone|Unknown formation: 180TKSCC_Upper
TB-0221|WellData|FormationZone|Unknown formation: 180TKSCC_Upper
TB-0222|WellData|FormationZone|Unknown formation: 120TSBV_Upper
TB-0223|WellData|FormationZone|Unknown formation: 120TSBV_Lower
TB-0224|WellData|FormationZone|Unknown formation: 120TSBV_Lower
TB-0225|WellData|FormationZone|Unknown formation: 120TSBV_Lower
TB-0226|WellData|FormationZone|Unknown formation: 120TSBV_Upper
TB-0227|WellData|FormationZone|Unknown formation: 120TSBV_Upper
TB-0228|WellData|FormationZone|Unknown formation: 120TSBV_Upper
TB-0229|WellData|FormationZone|Unknown formation: 180TKSCC_Upper
TB-0230|WellData|FormationZone|Unknown formation: 120TSBV_Lower
TB-0233|WellData|FormationZone|Unknown formation: 120TSBV_Lower
TB-0234|WellData|FormationZone|Unknown formation: 120TSBV_Lower
TB-0236|WellData|FormationZone|Unknown formation: 120TSBV_Upper
TB-0240|WellData|FormationZone|Unknown formation: 120TSBV_Upper
TB-0241|WellData|FormationZone|Unknown formation: 120TSBV_Lower
TB-0242|WellData|FormationZone|Unknown formation: 210GLUPC_Lower
TB-0243|WellData|FormationZone|Unknown formation: 210GLUPC_Lower
TB-0249|WellData|FormationZone|Unknown formation: 180TKSCC_Upper
TB-0250|WellData|FormationZone|Unknown formation: 180TKSCC_Upper
TC-316|WellData|FormationZone|Unknown formation: 120SRVB/110PTODC
TV-100|WellData|FormationZone|Unknown formation: 123PICSc
TV-108|WellData|FormationZone|Unknown formation: 112LAMAb
TV-192|WellData|FormationZone|Unknown formation: 112LAMA/120SRVB
TV-195|WellData|FormationZone|Unknown formation: 120SRVBf
TV-196|WellData|FormationZone|Unknown formation: 120SRVB/112LAMAb
TV-197|WellData|FormationZone|Unknown formation: 112LAMAb/120SRVB
TV-198|WellData|FormationZone|Unknown formation: 120SRVB/112LAMAb
TV-199|WellData|FormationZone|Unknown formation: 120SRVBf
TV-206|WellData|FormationZone|Unknown formation: 123PICSc
TV-216|WellData|FormationZone|Unknown formation: 123PICSc
TV-219|WellData|FormationZone|Unknown formation: 122OJOC/122CRTO
TV-121|WellData|FormationZone|Unknown formation: 112LAMAb/120SRVB
TV-123|WellData|FormationZone|Unknown formation: 112LAMAb
TV-124|WellData|FormationZone|Unknown formation: 112LAMAb
TV-126|WellData|FormationZone|Unknown formation: 410PRCG/123PICS
TV-129|WellData|FormationZone|Unknown formation: 410PRCGf
TV-134|WellData|FormationZone|Unknown formation: 410PRCQf
TV-135|WellData|FormationZone|Unknown formation: 112LAMA/110AVMB
TV-136|WellData|FormationZone|Unknown formation: 112LAMAb
TV-137|WellData|FormationZone|Unknown formation: 120SRVB/112LAMAb
TV-138|WellData|FormationZone|Unknown formation: 112LAMA/120SRVB
TV-139|WellData|FormationZone|Unknown formation: 112LAMAb/120SRVB
TV-140|WellData|FormationZone|Unknown formation: 112LAMA/120SRVB
TV-142|WellData|FormationZone|Unknown formation: 112LAMA/121CHMT
TV-143|WellData|FormationZone|Unknown formation: 120SRVB/112LAMAb
TV-145|WellData|FormationZone|Unknown formation: 110AVMB/112LAMA
TV-147|WellData|FormationZone|Unknown formation: 112LAMA/120SRVB
TV-152|WellData|FormationZone|Unknown formation: 122OJOC/121CHMT
TV-153|WellData|FormationZone|Unknown formation: 112LAMA/121CHMT
TV-154|WellData|FormationZone|Unknown formation: 112LAMA/110AVMB
TV-155|WellData|FormationZone|Unknown formation: 120SRVB/112LAMAb
TV-159|WellData|FormationZone|Unknown formation: 120SRVBf
TV-164|WellData|FormationZone|Unknown formation: 120SRVBf
TV-165|WellData|FormationZone|Unknown formation: 120SRVBf
TV-166|WellData|FormationZone|Unknown formation: 112LAMAb/120SRVB
TV-168|WellData|FormationZone|Unknown formation: 110AVMB/120SRVB
TV-171|WellData|FormationZone|Unknown formation: 122CRTO/122OJOC
TV-173|WellData|FormationZone|Unknown formation: 112LAMAb
TV-174|WellData|FormationZone|Unknown formation: 112LAMAb
TV-180|WellData|FormationZone|Unknown formation: 112LAMAb/121CHMT
TV-185|WellData|FormationZone|Unknown formation: 112LAMAb
TV-303|WellData|FormationZone|Unknown formation: 121CHMT/122OJOC
TV-227|WellData|FormationZone|Unknown formation: 112LAMAb
TV-230|WellData|FormationZone|Unknown formation: 410PRCQf
TV-231|WellData|FormationZone|Unknown formation: 120SRVBf
TV-233|WellData|FormationZone|Unknown formation: 112LAMAb/120SRVB
TV-239|WellData|FormationZone|Unknown formation: 112LAMA/121CHMT
TV-240|WellData|FormationZone|Unknown formation: 120SRVB/112LAMAb
TV-247|WellData|FormationZone|Unknown formation: 112LAMA/110AVMB
TV-248|WellData|FormationZone|Unknown formation: 112LAMAb
TV-255|WellData|FormationZone|Unknown formation: 120SRVBf/112LAMAb
TV-256|WellData|FormationZone|Unknown formation: 112LAMAb/120SRVB
TV-263|WellData|FormationZone|Unknown formation: 120SRVB/121CHMT
TV-265|WellData|FormationZone|Unknown formation: 123PICS/110AVMB
TV-274|WellData|FormationZone|Unknown formation: 121CHMT/122CRTO
TV-276|WellData|FormationZone|Unknown formation: 112LAMAb/121CHMT
TV-279|WellData|FormationZone|Unknown formation: 120SRVBf/112LAMAb
TV-280|WellData|FormationZone|Unknown formation: 112LAMAb/120SRVB
TV-284|WellData|FormationZone|Unknown formation: 112LAMAb/120SRVB
TV-296|WellData|FormationZone|Unknown formation: 112LAMAb
UC-0028|WellData|Unknown|Unknown lexicon value: LU_Depth_CompletionSource:ct137
WL-0077|WellData|FormationZone|Unknown formation: 110PTODC/312RSLR
WL-0083|WellData|FormationZone|Unknown formation: 112QTBFpd
WL-0086|WellData|FormationZone|Unknown formation: 110ALVM/121GILA
WL-0087|WellData|FormationZone|Unknown formation: 110ALVM/121GILA
WL-0088|WellData|FormationZone|Unknown formation: 110ALVM/121GILA
WL-0089|WellData|FormationZone|Unknown formation: 110ALVM/121GILA
WL-0091|WellData|FormationZone|Unknown formation: 110ALVM/121GILA
WL-0092|WellData|FormationZone|Unknown formation: 110AVMB/318YESO
WL-0100|WellData|FormationZone|Unknown formation: 313GDLP/312OCHO
WL-0101|WellData|FormationZone|Unknown formation: 313GDLP/312OCHO
WL-0102|WellData|FormationZone|Unknown formation: 313GDLP/312OCHO
WL-0105|WellData|FormationZone|Unknown formation: 110GTUN
WL-0021|WellData|FormationZone|Unknown formation: 110ALVM/124DMDT
WL-0030|WellData|FormationZone|Unknown formation: 211MENF/211PNLK
WL-0031|WellData|FormationZone|Unknown formation: 211MENF/211PNLK
WL-0032|WellData|FormationZone|Unknown formation: 120IRSV/211MENF
WL-0037|WellData|FormationZone|Unknown formation: 300YESO/000IRSV
WL-0053|WellData|FormationZone|Unknown formation: 400PREC/320PENN
WL-0068|WellData|FormationZone|Unknown formation: 110ALVM/121GILA
WL-0073|WellData|FormationZone|Unknown formation: 122TSUQdx
WL-0074|WellData|FormationZone|Unknown formation: 122TSUQdx
WL-0120|WellData|FormationZone|Unknown formation: 112QTBFppm
WL-0125|WellData|FormationZone|Unknown formation: 112QTBFppm
WL-0126|WellData|FormationZone|Unknown formation: 112QTBFppm
WL-0127|WellData|FormationZone|Unknown formation: 112QTBFppm
WL-0140|WellData|FormationZone|Unknown formation: 110PTODC/112SNTFP
WL-0141|WellData|FormationZone|Unknown formation: 112QTBFppm
WL-0145|WellData|FormationZone|Unknown formation: 112QTBFppm
WL-0147|WellData|FormationZone|Unknown formation: 110PTODC/112SNTFP
WL-0150|WellData|FormationZone|Unknown formation: 211MENF/211PNLK
WL-0216|WellData|FormationZone|Unknown formation: 112QTBFppm
WL-0227|WellData|FormationZone|Unknown formation: 112QTBFppm
WL-0228|WellData|FormationZone|Unknown formation: 112QTBFpd
WL-0258|WellData|FormationZone|Unknown formation: 110ALVM/124DMDT
WL-0260|WellData|FormationZone|Unknown formation: 110AVMB/325MDERU
WL-0262|WellData|FormationZone|Unknown formation: 120IRSV/211CRVC

WellScreen|3714|2809|2776|1.1747953008187968
PointID|Table|Field|Error
TB-0227|WellScreens|UnknownField|Validation Error: [{'type': 'greater_than', 'loc': ('screen_depth_top',), 'msg': 'Input should be greater than 0', 'input': 0.0, 'ctx': {'gt': 0.0}, 'url': 'https://errors.pydantic.dev/2.11/v/greater_than'}]
EB-029|WellScreens|UnknownField|Validation Error: [{'type': 'float_type', 'loc': ('screen_depth_bottom',), 'msg': 'Input should be a valid number', 'input': None, 'url': 'https://errors.pydantic.dev/2.11/v/float_type'}]
WL-0096|WellScreens|UnknownField|Validation Error: [{'type': 'value_error', 'loc': (), 'msg': 'Value error, screen_depth_bottom must be greater than screen_depth_top', 'input': {'thing_id': 9076, 'screen_depth_top': 230.0, 'screen_depth_bottom': 170.0, 'screen_description': None, 'release_status': 'draft', 'nma_pk_wellscreens': '31B4A0A2-11D7-B34D-AEC6-1B88110F392C'}, 'ctx': {'error': ValueError('screen_depth_bottom must be greater than screen_depth_top')}, 'url': 'https://errors.pydantic.dev/2.11/v/value_error'}]
RA-118|WellScreens|UnknownField|Validation Error: [{'type': 'float_type', 'loc': ('screen_depth_bottom',), 'msg': 'Input should be a valid number', 'input': None, 'url': 'https://errors.pydantic.dev/2.11/v/float_type'}, {'type': 'float_type', 'loc': ('screen_depth_top',), 'msg': 'Input should be a valid number', 'input': None, 'url': 'https://errors.pydantic.dev/2.11/v/float_type'}]
RA-120|WellScreens|UnknownField|Validation Error: [{'type': 'float_type', 'loc': ('screen_depth_bottom',), 'msg': 'Input should be a valid number', 'input': None, 'url': 'https://errors.pydantic.dev/2.11/v/float_type'}, {'type': 'float_type', 'loc': ('screen_depth_top',), 'msg': 'Input should be a valid number', 'input': None, 'url': 'https://errors.pydantic.dev/2.11/v/float_type'}]
SAC-0311|WellScreens|UnknownField|Validation Error: [{'type': 'float_type', 'loc': ('screen_depth_bottom',), 'msg': 'Input should be a valid number', 'input': None, 'url': 'https://errors.pydantic.dev/2.11/v/float_type'}, {'type': 'float_type', 'loc': ('screen_depth_top',), 'msg': 'Input should be a valid number', 'input': None, 'url': 'https://errors.pydantic.dev/2.11/v/float_type'}]
TB-0223|WellScreens|UnknownField|Validation Error: [{'type': 'greater_than', 'loc': ('screen_depth_top',), 'msg': 'Input should be greater than 0', 'input': 0.0, 'ctx': {'gt': 0.0}, 'url': 'https://errors.pydantic.dev/2.11/v/greater_than'}]
AR-0061|WellScreens|UnknownField|Validation Error: [{'type': 'greater_than', 'loc': ('screen_depth_top',), 'msg': 'Input should be greater than 0', 'input': 0.0, 'ctx': {'gt': 0.0}, 'url': 'https://errors.pydantic.dev/2.11/v/greater_than'}]
WL-0358|WellScreens|UnknownField|Validation Error: [{'type': 'float_type', 'loc': ('screen_depth_bottom',), 'msg': 'Input should be a valid number', 'input': None, 'url': 'https://errors.pydantic.dev/2.11/v/float_type'}, {'type': 'float_type', 'loc': ('screen_depth_top',), 'msg': 'Input should be a valid number', 'input': None, 'url': 'https://errors.pydantic.dev/2.11/v/float_type'}]
TB-0166|WellScreens|UnknownField|Validation Error: [{'type': 'greater_than', 'loc': ('screen_depth_top',), 'msg': 'Input should be greater than 0', 'input': 0.0, 'ctx': {'gt': 0.0}, 'url': 'https://errors.pydantic.dev/2.11/v/greater_than'}]
RA-115|WellScreens|UnknownField|Validation Error: [{'type': 'float_type', 'loc': ('screen_depth_bottom',), 'msg': 'Input should be a valid number', 'input': None, 'url': 'https://errors.pydantic.dev/2.11/v/float_type'}, {'type': 'float_type', 'loc': ('screen_depth_top',), 'msg': 'Input should be a valid number', 'input': None, 'url': 'https://errors.pydantic.dev/2.11/v/float_type'}]
RA-117|WellScreens|UnknownField|Validation Error: [{'type': 'float_type', 'loc': ('screen_depth_bottom',), 'msg': 'Input should be a valid number', 'input': None, 'url': 'https://errors.pydantic.dev/2.11/v/float_type'}, {'type': 'float_type', 'loc': ('screen_depth_top',), 'msg': 'Input should be a valid number', 'input': None, 'url': 'https://errors.pydantic.dev/2.11/v/float_type'}]
NM-27235|WellScreens|UnknownField|Validation Error: [{'type': 'value_error', 'loc': (), 'msg': 'Value error, screen_depth_bottom must be greater than screen_depth_top', 'input': {'thing_id': 4721, 'screen_depth_top': 785.0, 'screen_depth_bottom': 705.0, 'screen_description': None, 'release_status': 'draft', 'nma_pk_wellscreens': 'AC021C70-C74E-4018-BF1D-71EC2C622DD3'}, 'ctx': {'error': ValueError('screen_depth_bottom must be greater than screen_depth_top')}, 'url': 'https://errors.pydantic.dev/2.11/v/value_error'}]
RA-121|WellScreens|UnknownField|Validation Error: [{'type': 'float_type', 'loc': ('screen_depth_bottom',), 'msg': 'Input should be a valid number', 'input': None, 'url': 'https://errors.pydantic.dev/2.11/v/float_type'}, {'type': 'float_type', 'loc': ('screen_depth_top',), 'msg': 'Input should be a valid number', 'input': None, 'url': 'https://errors.pydantic.dev/2.11/v/float_type'}]
QY-0622|WellScreens|UnknownField|Validation Error: [{'type': 'greater_than', 'loc': ('screen_depth_top',), 'msg': 'Input should be greater than 0', 'input': 0.0, 'ctx': {'gt': 0.0}, 'url': 'https://errors.pydantic.dev/2.11/v/greater_than'}]
EB-394|WellScreens|UnknownField|Validation Error: [{'type': 'float_type', 'loc': ('screen_depth_bottom',), 'msg': 'Input should be a valid number', 'input': None, 'url': 'https://errors.pydantic.dev/2.11/v/float_type'}]
RA-122|WellScreens|UnknownField|Validation Error: [{'type': 'float_type', 'loc': ('screen_depth_bottom',), 'msg': 'Input should be a valid number', 'input': None, 'url': 'https://errors.pydantic.dev/2.11/v/float_type'}, {'type': 'float_type', 'loc': ('screen_depth_top',), 'msg': 'Input should be a valid number', 'input': None, 'url': 'https://errors.pydantic.dev/2.11/v/float_type'}]
TB-0040|WellScreens|UnknownField|Validation Error: [{'type': 'greater_than', 'loc': ('screen_depth_top',), 'msg': 'Input should be greater than 0', 'input': 0.0, 'ctx': {'gt': 0.0}, 'url': 'https://errors.pydantic.dev/2.11/v/greater_than'}]
AR-0067|WellScreens|UnknownField|Validation Error: [{'type': 'greater_than', 'loc': ('screen_depth_top',), 'msg': 'Input should be greater than 0', 'input': 0.0, 'ctx': {'gt': 0.0}, 'url': 'https://errors.pydantic.dev/2.11/v/greater_than'}]
EB-394|WellScreens|UnknownField|Validation Error: [{'type': 'float_type', 'loc': ('screen_depth_bottom',), 'msg': 'Input should be a valid number', 'input': None, 'url': 'https://errors.pydantic.dev/2.11/v/float_type'}]
SA-0318|WellScreens|UnknownField|Validation Error: [{'type': 'greater_than', 'loc': ('screen_depth_top',), 'msg': 'Input should be greater than 0', 'input': 0.0, 'ctx': {'gt': 0.0}, 'url': 'https://errors.pydantic.dev/2.11/v/greater_than'}]
RA-119|WellScreens|UnknownField|Validation Error: [{'type': 'float_type', 'loc': ('screen_depth_bottom',), 'msg': 'Input should be a valid number', 'input': None, 'url': 'https://errors.pydantic.dev/2.11/v/float_type'}, {'type': 'float_type', 'loc': ('screen_depth_top',), 'msg': 'Input should be a valid number', 'input': None, 'url': 'https://errors.pydantic.dev/2.11/v/float_type'}]
NM-00253|WellScreens|UnknownField|Validation Error: [{'type': 'greater_than', 'loc': ('screen_depth_top',), 'msg': 'Input should be greater than 0', 'input': 0.0, 'ctx': {'gt': 0.0}, 'url': 'https://errors.pydantic.dev/2.11/v/greater_than'}]
NM-02481|WellScreens|UnknownField|Validation Error: [{'type': 'greater_than', 'loc': ('screen_depth_top',), 'msg': 'Input should be greater than 0', 'input': 0.0, 'ctx': {'gt': 0.0}, 'url': 'https://errors.pydantic.dev/2.11/v/greater_than'}]
EB-096|WellScreens|UnknownField|Validation Error: [{'type': 'value_error', 'loc': (), 'msg': 'Value error, screen_depth_bottom must be greater than screen_depth_top', 'input': {'thing_id': 2551, 'screen_depth_top': 492.0, 'screen_depth_bottom': 477.0, 'screen_description': None, 'release_status': 'draft', 'nma_pk_wellscreens': 'E5DCC05B-29F6-469B-8CA2-CF8443833CC1'}, 'ctx': {'error': ValueError('screen_depth_bottom must be greater than screen_depth_top')}, 'url': 'https://errors.pydantic.dev/2.11/v/value_error'}]
SM-0173|WellScreens|UnknownField|Validation Error: [{'type': 'float_type', 'loc': ('screen_depth_bottom',), 'msg': 'Input should be a valid number', 'input': None, 'url': 'https://errors.pydantic.dev/2.11/v/float_type'}]
SV-0111|WellScreens|UnknownField|Validation Error: [{'type': 'value_error', 'loc': (), 'msg': 'Value error, screen_depth_bottom must be greater than screen_depth_top', 'input': {'thing_id': 7749, 'screen_depth_top': 440.0, 'screen_depth_bottom': 420.0, 'screen_description': None, 'release_status': 'draft', 'nma_pk_wellscreens': '1DB4FD95-461D-4428-9CF0-DD9E4B5F7ABB'}, 'ctx': {'error': ValueError('screen_depth_bottom must be greater than screen_depth_top')}, 'url': 'https://errors.pydantic.dev/2.11/v/value_error'}]
RA-129|WellScreens|UnknownField|Validation Error: [{'type': 'float_type', 'loc': ('screen_depth_bottom',), 'msg': 'Input should be a valid number', 'input': None, 'url': 'https://errors.pydantic.dev/2.11/v/float_type'}, {'type': 'float_type', 'loc': ('screen_depth_top',), 'msg': 'Input should be a valid number', 'input': None, 'url': 'https://errors.pydantic.dev/2.11/v/float_type'}]
TB-0107|WellScreens|UnknownField|Validation Error: [{'type': 'greater_than', 'loc': ('screen_depth_top',), 'msg': 'Input should be greater than 0', 'input': 0.0, 'ctx': {'gt': 0.0}, 'url': 'https://errors.pydantic.dev/2.11/v/greater_than'}]
WL-0359|WellScreens|UnknownField|Validation Error: [{'type': 'float_type', 'loc': ('screen_depth_bottom',), 'msg': 'Input should be a valid number', 'input': None, 'url': 'https://errors.pydantic.dev/2.11/v/float_type'}, {'type': 'float_type', 'loc': ('screen_depth_top',), 'msg': 'Input should be a valid number', 'input': None, 'url': 'https://errors.pydantic.dev/2.11/v/float_type'}]
QY-0494|WellScreens|UnknownField|Validation Error: [{'type': 'greater_than', 'loc': ('screen_depth_top',), 'msg': 'Input should be greater than 0', 'input': 0.0, 'ctx': {'gt': 0.0}, 'url': 'https://errors.pydantic.dev/2.11/v/greater_than'}]
HS-063|WellScreens|UnknownField|Validation Error: [{'type': 'greater_than', 'loc': ('screen_depth_top',), 'msg': 'Input should be greater than 0', 'input': 0.0, 'ctx': {'gt': 0.0}, 'url': 'https://errors.pydantic.dev/2.11/v/greater_than'}]
TB-0233|WellScreens|UnknownField|Validation Error: [{'type': 'greater_than', 'loc': ('screen_depth_top',), 'msg': 'Input should be greater than 0', 'input': 0.0, 'ctx': {'gt': 0.0}, 'url': 'https://errors.pydantic.dev/2.11/v/greater_than'}]

Contact|3526|5760|1914|66.77083333333333
PointID|Table|Field|Error
AR-0066|OwnersData|UnknownField|Validation Error: [{'type': 'value_error', 'loc': (), 'msg': 'Value error, Either name or organization must be provided.', 'input': {'thing_id': 298, 'release_status': 'private', 'name': None, 'role': 'Owner', 'contact_type': 'Secondary', 'organization': None, 'nma_pk_owners': 'Lloyd, Tom & Betty', 'addresses': [], 'emails': [], 'phones': []}, 'ctx': {'error': ValueError('Either name or organization must be provided.')}, 'url': 'https://errors.pydantic.dev/2.11/v/value_error'}]
AR-0208|OwnersData|UnknownField|Validation Error: [{'type': 'value_error', 'loc': (), 'msg': 'Value error, Either name or organization must be provided.', 'input': {'thing_id': 360, 'release_status': 'private', 'name': None, 'role': 'Owner', 'contact_type': 'Secondary', 'organization': None, 'nma_pk_owners': 'Lloyd, Tom & Betty', 'addresses': [], 'emails': [], 'phones': []}, 'ctx': {'error': ValueError('Either name or organization must be provided.')}, 'url': 'https://errors.pydantic.dev/2.11/v/value_error'}]
EB-064|OwnersData|UnknownField|Validation Error: [{'type': 'value_error', 'loc': (), 'msg': 'Value error, Either name or organization must be provided.', 'input': {'thing_id': 2520, 'release_status': 'private', 'name': None, 'role': 'Owner', 'contact_type': 'Primary', 'organization': None, 'nma_pk_owners': 'Harrison, Charles', 'addresses': [], 'emails': [], 'phones': []}, 'ctx': {'error': ValueError('Either name or organization must be provided.')}, 'url': 'https://errors.pydantic.dev/2.11/v/value_error'}]
EB-112|OwnersData|UnknownField|Validation Error: [{'type': 'value_error', 'loc': (), 'msg': 'Value error, Either name or organization must be provided.', 'input': {'thing_id': 2567, 'release_status': 'private', 'name': None, 'role': 'Owner', 'contact_type': 'Primary', 'organization': None, 'nma_pk_owners': 'Thornburg, David W.', 'addresses': [], 'emails': [], 'phones': []}, 'ctx': {'error': ValueError('Either name or organization must be provided.')}, 'url': 'https://errors.pydantic.dev/2.11/v/value_error'}]
EB-130|OwnersData|UnknownField|Validation Error: [{'type': 'value_error', 'loc': (), 'msg': 'Value error, Either name or organization must be provided.', 'input': {'thing_id': 2585, 'release_status': 'private', 'name': None, 'role': 'Owner', 'contact_type': 'Primary', 'organization': None, 'nma_pk_owners': 'old Wolf Canyon Brewery', 'addresses': [], 'emails': [], 'phones': []}, 'ctx': {'error': ValueError('Either name or organization must be provided.')}, 'url': 'https://errors.pydantic.dev/2.11/v/value_error'}]
EB-176|OwnersData|UnknownField|Validation Error: [{'type': 'value_error', 'loc': (), 'msg': 'Value error, Either name or organization must be provided.', 'input': {'thing_id': 2631, 'release_status': 'private', 'name': None, 'role': 'Owner', 'contact_type': 'Primary', 'organization': None, 'nma_pk_owners': 'Rick Borrego SOLD PROPERTY', 'addresses': [], 'emails': [], 'phones': []}, 'ctx': {'error': ValueError('Either name or organization must be provided.')}, 'url': 'https://errors.pydantic.dev/2.11/v/value_error'}]
GT-028|OwnersData|UnknownField|Validation Error: [{'type': 'value_error', 'loc': (), 'msg': 'Value error, Either name or organization must be provided.', 'input': {'thing_id': 3499, 'release_status': 'private', 'name': None, 'role': 'Owner', 'contact_type': 'Primary', 'organization': None, 'nma_pk_owners': 'Valles Caldera', 'addresses': [], 'emails': [], 'phones': []}, 'ctx': {'error': ValueError('Either name or organization must be provided.')}, 'url': 'https://errors.pydantic.dev/2.11/v/value_error'}]
GT-029|OwnersData|UnknownField|Validation Error: [{'type': 'value_error', 'loc': (), 'msg': 'Value error, Either name or organization must be provided.', 'input': {'thing_id': 3500, 'release_status': 'private', 'name': None, 'role': 'Owner', 'contact_type': 'Primary', 'organization': None, 'nma_pk_owners': 'Valles Caldera', 'addresses': [], 'emails': [], 'phones': []}, 'ctx': {'error': ValueError('Either name or organization must be provided.')}, 'url': 'https://errors.pydantic.dev/2.11/v/value_error'}]
GT-030|OwnersData|UnknownField|Validation Error: [{'type': 'value_error', 'loc': (), 'msg': 'Value error, Either name or organization must be provided.', 'input': {'thing_id': 3501, 'release_status': 'private', 'name': None, 'role': 'Owner', 'contact_type': 'Primary', 'organization': None, 'nma_pk_owners': 'Valles Caldera', 'addresses': [], 'emails': [], 'phones': []}, 'ctx': {'error': ValueError('Either name or organization must be provided.')}, 'url': 'https://errors.pydantic.dev/2.11/v/value_error'}]
GT-031|OwnersData|UnknownField|Validation Error: [{'type': 'value_error', 'loc': (), 'msg': 'Value error, Either name or organization must be provided.', 'input': {'thing_id': 3502, 'release_status': 'private', 'name': None, 'role': 'Owner', 'contact_type': 'Primary', 'organization': None, 'nma_pk_owners': 'Valles Caldera', 'addresses': [], 'emails': [], 'phones': []}, 'ctx': {'error': ValueError('Either name or organization must be provided.')}, 'url': 'https://errors.pydantic.dev/2.11/v/value_error'}]
GT-032|OwnersData|UnknownField|Validation Error: [{'type': 'value_error', 'loc': (), 'msg': 'Value error, Either name or organization must be provided.', 'input': {'thing_id': 3503, 'release_status': 'private', 'name': None, 'role': 'Owner', 'contact_type': 'Primary', 'organization': None, 'nma_pk_owners': 'Valles Caldera', 'addresses': [], 'emails': [], 'phones': []}, 'ctx': {'error': ValueError('Either name or organization must be provided.')}, 'url': 'https://errors.pydantic.dev/2.11/v/value_error'}]
GT-033|OwnersData|UnknownField|Validation Error: [{'type': 'value_error', 'loc': (), 'msg': 'Value error, Either name or organization must be provided.', 'input': {'thing_id': 3504, 'release_status': 'private', 'name': None, 'role': 'Owner', 'contact_type': 'Primary', 'organization': None, 'nma_pk_owners': 'Valles Caldera', 'addresses': [], 'emails': [], 'phones': []}, 'ctx': {'error': ValueError('Either name or organization must be provided.')}, 'url': 'https://errors.pydantic.dev/2.11/v/value_error'}]
GT-034|OwnersData|UnknownField|Validation Error: [{'type': 'value_error', 'loc': (), 'msg': 'Value error, Either name or organization must be provided.', 'input': {'thing_id': 3505, 'release_status': 'private', 'name': None, 'role': 'Owner', 'contact_type': 'Primary', 'organization': None, 'nma_pk_owners': 'Valles Caldera', 'addresses': [], 'emails': [], 'phones': []}, 'ctx': {'error': ValueError('Either name or organization must be provided.')}, 'url': 'https://errors.pydantic.dev/2.11/v/value_error'}]
HS-057|OwnersData|UnknownField|Validation Error: [{'type': 'value_error', 'loc': (), 'msg': 'Value error, Either name or organization must be provided.', 'input': {'thing_id': 3555, 'release_status': 'private', 'name': None, 'role': 'Owner', 'contact_type': 'Primary', 'organization': None, 'nma_pk_owners': 'Howell Associates Realtors', 'addresses': [], 'emails': [], 'phones': []}, 'ctx': {'error': ValueError('Either name or organization must be provided.')}, 'url': 'https://errors.pydantic.dev/2.11/v/value_error'}]
LJ-001|OwnersData|UnknownField|Validation Error: [{'type': 'value_error', 'loc': (), 'msg': 'Value error, Either name or organization must be provided.', 'input': {'thing_id': 3679, 'release_status': 'private', 'name': None, 'role': 'Owner', 'contact_type': 'Primary', 'organization': None, 'nma_pk_owners': 'EMRTC', 'addresses': [], 'emails': [], 'phones': []}, 'ctx': {'error': ValueError('Either name or organization must be provided.')}, 'url': 'https://errors.pydantic.dev/2.11/v/value_error'}]
LJ-002|OwnersData|UnknownField|Validation Error: [{'type': 'value_error', 'loc': (), 'msg': 'Value error, Either name or organization must be provided.', 'input': {'thing_id': 3680, 'release_status': 'private', 'name': None, 'role': 'Owner', 'contact_type': 'Primary', 'organization': None, 'nma_pk_owners': 'EMRTC', 'addresses': [], 'emails': [], 'phones': []}, 'ctx': {'error': ValueError('Either name or organization must be provided.')}, 'url': 'https://errors.pydantic.dev/2.11/v/value_error'}]
LJ-003|OwnersData|UnknownField|Validation Error: [{'type': 'value_error', 'loc': (), 'msg': 'Value error, Either name or organization must be provided.', 'input': {'thing_id': 3681, 'release_status': 'private', 'name': None, 'role': 'Owner', 'contact_type': 'Primary', 'organization': None, 'nma_pk_owners': 'EMRTC', 'addresses': [], 'emails': [], 'phones': []}, 'ctx': {'error': ValueError('Either name or organization must be provided.')}, 'url': 'https://errors.pydantic.dev/2.11/v/value_error'}]
LJ-004|OwnersData|UnknownField|Validation Error: [{'type': 'value_error', 'loc': (), 'msg': 'Value error, Either name or organization must be provided.', 'input': {'thing_id': 3682, 'release_status': 'private', 'name': None, 'role': 'Owner', 'contact_type': 'Primary', 'organization': None, 'nma_pk_owners': 'EMRTC', 'addresses': [], 'emails': [], 'phones': []}, 'ctx': {'error': ValueError('Either name or organization must be provided.')}, 'url': 'https://errors.pydantic.dev/2.11/v/value_error'}]
MG-032|OwnersData|UnknownField|Validation Error: [{'type': 'value_error', 'loc': (), 'msg': 'Value error, Either name or organization must be provided.', 'input': {'thing_id': 3722, 'release_status': 'private', 'name': None, 'role': 'Owner', 'contact_type': 'Secondary', 'organization': None, 'nma_pk_owners': 'Holcomb, Judy', 'addresses': [], 'emails': [], 'phones': []}, 'ctx': {'error': ValueError('Either name or organization must be provided.')}, 'url': 'https://errors.pydantic.dev/2.11/v/value_error'}]
MG-033|OwnersData|UnknownField|Validation Error: [{'type': 'value_error', 'loc': (), 'msg': 'Value error, Either name or organization must be provided.', 'input': {'thing_id': 3723, 'release_status': 'private', 'name': None, 'role': 'Owner', 'contact_type': 'Secondary', 'organization': None, 'nma_pk_owners': 'Holcomb, Judy', 'addresses': [], 'emails': [], 'phones': []}, 'ctx': {'error': ValueError('Either name or organization must be provided.')}, 'url': 'https://errors.pydantic.dev/2.11/v/value_error'}]
MG-045|OwnersData|UnknownField|Validation Error: [{'type': 'value_error', 'loc': (), 'msg': 'Value error, Either name or organization must be provided.', 'input': {'thing_id': 3734, 'release_status': 'private', 'name': None, 'role': 'Owner', 'contact_type': 'Secondary', 'organization': None, 'nma_pk_owners': 'Bauer, Katie', 'addresses': [], 'emails': [], 'phones': []}, 'ctx': {'error': ValueError('Either name or organization must be provided.')}, 'url': 'https://errors.pydantic.dev/2.11/v/value_error'}]
NM-02067|OwnersData|UnknownField|Validation Error: [{'type': 'value_error', 'loc': (), 'msg': 'Value error, Either name or organization must be provided.', 'input': {'thing_id': 4100, 'release_status': 'private', 'name': None, 'role': 'Owner', 'contact_type': 'Primary', 'organization': None, 'nma_pk_owners': 'Alamo Ranch', 'addresses': [], 'emails': [], 'phones': []}, 'ctx': {'error': ValueError('Either name or organization must be provided.')}, 'url': 'https://errors.pydantic.dev/2.11/v/value_error'}]
NM-02082|OwnersData|UnknownField|Validation Error: [{'type': 'value_error', 'loc': (), 'msg': 'Value error, Either name or organization must be provided.', 'input': {'thing_id': 4103, 'release_status': 'private', 'name': None, 'role': 'Owner', 'contact_type': 'Primary', 'organization': None, 'nma_pk_owners': 'Luna Energy', 'addresses': [], 'emails': [], 'phones': []}, 'ctx': {'error': ValueError('Either name or organization must be provided.')}, 'url': 'https://errors.pydantic.dev/2.11/v/value_error'}]
NM-02426|OwnersData|UnknownField|Validation Error: [{'type': 'value_error', 'loc': (), 'msg': 'Value error, Either name or organization must be provided.', 'input': {'thing_id': 4143, 'release_status': 'private', 'name': None, 'role': 'Owner', 'contact_type': 'Primary', 'organization': None, 'nma_pk_owners': 'Gobleck, Robert', 'addresses': [], 'emails': [], 'phones': []}, 'ctx': {'error': ValueError('Either name or organization must be provided.')}, 'url': 'https://errors.pydantic.dev/2.11/v/value_error'}]
NM-02481|OwnersData|UnknownField|Validation Error: [{'type': 'value_error', 'loc': (), 'msg': 'Value error, Either name or organization must be provided.', 'input': {'thing_id': 4148, 'release_status': 'private', 'name': None, 'role': 'Owner', 'contact_type': 'Primary', 'organization': None, 'nma_pk_owners': 'DFA, Nutt Dairy LLC', 'addresses': [], 'emails': [], 'phones': []}, 'ctx': {'error': ValueError('Either name or organization must be provided.')}, 'url': 'https://errors.pydantic.dev/2.11/v/value_error'}]
NM-04433|OwnersData|UnknownField|Validation Error: [{'type': 'value_error', 'loc': (), 'msg': 'Value error, Either name or organization must be provided.', 'input': {'thing_id': 4218, 'release_status': 'private', 'name': None, 'role': 'Owner', 'contact_type': 'Primary', 'organization': None, 'nma_pk_owners': 'Alamo Ranch', 'addresses': [], 'emails': [], 'phones': []}, 'ctx': {'error': ValueError('Either name or organization must be provided.')}, 'url': 'https://errors.pydantic.dev/2.11/v/value_error'}]
NM-04622|OwnersData|UnknownField|Validation Error: [{'type': 'value_error', 'loc': (), 'msg': 'Value error, Either name or organization must be provided.', 'input': {'thing_id': 4223, 'release_status': 'private', 'name': None, 'role': 'Owner', 'contact_type': 'Primary', 'organization': None, 'nma_pk_owners': 'Alamo Ranch', 'addresses': [], 'emails': [], 'phones': []}, 'ctx': {'error': ValueError('Either name or organization must be provided.')}, 'url': 'https://errors.pydantic.dev/2.11/v/value_error'}]
NM-04785|OwnersData|UnknownField|Validation Error: [{'type': 'value_error', 'loc': (), 'msg': 'Value error, Either name or organization must be provided.', 'input': {'thing_id': 4225, 'release_status': 'private', 'name': None, 'role': 'Owner', 'contact_type': 'Primary', 'organization': None, 'nma_pk_owners': 'Alamo Ranch', 'addresses': [], 'emails': [], 'phones': []}, 'ctx': {'error': ValueError('Either name or organization must be provided.')}, 'url': 'https://errors.pydantic.dev/2.11/v/value_error'}]
NM-04866|OwnersData|UnknownField|Validation Error: [{'type': 'value_error', 'loc': (), 'msg': 'Value error, Either name or organization must be provided.', 'input': {'thing_id': 4228, 'release_status': 'private', 'name': None, 'role': 'Owner', 'contact_type': 'Primary', 'organization': None, 'nma_pk_owners': 'Alamo Ranch', 'addresses': [], 'emails': [], 'phones': []}, 'ctx': {'error': ValueError('Either name or organization must be provided.')}, 'url': 'https://errors.pydantic.dev/2.11/v/value_error'}]
NM-05028|OwnersData|UnknownField|Validation Error: [{'type': 'value_error', 'loc': (), 'msg': 'Value error, Either name or organization must be provided.', 'input': {'thing_id': 4234, 'release_status': 'private', 'name': None, 'role': 'Owner', 'contact_type': 'Primary', 'organization': None, 'nma_pk_owners': 'Alamo Ranch', 'addresses': [], 'emails': [], 'phones': []}, 'ctx': {'error': ValueError('Either name or organization must be provided.')}, 'url': 'https://errors.pydantic.dev/2.11/v/value_error'}]
NM-05151|OwnersData|UnknownField|Validation Error: [{'type': 'value_error', 'loc': (), 'msg': 'Value error, Either name or organization must be provided.', 'input': {'thing_id': 4236, 'release_status': 'private', 'name': None, 'role': 'Owner', 'contact_type': 'Primary', 'organization': None, 'nma_pk_owners': 'Alamo Ranch', 'addresses': [], 'emails': [], 'phones': []}, 'ctx': {'error': ValueError('Either name or organization must be provided.')}, 'url': 'https://errors.pydantic.dev/2.11/v/value_error'}]
NM-08020|OwnersData|UnknownField|Validation Error: [{'type': 'value_error', 'loc': (), 'msg': 'Value error, Either name or organization must be provided.', 'input': {'thing_id': 4265, 'release_status': 'private', 'name': None, 'role': 'Owner', 'contact_type': 'Primary', 'organization': None, 'nma_pk_owners': 'Morrow Farms', 'addresses': [], 'emails': [], 'phones': []}, 'ctx': {'error': ValueError('Either name or organization must be provided.')}, 'url': 'https://errors.pydantic.dev/2.11/v/value_error'}]
PB-0003|OwnersData|UnknownField|Validation Error: [{'type': 'value_error', 'loc': (), 'msg': 'Value error, Either name or organization must be provided.', 'input': {'thing_id': 4936, 'release_status': 'private', 'name': None, 'role': 'Owner', 'contact_type': 'Primary', 'organization': None, 'nma_pk_owners': 'Cochiti Pueblo', 'addresses': [], 'emails': [], 'phones': []}, 'ctx': {'error': ValueError('Either name or organization must be provided.')}, 'url': 'https://errors.pydantic.dev/2.11/v/value_error'}]
SA-0065|OwnersData|UnknownField|Validation Error: [{'type': 'value_error', 'loc': (), 'msg': 'Value error, Either name or organization must be provided.', 'input': {'thing_id': 6444, 'release_status': 'private', 'name': None, 'role': 'Owner', 'contact_type': 'Secondary', 'organization': None, 'nma_pk_owners': 'Richards, Toby', 'addresses': [], 'emails': [], 'phones': []}, 'ctx': {'error': ValueError('Either name or organization must be provided.')}, 'url': 'https://errors.pydantic.dev/2.11/v/value_error'}]
SA-0307|OwnersData|UnknownField|Validation Error: [{'type': 'value_error', 'loc': (), 'msg': 'Value error, Either name or organization must be provided.', 'input': {'thing_id': 6618, 'release_status': 'private', 'name': None, 'role': 'Owner', 'contact_type': 'Primary', 'organization': None, 'nma_pk_owners': 'Old Ranch', 'addresses': [], 'emails': [], 'phones': []}, 'ctx': {'error': ValueError('Either name or organization must be provided.')}, 'url': 'https://errors.pydantic.dev/2.11/v/value_error'}]
SM-0040|OwnersData|UnknownField|Validation Error: [{'type': 'value_error', 'loc': (), 'msg': 'Value error, Either name or organization must be provided.', 'input': {'thing_id': 7253, 'release_status': 'private', 'name': None, 'role': 'Owner', 'contact_type': 'Secondary', 'organization': None, 'nma_pk_owners': 'Defibaugh, Mark', 'addresses': [], 'emails': [], 'phones': []}, 'ctx': {'error': ValueError('Either name or organization must be provided.')}, 'url': 'https://errors.pydantic.dev/2.11/v/value_error'}]
TV-169|OwnersData|UnknownField|Validation Error: [{'type': 'value_error', 'loc': (), 'msg': 'Value error, Either name or organization must be provided.', 'input': {'thing_id': 8741, 'release_status': 'private', 'name': None, 'role': 'Owner', 'contact_type': 'Primary', 'organization': None, 'nma_pk_owners': 'Peralta?', 'addresses': [], 'emails': [], 'phones': []}, 'ctx': {'error': ValueError('Either name or organization must be provided.')}, 'url': 'https://errors.pydantic.dev/2.11/v/value_error'}]
UC-0069|OwnersData|UnknownField|Validation Error: [{'type': 'value_error', 'loc': (), 'msg': 'Value error, Either name or organization must be provided.', 'input': {'thing_id': 8919, 'release_status': 'private', 'name': None, 'role': 'Owner', 'contact_type': 'Primary', 'organization': None, 'nma_pk_owners': 'Arrow B Ranch Trust (?)', 'addresses': [], 'emails': [], 'phones': []}, 'ctx': {'error': ValueError('Either name or organization must be provided.')}, 'url': 'https://errors.pydantic.dev/2.11/v/value_error'}]
UC-0071|OwnersData|UnknownField|Validation Error: [{'type': 'value_error', 'loc': (), 'msg': 'Value error, Either name or organization must be provided.', 'input': {'thing_id': 8921, 'release_status': 'private', 'name': None, 'role': 'Owner', 'contact_type': 'Primary', 'organization': None, 'nma_pk_owners': 'Crisp Brothers Ranch', 'addresses': [], 'emails': [], 'phones': []}, 'ctx': {'error': ValueError('Either name or organization must be provided.')}, 'url': 'https://errors.pydantic.dev/2.11/v/value_error'}]
UC-0079|OwnersData|UnknownField|Validation Error: [{'type': 'value_error', 'loc': (), 'msg': 'Value error, Either name or organization must be provided.', 'input': {'thing_id': 8929, 'release_status': 'private', 'name': None, 'role': 'Owner', 'contact_type': 'Primary', 'organization': None, 'nma_pk_owners': 'Amistad Land and Cattle', 'addresses': [], 'emails': [], 'phones': []}, 'ctx': {'error': ValueError('Either name or organization must be provided.')}, 'url': 'https://errors.pydantic.dev/2.11/v/value_error'}]
UC-0088|OwnersData|UnknownField|Validation Error: [{'type': 'value_error', 'loc': (), 'msg': 'Value error, Either name or organization must be provided.', 'input': {'thing_id': 8937, 'release_status': 'private', 'name': None, 'role': 'Owner', 'contact_type': 'Primary', 'organization': None, 'nma_pk_owners': 'Rick Day Cattle Co.', 'addresses': [], 'emails': [], 'phones': []}, 'ctx': {'error': ValueError('Either name or organization must be provided.')}, 'url': 'https://errors.pydantic.dev/2.11/v/value_error'}]
UC-0091|OwnersData|UnknownField|Validation Error: [{'type': 'value_error', 'loc': (), 'msg': 'Value error, Either name or organization must be provided.', 'input': {'thing_id': 8940, 'release_status': 'private', 'name': None, 'role': 'Owner', 'contact_type': 'Primary', 'organization': None, 'nma_pk_owners': 'Cross L Ranch', 'addresses': [], 'emails': [], 'phones': []}, 'ctx': {'error': ValueError('Either name or organization must be provided.')}, 'url': 'https://errors.pydantic.dev/2.11/v/value_error'}]
WL-0081|OwnersData|UnknownField|Validation Error: [{'type': 'value_error', 'loc': (), 'msg': 'Value error, Either name or organization must be provided.', 'input': {'thing_id': 9063, 'release_status': 'private', 'name': None, 'role': 'Owner', 'contact_type': 'Primary', 'organization': None, 'nma_pk_owners': 'New Mexico Tech - Playas', 'addresses': [], 'emails': [], 'phones': []}, 'ctx': {'error': ValueError('Either name or organization must be provided.')}, 'url': 'https://errors.pydantic.dev/2.11/v/value_error'}]
WL-0083|OwnersData|UnknownField|Validation Error: [{'type': 'value_error', 'loc': (), 'msg': 'Value error, Either name or organization must be provided.', 'input': {'thing_id': 9064, 'release_status': 'private', 'name': None, 'role': 'Owner', 'contact_type': 'Primary', 'organization': None, 'nma_pk_owners': 'New Mexico Tech - Playas', 'addresses': [], 'emails': [], 'phones': []}, 'ctx': {'error': ValueError('Either name or organization must be provided.')}, 'url': 'https://errors.pydantic.dev/2.11/v/value_error'}]
WL-0152|OwnersData|UnknownField|Validation Error: [{'type': 'value_error', 'loc': (), 'msg': 'Value error, Either name or organization must be provided.', 'input': {'thing_id': 9130, 'release_status': 'private', 'name': None, 'role': 'Owner', 'contact_type': 'Secondary', 'organization': None, 'nma_pk_owners': 'Sierra Los Pinos', 'addresses': [], 'emails': [], 'phones': []}, 'ctx': {'error': ValueError('Either name or organization must be provided.')}, 'url': 'https://errors.pydantic.dev/2.11/v/value_error'}]
WL-0153|OwnersData|UnknownField|Validation Error: [{'type': 'value_error', 'loc': (), 'msg': 'Value error, Either name or organization must be provided.', 'input': {'thing_id': 9131, 'release_status': 'private', 'name': None, 'role': 'Owner', 'contact_type': 'Secondary', 'organization': None, 'nma_pk_owners': 'Sierra Los Pinos', 'addresses': [], 'emails': [], 'phones': []}, 'ctx': {'error': ValueError('Either name or organization must be provided.')}, 'url': 'https://errors.pydantic.dev/2.11/v/value_error'}]
WL-0154|OwnersData|UnknownField|Validation Error: [{'type': 'value_error', 'loc': (), 'msg': 'Value error, Either name or organization must be provided.', 'input': {'thing_id': 9132, 'release_status': 'private', 'name': None, 'role': 'Owner', 'contact_type': 'Secondary', 'organization': None, 'nma_pk_owners': 'Sierra Los Pinos', 'addresses': [], 'emails': [], 'phones': []}, 'ctx': {'error': ValueError('Either name or organization must be provided.')}, 'url': 'https://errors.pydantic.dev/2.11/v/value_error'}]

ThingGeologicFormationAssociation|4377|4279|3996|6.613694788501986
PointID|Table|Field|Error
AR-0209|||Missing UnitIdentifier
EB-220|||Missing UnitIdentifier
EB-220|||Missing UnitIdentifier
EB-220|||Missing UnitIdentifier
EB-220|||Missing UnitIdentifier
EB-220|||Missing UnitIdentifier
EB-220|||Missing UnitIdentifier
EB-220|||Missing UnitIdentifier
GT-002|||Missing UnitIdentifier
GT-002|||Missing UnitIdentifier
GT-002|||Missing UnitIdentifier
GT-002|||Missing UnitIdentifier
GT-002|||Missing UnitIdentifier
GT-002|||Missing UnitIdentifier
GT-002|||Missing UnitIdentifier
GT-002|||Missing UnitIdentifier
GT-002|||Missing UnitIdentifier
GT-002|||Missing UnitIdentifier
GT-002|||Missing UnitIdentifier
GT-002|||Missing UnitIdentifier
GT-002|||Missing UnitIdentifier
GT-002|||Missing UnitIdentifier
GT-002|||Missing UnitIdentifier
GT-002|||Missing UnitIdentifier
GT-002|||Missing UnitIdentifier
GT-002|||Missing UnitIdentifier
GT-002|||Missing UnitIdentifier
MG-030|||Missing UnitIdentifier
MG-030|||Missing UnitIdentifier
MG-030|||Missing UnitIdentifier
MG-030|||Missing UnitIdentifier
MG-030|||Missing UnitIdentifier
MG-030|||Missing UnitIdentifier
MG-030|||Missing UnitIdentifier
NM-23292|||Missing UnitIdentifier
NM-23292|||Missing UnitIdentifier
NM-23292|||Missing UnitIdentifier
NM-23292|||Missing UnitIdentifier
NM-23292|||Missing UnitIdentifier
NM-23292|||Missing UnitIdentifier
NM-23292|||Missing UnitIdentifier
NM-23292|||Missing UnitIdentifier
NM-23292|||Missing UnitIdentifier
NM-23292|||Missing UnitIdentifier
OG-0043|||Missing UnitIdentifier
QU-004|||Missing UnitIdentifier
QU-004|||Missing UnitIdentifier
QU-004|||Missing UnitIdentifier
QU-004|||Missing UnitIdentifier
QU-004|||Missing UnitIdentifier
QU-004|||Missing UnitIdentifier
QU-004|||Missing UnitIdentifier
QU-004|||Missing UnitIdentifier
QU-004|||Missing UnitIdentifier
QU-004|||Missing UnitIdentifier
QU-004|||Missing UnitIdentifier
QU-004|||Missing UnitIdentifier
QU-004|||Missing UnitIdentifier
QU-004|||Missing UnitIdentifier
QU-004|||Missing UnitIdentifier
QU-004|||Missing UnitIdentifier
QU-004|||Missing UnitIdentifier
QU-004|||Missing UnitIdentifier
QU-004|||Missing UnitIdentifier
QU-004|||Missing UnitIdentifier
QU-004|||Missing UnitIdentifier
QU-004|||Missing UnitIdentifier
QU-100|||Missing UnitIdentifier
QU-100|||Missing UnitIdentifier
QU-100|||Missing UnitIdentifier
QU-101|||Missing UnitIdentifier
QU-101|||Missing UnitIdentifier
QU-101|||Missing UnitIdentifier
QU-101|||Missing UnitIdentifier
QU-101|||Missing UnitIdentifier
QU-101|||Missing UnitIdentifier
QU-101|||Missing UnitIdentifier
QU-101|||Missing UnitIdentifier
QU-101|||Missing UnitIdentifier
QU-101|||Missing UnitIdentifier
QU-101|||Missing UnitIdentifier
QU-101|||Missing UnitIdentifier
RA-018|||Missing UnitIdentifier
RA-019|||Missing UnitIdentifier
RA-036|||Missing UnitIdentifier
RA-052|||Missing UnitIdentifier
RA-088|||Missing UnitIdentifier
SM-0246|||Missing UnitIdentifier
SM-0246|||Missing UnitIdentifier
SM-0246|||Missing UnitIdentifier
SM-0246|||Missing UnitIdentifier
SM-0246|||Missing UnitIdentifier
SM-0246|||Missing UnitIdentifier
SM-0246|||Missing UnitIdentifier
SM-0246|||Missing UnitIdentifier
SM-0246|||Missing UnitIdentifier
TB-0084|||Missing UnitIdentifier
TB-0084|||Missing UnitIdentifier
TB-0084|||Missing UnitIdentifier
TB-0084|||Missing UnitIdentifier
TB-0084|||Missing UnitIdentifier
TB-0084|||Missing UnitIdentifier
TB-0084|||Missing UnitIdentifier
TB-0084|||Missing UnitIdentifier
TB-0084|||Missing UnitIdentifier
TB-0084|||Missing UnitIdentifier
TB-0084|||Missing UnitIdentifier
TV-157|||Missing UnitIdentifier
TV-157|||Missing UnitIdentifier
TV-196|||Missing UnitIdentifier
TV-196|||Missing UnitIdentifier
TV-196|||Missing UnitIdentifier
TV-196|||Missing UnitIdentifier
TV-196|||Missing UnitIdentifier
TV-196|||Missing UnitIdentifier
TV-196|||Missing UnitIdentifier
TV-196|||Missing UnitIdentifier

AssociatedData|43|43|43|0.0
PointID|Table|Field|Error

Manual Water Levels|406136|12107|12106|0.008259684480052862
PointID|Table|Field|Error

WellData Link IDs|38568|9324|38568|-313.6422136422136
PointID|Table|Field|Error

LocationData Link IDs|39783|9324|39783|-326.67310167310166
PointID|Table|Field|Error
NM-00367|Location|Township, TownshipDirection, Range, RangeDirection, Section, SectionDirection|T18S.R26E.S6.442212 is not a valid PLSS
NM-02333|Location|Township, TownshipDirection, Range, RangeDirection, Section, SectionDirection|T23S.R32E.S3.311114 is not a valid PLSS
QY-0669|Location|Township, TownshipDirection, Range, RangeDirection, Section, SectionDirection|T6N.R27E.S40.431 is not a valid PLSS

Group|57|57|57|0.0
PointID|Table|Field|Error

SurfaceWaterPhotos|694|694|694|0.0
PointID|Table|Field|Error

Soil_Rock_Results|19|19|19|0.0
PointID|Table|Field|Error

NMA_SurfaceWaterData|1100|1100|1100|0.0
PointID|Table|Field|Error

HydraulicsData|288|285|285|0.0
PointID|Table|Field|Error

Chemistry_SampleInfo|11442|8181|8181|0.0
PointID|Table|Field|Error

NGWMN WellConstruction|39323|39323|39320|0.007629122905170002
PointID|Table|Field|Error

NGWMN WaterLevels|66264|66264|66214|0.0754557527465894
PointID|Table|Field|Error

NGWMN Lithology|451|451|451|0.0
PointID|Table|Field|Error

WaterLevelsContinuous_Pressure_Daily|252702|252702|252702|0.0
PointID|Table|Field|Error

WeatherData|63|63|63|0.0
PointID|Table|Field|Error

WeatherPhotos|20|20|20|0.0
PointID|Table|Field|Error

MajorChemistry|78578|54468|54468|0.0
PointID|Table|Field|Error

Radionuclides|363|363|363|0.0
PointID|Table|Field|Error

MinorTraceChemistry|108361|75485|10000|86.75233490097371
PointID|Table|Field|Error

FieldParameters|13934|7270|7270|0.0
PointID|Table|Field|Error

Sensor|981|935|505|45.98930481283423
PointID|Table|Field|Error
BC-0166|Equipment|RecordingInterval|Estimated recording interval=11 hour. Is this correct?
CZ-0003|Equipment|RecordingInterval|name=1067, row.SerialNo=1JY314D6/36513VZ6. error=No measurements found for PointID: CZ-0003
EB-220|Equipment|RecordingInterval|Estimated recording interval=11 hour. Is this correct?
EB-220|Equipment|RecordingInterval|name=43, row.SerialNo=78575. error=No measurements found for PointID: EB-220
EB-220|Equipment|RecordingInterval|Estimated recording interval=11 hour. Is this correct?
HS-019|Equipment|RecordingInterval|name=37, row.SerialNo=K2125. error=None
HS-037|Equipment|RecordingInterval|Estimated recording interval=3 hour. Is this correct?
HS-038|Equipment|RecordingInterval|Estimated recording interval=3 hour. Is this correct?
HS-038|Equipment|RecordingInterval|name=190, row.SerialNo=A8779. error=No measurements found for PointID: HS-038
MG-038|Equipment|RecordingInterval|Estimated recording interval=12 hour. Is this correct?
NM-26614|Equipment|RecordingInterval|Estimated recording interval=12 hour. Is this correct?
RA-025|Equipment|RecordingInterval|name=950, row.SerialNo=AK244. error=No measurements found for PointID: RA-025
RA-054|Equipment|RecordingInterval|name=942, row.SerialNo=AC544. error=No measurements found for PointID: RA-054
RA-066|Equipment|RecordingInterval|name=952, row.SerialNo=FF460. error=No measurements found for PointID: RA-066
RA-078|Equipment|RecordingInterval|name=945, row.SerialNo=FE-581. error=No measurements found for PointID: RA-078
RA-086|Equipment|RecordingInterval|name=943, row.SerialNo=BB874. error=No measurements found for PointID: RA-086
RA-086|Equipment|RecordingInterval|name=944, row.SerialNo=FF457. error=No measurements found for PointID: RA-086
SA-0066|Equipment|RecordingInterval|Estimated recording interval=2 hour. Is this correct?
SA-0066|Equipment|RecordingInterval|name=39, row.SerialNo=G1208. error=No measurements found for PointID: SA-0066
SA-0137|Equipment|RecordingInterval|name=528, row.SerialNo=F4204. error=No measurements found for PointID: SA-0137
SA-0137|Equipment|RecordingInterval|name=40, row.SerialNo=G1186. error=No measurements found for PointID: SA-0137
SA-0144|Equipment|RecordingInterval|Estimated recording interval=2 hour. Is this correct?
SA-0163|Equipment|RecordingInterval|name=213, row.SerialNo=F3471. error=No measurements found for PointID: SA-0163
SA-0163|Equipment|RecordingInterval|name=44, row.SerialNo=D9762. error=No measurements found for PointID: SA-0163
SA-0171|Equipment|RecordingInterval|Estimated recording interval=1 hour. Is this correct?
SA-0174|Equipment|RecordingInterval|Estimated recording interval=2 hour. Is this correct?
SA-0174|Equipment|RecordingInterval|name=10, row.SerialNo=G1241. error=No measurements found for PointID: SA-0174
SA-0201|Equipment|RecordingInterval|Estimated recording interval=2 hour. Is this correct?
SA-0201|Equipment|RecordingInterval|name=40, row.SerialNo=G1186. error=No measurements found for PointID: SA-0201
SA-0240|Equipment|RecordingInterval|Estimated recording interval=2 hour. Is this correct?
SAC-0310|Equipment|RecordingInterval|Estimated recording interval=2 hour. Is this correct?
SM-0026|Equipment|RecordingInterval|Estimated recording interval=4 hour. Is this correct?
SM-0033|Equipment|RecordingInterval|Estimated recording interval=4 hour. Is this correct?
SM-0036|Equipment|RecordingInterval|name=449, row.SerialNo=25665`. error=No measurements found for PointID: SM-0036
SM-0055|Equipment|RecordingInterval|Estimated recording interval=4 hour. Is this correct?
SM-0055|Equipment|RecordingInterval|Estimated recording interval=4 hour. Is this correct?
SM-0055|Equipment|RecordingInterval|name=136, row.SerialNo=DXT-1715. error=No measurements found for PointID: SM-0055
SM-0055|Equipment|RecordingInterval|Estimated recording interval=6 hour. Is this correct?
SM-0086|Equipment|RecordingInterval|Estimated recording interval=4 hour. Is this correct?
SM-0136|Equipment|RecordingInterval|name=454, row.SerialNo=25666. error=No measurements found for PointID: SM-0136
SM-0232|Equipment|RecordingInterval|Estimated recording interval=9 hour. Is this correct?
SM-0235|Equipment|RecordingInterval|Estimated recording interval=15 hour. Is this correct?
SM-0235|Equipment|RecordingInterval|Estimated recording interval=15 hour. Is this correct?
SM-0243|Equipment|RecordingInterval|Estimated recording interval=2 hour. Is this correct?
SM-0246|Equipment|RecordingInterval|Estimated recording interval=2 hour. Is this correct?
SM-0246|Equipment|RecordingInterval|Estimated recording interval=6 hour. Is this correct?
SM-0257|Equipment|RecordingInterval|Estimated recording interval=5 hour. Is this correct?
SM-0257|Equipment|RecordingInterval|Estimated recording interval=1 hour. Is this correct?
SM-0257|Equipment|RecordingInterval|Estimated recording interval=1 hour. Is this correct?
SM-0257|Equipment|DateInstalled|row.SerialNo=B5546. Installation Date cannot be None
SM-0258|Equipment|RecordingInterval|Estimated recording interval=4 hour. Is this correct?
SM-0258|Equipment|RecordingInterval|Estimated recording interval=1 hour. Is this correct?
SM-0258|Equipment|RecordingInterval|Estimated recording interval=1 hour. Is this correct?
SM-0259|Equipment|RecordingInterval|name=17, row.SerialNo=B5546. error=No measurements found for PointID: SM-0259
SM-0259|Equipment|RecordingInterval|Estimated recording interval=2 hour. Is this correct?
SM-0260|Equipment|RecordingInterval|name=11, row.SerialNo=B6835. error=No measurements found for PointID: SM-0260
SM-0260|Equipment|RecordingInterval|name=190, row.SerialNo=A8779. error=No measurements found for PointID: SM-0260
SM-0260|Equipment|RecordingInterval|name=18, row.SerialNo=D9005. error=No measurements found for PointID: SM-0260
SM-0261|Equipment|RecordingInterval|name=191, row.SerialNo=B6838. error=No measurements found for PointID: SM-0261
SO-0125|Equipment|RecordingInterval|Estimated recording interval=2 hour. Is this correct?
SO-0125|Equipment|RecordingInterval|name=955, row.SerialNo=2432033. error=No measurements found for PointID: SO-0125
SO-0125|Equipment|RecordingInterval|name=992, row.SerialNo=DL16322. error=No measurements found for PointID: SO-0125
SO-0129|Equipment|RecordingInterval|Estimated recording interval=3 hour. Is this correct?
SO-0131|Equipment|RecordingInterval|name=956, row.SerialNo=2432032. error=No measurements found for PointID: SO-0131
SO-0131|Equipment|RecordingInterval|name=993, row.SerialNo=DL16358. error=No measurements found for PointID: SO-0131
SO-0131|Equipment|RecordingInterval|Estimated recording interval=2 hour. Is this correct?
SO-0140|Equipment|RecordingInterval|name=994, row.SerialNo=DL16210. error=No measurements found for PointID: SO-0140
SO-0140|Equipment|RecordingInterval|name=1026, row.SerialNo=FB466. error=No measurements found for PointID: SO-0140
SO-0140|Equipment|RecordingInterval|name=957, row.SerialNo=2321004. error=No measurements found for PointID: SO-0140
SO-0142|Equipment|RecordingInterval|name=995, row.SerialNo=DL16331. error=No measurements found for PointID: SO-0142
SO-0142|Equipment|RecordingInterval|name=714, row.SerialNo=AK438. error=No measurements found for PointID: SO-0142
SO-0142|Equipment|RecordingInterval|name=958, row.SerialNo=2321005. error=No measurements found for PointID: SO-0142
SO-0144|Equipment|RecordingInterval|name=469, row.SerialNo=BA545. error=No measurements found for PointID: SO-0144
SO-0144|Equipment|RecordingInterval|name=959, row.SerialNo=2144006. error=No measurements found for PointID: SO-0144
SO-0144|Equipment|RecordingInterval|name=996, row.SerialNo=DL16492. error=No measurements found for PointID: SO-0144
SO-0145|Equipment|RecordingInterval|name=1029, row.SerialNo=BB047. error=No measurements found for PointID: SO-0145
SO-0145|Equipment|RecordingInterval|name=960, row.SerialNo=2420014. error=No measurements found for PointID: SO-0145
SO-0146|Equipment|RecordingInterval|name=1030, row.SerialNo=FB467. error=No measurements found for PointID: SO-0146
SO-0146|Equipment|RecordingInterval|name=997, row.SerialNo=DL16206. error=No measurements found for PointID: SO-0146
SO-0146|Equipment|RecordingInterval|name=961, row.SerialNo=2144009. error=No measurements found for PointID: SO-0146
SO-0148|Equipment|RecordingInterval|name=998, row.SerialNo=DL16318. error=No measurements found for PointID: SO-0148
SO-0148|Equipment|RecordingInterval|name=1031, row.SerialNo=FB469. error=No measurements found for PointID: SO-0148
SO-0148|Equipment|RecordingInterval|name=962, row.SerialNo=2432031. error=No measurements found for PointID: SO-0148
SO-0160|Equipment|RecordingInterval|name=963, row.SerialNo=2432029. error=No measurements found for PointID: SO-0160
SO-0160|Equipment|RecordingInterval|name=1032, row.SerialNo=FB470. error=No measurements found for PointID: SO-0160
SO-0160|Equipment|RecordingInterval|name=999, row.SerialNo=DL16312. error=No measurements found for PointID: SO-0160
SO-0163|Equipment|RecordingInterval|name=1033, row.SerialNo=FB472. error=No measurements found for PointID: SO-0163
SO-0163|Equipment|RecordingInterval|name=1000, row.SerialNo=DL16324. error=No measurements found for PointID: SO-0163
SO-0163|Equipment|RecordingInterval|name=964, row.SerialNo=2432034. error=No measurements found for PointID: SO-0163
SO-0165|Equipment|RecordingInterval|name=1001, row.SerialNo=DL16489. error=No measurements found for PointID: SO-0165
SO-0165|Equipment|RecordingInterval|name=1034, row.SerialNo=FB474. error=No measurements found for PointID: SO-0165
SO-0165|Equipment|RecordingInterval|name=965, row.SerialNo=2144010. error=No measurements found for PointID: SO-0165
SO-0166|Equipment|RecordingInterval|name=966, row.SerialNo=2420008. error=No measurements found for PointID: SO-0166
SO-0166|Equipment|RecordingInterval|name=1035, row.SerialNo=FB473. error=No measurements found for PointID: SO-0166
SO-0167|Equipment|RecordingInterval|Estimated recording interval=30 minute. Is this correct?
SO-0167|Equipment|RecordingInterval|Estimated recording interval=2 hour. Is this correct?
SO-0167|Equipment|RecordingInterval|name=967, row.SerialNo=2144008. error=No measurements found for PointID: SO-0167
SO-0167|Equipment|RecordingInterval|name=1002, row.SerialNo=DL16309. error=No measurements found for PointID: SO-0167
SO-0167|Equipment|RecordingInterval|Estimated recording interval=2 hour. Is this correct?
SO-0168|Equipment|DateInstalled|Estimated installation date=2016-07-08. Is this correct?
SO-0168|Equipment|RecordingInterval|Estimated recording interval=2 hour. Is this correct?
SO-0169|Equipment|RecordingInterval|Estimated recording interval=3 hour. Is this correct?
SO-0169|Equipment|DateInstalled|Estimated installation date=2021-01-06. Is this correct?
SO-0169|Equipment|RecordingInterval|Estimated recording interval=3 hour. Is this correct?
SO-0170|Equipment|RecordingInterval|Estimated recording interval=2 hour. Is this correct?
SO-0170|Equipment|RecordingInterval|Estimated recording interval=2 hour. Is this correct?
SO-0170|Equipment|RecordingInterval|name=1003, row.SerialNo=DL16327. error=No measurements found for PointID: SO-0170
SO-0170|Equipment|RecordingInterval|name=968, row.SerialNo=2144007. error=No measurements found for PointID: SO-0170
SO-0171|Equipment|RecordingInterval|Estimated recording interval=2 hour. Is this correct?
SO-0175|Equipment|RecordingInterval|name=1004, row.SerialNo=DL16355. error=No measurements found for PointID: SO-0175
SO-0175|Equipment|RecordingInterval|name=1038, row.SerialNo=AK511. error=No measurements found for PointID: SO-0175
SO-0175|Equipment|RecordingInterval|name=969, row.SerialNo=2321010. error=No measurements found for PointID: SO-0175
SO-0177|Equipment|RecordingInterval|name=1005, row.SerialNo=DL16317. error=No measurements found for PointID: SO-0177
SO-0177|Equipment|RecordingInterval|name=1039, row.SerialNo=BK307. error=No measurements found for PointID: SO-0177
SO-0177|Equipment|RecordingInterval|name=970, row.SerialNo=2321009. error=No measurements found for PointID: SO-0177
SO-0189|Equipment|RecordingInterval|name=971, row.SerialNo=2321011. error=No measurements found for PointID: SO-0189
SO-0189|Equipment|RecordingInterval|name=1006, row.SerialNo=DL16493. error=No measurements found for PointID: SO-0189
SO-0189|Equipment|RecordingInterval|name=1040, row.SerialNo=AF158. error=No measurements found for PointID: SO-0189
SO-0190|Equipment|RecordingInterval|name=851, row.SerialNo=AK454. error=No measurements found for PointID: SO-0190
SO-0190|Equipment|RecordingInterval|name=972, row.SerialNo=2420012. error=No measurements found for PointID: SO-0190
SO-0191|Equipment|RecordingInterval|name=973, row.SerialNo=2144005. error=No measurements found for PointID: SO-0191
SO-0191|Equipment|RecordingInterval|name=1007, row.SerialNo=DL16198. error=No measurements found for PointID: SO-0191
SO-0191|Equipment|RecordingInterval|name=1042, row.SerialNo=FB439. error=No measurements found for PointID: SO-0191
SO-0194|Equipment|RecordingInterval|name=1008, row.SerialNo=DL16316. error=No measurements found for PointID: SO-0194
SO-0194|Equipment|RecordingInterval|name=974, row.SerialNo=2420009. error=No measurements found for PointID: SO-0194
SO-0194|Equipment|RecordingInterval|name=1043, row.SerialNo=FB442. error=No measurements found for PointID: SO-0194
SO-0200|Equipment|RecordingInterval|name=1009, row.SerialNo=DL16656. error=No measurements found for PointID: SO-0200
SO-0200|Equipment|RecordingInterval|name=1044, row.SerialNo=FB433. error=No measurements found for PointID: SO-0200
SO-0200|Equipment|RecordingInterval|name=975, row.SerialNo=2144003. error=No measurements found for PointID: SO-0200
SO-0204|Equipment|RecordingInterval|name=1010, row.SerialNo=DL16297. error=No measurements found for PointID: SO-0204
SO-0204|Equipment|RecordingInterval|name=1045, row.SerialNo=FB436. error=No measurements found for PointID: SO-0204
SO-0204|Equipment|RecordingInterval|name=976, row.SerialNo=2144004. error=No measurements found for PointID: SO-0204
SO-0213|Equipment|RecordingInterval|Estimated recording interval=2 hour. Is this correct?
SO-0213|Equipment|RecordingInterval|name=977, row.SerialNo=2321017. error=No measurements found for PointID: SO-0213
SO-0213|Equipment|RecordingInterval|name=1011, row.SerialNo=DL16361. error=No measurements found for PointID: SO-0213
SO-0215|Equipment|RecordingInterval|name=978, row.SerialNo=2321001. error=No measurements found for PointID: SO-0215
SO-0215|Equipment|RecordingInterval|Estimated recording interval=2 hour. Is this correct?
SO-0215|Equipment|RecordingInterval|name=1012, row.SerialNo=DL16631. error=No measurements found for PointID: SO-0215
SO-0218|Equipment|RecordingInterval|Estimated recording interval=2 hour. Is this correct?
SO-0219|Equipment|RecordingInterval|name=979, row.SerialNo=2321014. error=No measurements found for PointID: SO-0219
SO-0219|Equipment|RecordingInterval|Estimated recording interval=16 minute. Is this correct?
SO-0219|Equipment|RecordingInterval|name=1013, row.SerialNo=DL16308. error=No measurements found for PointID: SO-0219
SO-0221|Equipment|RecordingInterval|name=980, row.SerialNo=2321016. error=No measurements found for PointID: SO-0221
SO-0221|Equipment|RecordingInterval|Estimated recording interval=2 hour. Is this correct?
SO-0221|Equipment|RecordingInterval|name=1014, row.SerialNo=DL16222. error=No measurements found for PointID: SO-0221
SO-0223|Equipment|RecordingInterval|name=1015, row.SerialNo=DL16491. error=No measurements found for PointID: SO-0223
SO-0223|Equipment|RecordingInterval|name=981, row.SerialNo=2321008. error=No measurements found for PointID: SO-0223
SO-0223|Equipment|RecordingInterval|Estimated recording interval=2 hour. Is this correct?
SO-0224|Equipment|RecordingInterval|name=982, row.SerialNo=2420011. error=No measurements found for PointID: SO-0224
SO-0224|Equipment|RecordingInterval|name=1051, row.SerialNo=FB585. error=No measurements found for PointID: SO-0224
SO-0226|Equipment|RecordingInterval|Estimated recording interval=2 hour. Is this correct?
SO-0226|Equipment|RecordingInterval|Estimated recording interval=2 hour. Is this correct?
SO-0226|Equipment|RecordingInterval|name=983, row.SerialNo=2321007. error=No measurements found for PointID: SO-0226
SO-0226|Equipment|RecordingInterval|name=1016, row.SerialNo=DL16230. error=No measurements found for PointID: SO-0226
SO-0234|Equipment|RecordingInterval|name=1017, row.SerialNo=DL16319. error=No measurements found for PointID: SO-0234
SO-0234|Equipment|RecordingInterval|name=984, row.SerialNo=2321006. error=No measurements found for PointID: SO-0234
SO-0234|Equipment|RecordingInterval|Estimated recording interval=3 hour. Is this correct?
SO-0236|Equipment|RecordingInterval|Estimated recording interval=3 hour. Is this correct?
SO-0236|Equipment|RecordingInterval|name=985, row.SerialNo=23210015. error=No measurements found for PointID: SO-0236
SO-0236|Equipment|RecordingInterval|name=1018, row.SerialNo=DL16291. error=No measurements found for PointID: SO-0236
SO-0238|Equipment|RecordingInterval|name=1019, row.SerialNo=DL16321. error=No measurements found for PointID: SO-0238
SO-0238|Equipment|RecordingInterval|name=1055, row.SerialNo=FB405. error=No measurements found for PointID: SO-0238
SO-0238|Equipment|RecordingInterval|name=986, row.SerialNo=2321003. error=No measurements found for PointID: SO-0238
SO-0245|Equipment|RecordingInterval|Estimated recording interval=54 minute. Is this correct?
SO-0245|Equipment|RecordingInterval|Estimated recording interval=24 minute. Is this correct?
SO-0245|Equipment|RecordingInterval|name=1020, row.SerialNo=DL16660. error=No measurements found for PointID: SO-0245
SO-0245|Equipment|RecordingInterval|name=987, row.SerialNo=2420017. error=No measurements found for PointID: SO-0245
SO-0245|Equipment|DateInstalled|Estimated installation date=2017-08-03. Is this correct?
SO-0245|Equipment|RecordingInterval|Estimated recording interval=16 minute. Is this correct?
SO-0246|Equipment|RecordingInterval|Estimated recording interval=31 minute. Is this correct?
SO-0246|Equipment|DateInstalled|Estimated installation date=2016-07-23. Is this correct?
SO-0246|Equipment|RecordingInterval|Estimated recording interval=17 minute. Is this correct?
SO-0247|Equipment|RecordingInterval|name=1057, row.SerialNo=FB487. error=No measurements found for PointID: SO-0247
SO-0247|Equipment|RecordingInterval|name=988, row.SerialNo=2321013. error=No measurements found for PointID: SO-0247
SO-0247|Equipment|RecordingInterval|name=1021, row.SerialNo=DL16362. error=No measurements found for PointID: SO-0247
SO-0249|Equipment|RecordingInterval|name=1058, row.SerialNo=FB491. error=No measurements found for PointID: SO-0249
SO-0249|Equipment|RecordingInterval|name=989, row.SerialNo=2321012. error=No measurements found for PointID: SO-0249
SO-0249|Equipment|RecordingInterval|name=1022, row.SerialNo=DL16490. error=No measurements found for PointID: SO-0249
SO-0250|Equipment|RecordingInterval|Estimated recording interval=2 hour. Is this correct?
SO-0250|Equipment|RecordingInterval|Estimated recording interval=28 minute. Is this correct?
SO-0250|Equipment|RecordingInterval|name=1023, row.SerialNo=DL16323. error=No measurements found for PointID: SO-0250
SO-0250|Equipment|RecordingInterval|name=990, row.SerialNo=2321002. error=No measurements found for PointID: SO-0250
SO-0250|Equipment|RecordingInterval|Estimated recording interval=2 hour. Is this correct?
SO-0252|Equipment|DateInstalled|Estimated installation date=2016-07-23. Is this correct?
SO-0252|Equipment|RecordingInterval|Estimated recording interval=16 minute. Is this correct?
SO-0253|Equipment|RecordingInterval|Estimated recording interval=2 hour. Is this correct?
SO-0254|Equipment|RecordingInterval|Estimated recording interval=2 hour. Is this correct?
SO-0261|Equipment|RecordingInterval|name=1060, row.SerialNo=FB512. error=No measurements found for PointID: SO-0261
SO-0261|Equipment|RecordingInterval|name=991, row.SerialNo=2420013. error=No measurements found for PointID: SO-0261
SO-0262|Equipment|DateInstalled|row.SerialNo=9763371. Installation Date cannot be None
SO-0264|Equipment|DateInstalled|row.SerialNo=9716383. Installation Date cannot be None
SO-0265|Equipment|DateInstalled|Estimated installation date=2018-01-12. Is this correct?
SO-0265|Equipment|RecordingInterval|Estimated recording interval=2 hour. Is this correct?
SO-0268|Equipment|DateInstalled|row.SerialNo=9763372. Installation Date cannot be None
SO-0269|Equipment|DateInstalled|row.SerialNo=9763368. Installation Date cannot be None
SO-0271|Equipment|DateInstalled|row.SerialNo=9763366. Installation Date cannot be None
SO-0274|Equipment|DateInstalled|row.SerialNo=9763369. Installation Date cannot be None
TB-0002|Equipment|RecordingInterval|Estimated recording interval=2 hour. Is this correct?
TB-0037|Equipment|RecordingInterval|Estimated recording interval=2 hour. Is this correct?
TB-0044|Equipment|RecordingInterval|Estimated recording interval=4 hour. Is this correct?
TB-0055|Equipment|RecordingInterval|Estimated recording interval=5 hour. Is this correct?
TB-0059|Equipment|RecordingInterval|Estimated recording interval=5 hour. Is this correct?
TB-0066|Equipment|RecordingInterval|name=445, row.SerialNo=C1362. error=No measurements found for PointID: TB-0066
TB-0066|Equipment|RecordingInterval|name=446, row.SerialNo=78529. error=No measurements found for PointID: TB-0066
TB-0071|Equipment|RecordingInterval|Estimated recording interval=14 hour. Is this correct?
TB-0071|Equipment|RecordingInterval|Estimated recording interval=4 hour. Is this correct?
TB-0203|Equipment|RecordingInterval|Estimated recording interval=4 hour. Is this correct?
TB-0212|Equipment|RecordingInterval|Estimated recording interval=4 hour. Is this correct?
TB-0213|Equipment|RecordingInterval|Estimated recording interval=4 hour. Is this correct?
TV-156|Equipment|RecordingInterval|Estimated recording interval=12 hour. Is this correct?
TV-167|Equipment|RecordingInterval|Estimated recording interval=13 hour. Is this correct?
TV-192|Equipment|RecordingInterval|name=16, row.SerialNo=G1234. error=No measurements found for PointID: TV-192
TV-192|Equipment|RecordingInterval|Estimated recording interval=12 hour. Is this correct?
TV-196|Equipment|RecordingInterval|Estimated recording interval=12 hour. Is this correct?
TV-210|Equipment|RecordingInterval|name=465, row.SerialNo=D2267. error=No measurements found for PointID: TV-210
TV-211|Equipment|RecordingInterval|Estimated recording interval=12 hour. Is this correct?
TV-216|Equipment|RecordingInterval|name=216, row.SerialNo=K2619. error=No measurements found for PointID: TV-216
TV-216|Equipment|RecordingInterval|name=9, row.SerialNo=H3690. error=No measurements found for PointID: TV-216
TV-216|Equipment|RecordingInterval|name=528, row.SerialNo=F4204. error=No measurements found for PointID: TV-216
TV-216|Equipment|RecordingInterval|name=40, row.SerialNo=G1186. error=No measurements found for PointID: TV-216
TV-216|Equipment|RecordingInterval|name=42, row.SerialNo=J3409. error=No measurements found for PointID: TV-216
TV-216|Equipment|RecordingInterval|name=39, row.SerialNo=G1208. error=No measurements found for PointID: TV-216
TV-217|Equipment|RecordingInterval|name=59, row.SerialNo=K2177. error=No measurements found for PointID: TV-217
TV-218|Equipment|RecordingInterval|name=28, row.SerialNo=77862. error=No measurements found for PointID: TV-218
TV-234|Equipment|RecordingInterval|Estimated recording interval=12 hour. Is this correct?
TV-234|Equipment|RecordingInterval|Estimated recording interval=12 hour. Is this correct?
TV-235|Equipment|RecordingInterval|name=8, row.SerialNo=G1557. error=No measurements found for PointID: TV-235
TV-235|Equipment|RecordingInterval|name=39, row.SerialNo=G1208. error=No measurements found for PointID: TV-235
WL-0002|Equipment|RecordingInterval|Estimated recording interval=15 hour. Is this correct?
WL-0003|Equipment|RecordingInterval|name=317, row.SerialNo=1JPXV9L7. error=No measurements found for PointID: WL-0003
WL-0036|Equipment|RecordingInterval|Estimated recording interval=2 hour. Is this correct?
WL-0080|Equipment|RecordingInterval|Estimated recording interval=9 hour. Is this correct?
WS-007|Equipment|RecordingInterval|Estimated recording interval=57 minute. Is this correct?
WS-007|Equipment|RecordingInterval|Estimated recording interval=2 hour. Is this correct?
WS-008|Equipment|RecordingInterval|Estimated recording interval=2 hour. Is this correct?
WS-009|Equipment|RecordingInterval|Estimated recording interval=2 hour. Is this correct?
WS-010|Equipment|RecordingInterval|name=200, row.SerialNo=10299447. error=No measurements found for PointID: WS-010
WS-010|Equipment|RecordingInterval|Estimated recording interval=2 hour. Is this correct?
WS-012|Equipment|RecordingInterval|Estimated recording interval=2 hour. Is this correct?
WS-018|Equipment|RecordingInterval|Estimated recording interval=50 minute. Is this correct?

Pressure Transducer|2540888|2230281|1850423|17.031844866185022
PointID|Table|Field|Error
SO-0216|WaterLevelsContinuous_Pressure|DateMeasured|no deployments
AR-0059|WaterLevelsContinuous_Pressure|DateMeasured|no deployment between 2017-06-06 17:00:00 and 2017-06-06 23:00:00
AR-0110|WaterLevelsContinuous_Pressure|DateMeasured|no deployment between 2016-11-21 08:00:00 and 2016-11-21 23:00:00
AR-0208|WaterLevelsContinuous_Pressure|DateMeasured|no deployment between 2016-01-27 12:00:00 and 2016-01-27 12:00:00
AR-0212|WaterLevelsContinuous_Pressure|DateMeasured|no deployment between 2017-06-06 17:00:00 and 2019-04-03 06:00:00
QU-106|WaterLevelsContinuous_Pressure|DateMeasured|no deployment between 2013-08-31 00:00:00 and 2013-09-12 18:00:00
SM-0015|WaterLevelsContinuous_Pressure|DateMeasured|no deployment between 2009-11-09 12:00:00 and 2012-11-28 12:00:00
SM-0026|WaterLevelsContinuous_Pressure|DateMeasured|no deployment between 2009-11-09 12:00:00 and 2012-11-28 06:00:00
SM-0055|WaterLevelsContinuous_Pressure|DateMeasured|no deployment between 2012-12-08 00:00:00 and 2014-01-23 12:00:00
SM-0086|WaterLevelsContinuous_Pressure|DateMeasured|no deployment between 2009-08-11 13:15:00 and 2009-12-18 11:45:00
SM-0232|WaterLevelsContinuous_Pressure|DateMeasured|no deployment between 2009-11-15 00:00:00 and 2014-11-28 18:00:00
SM-0246|WaterLevelsContinuous_Pressure|DateMeasured|no deployment between 2009-11-09 18:00:00 and 2012-12-24 18:00:00
SO-0132|WaterLevelsContinuous_Pressure|DateMeasured|no deployment between 2021-02-08 18:00:00 and 2022-02-19 12:00:00
SO-0219|WaterLevelsContinuous_Pressure|DateMeasured|no deployment between 2021-09-07 15:45:00 and 2022-08-03 14:15:00
TB-0071|WaterLevelsContinuous_Pressure|DateMeasured|no deployment between 2009-09-10 15:00:00 and 2010-02-20 06:00:00
TV-221|WaterLevelsContinuous_Pressure|DateMeasured|no deployment between 2012-11-10 00:00:00 and 2012-11-12 12:00:00
TV-222|WaterLevelsContinuous_Pressure|DateMeasured|no deployment between 2012-11-10 00:00:00 and 2012-11-12 12:00:00
WS-007|WaterLevelsContinuous_Pressure|DateMeasured|no deployment between 2009-08-18 19:09:00 and 2010-01-06 23:09:00
WS-010|WaterLevelsContinuous_Pressure|DateMeasured|no deployment between 2009-08-06 23:38:00 and 2010-01-06 23:38:00

Acoustic Sounder|485263|467199|394086|15.649220139597903
PointID|Table|Field|Error
WL-0037|WaterLevelsContinuous_Acoustic|DateMeasured|no deployments
WL-0001|WaterLevelsContinuous_Acoustic|DateMeasured|no deployment between 2022-01-29 00:06:00 and 2025-02-05 17:33:44
WL-0058|WaterLevelsContinuous_Acoustic|DateMeasured|no deployment between 2018-04-07 15:33:45 and 2018-06-11 14:25:12
WL-0064|WaterLevelsContinuous_Acoustic|DateMeasured|no deployment between 2019-10-09 00:44:00 and 2020-06-09 22:35:00
WL-0151|WaterLevelsContinuous_Acoustic|DateMeasured|no deployment between 2019-02-28 03:53:24 and 2019-03-20 11:31:58
WL-0187|WaterLevelsContinuous_Acoustic|DateMeasured|no deployment between 2021-04-29 04:37:00 and 2024-10-19 00:22:02

